id,comment,task1,task2,task3
2501,Yo soy aromático y el panadero pansexual💀,Non Support,No,No
1157,"Jssjjajas soy pan pero mis padres quieren que sea hetero :""D",Non Support,No,No
2819,claro la religion gana porque DIOS es vida fuerza y  fortaleza asi que para la loca safada agatha DIOS existe,Support,Group,Religion
963,Con el respeto que se merecen solo tiene que haber dos géneros lo demás es distorcionar la realidad,Non Support,No,No
584,"Ahora veo que la cuestión del género es más cosa como de personalidad y costumbres, ¿no?... Yo creía que era hetero pero ahora resulta que soy Ginosexual.",Support,Group,LGBTQ
614,Yo soy un procesador intel i3 🗿👌,Non Support,No,No
2624,"Vivo en la ciudad de Nueva York y ahora entiendo lo que pasa en Europa, Nueva York es más justo el gobierno americano podrán decir lo que quieran  de USA pero en Estados Unidos de America existe la igualdad  es una realidad.",Non Support,No,No
197,Para nosotros eres oro Haidde,Support,Individual,No
2167,Y yo me llamo Mercedes,Non Support,No,No
2692,No es color de la piel es la actitud ante la vida,Non Support,No,No
982,ame el : en mis tiempos a eso se le llamaba querer a alguien jsjs,Non Support,No,No
2600,".. El pensamiento de la mexicana... Quien diría que extranjera, mamitaa.... La frase de ""no quieren quitarse el velo"" es genial, jajjaja",Non Support,No,No
2900,yo estudie una ingeniería siendo cristiana y no la termine porque no quise y ahora estudio medicina veterinaria y no me causa ningún conflicto,Non Support,No,No
15,Muchas gracias  claro sports por traernos a estos verdaderos heroes,Support,Group,Other
1205,Soy Asexual 😁,Non Support,No,No
2236,Podrán hablar de mi Serie Favorita Mazinger Z,Non Support,No,No
381,"Con tantas divisiones y etiquetas, pues ya ni se 😅... jajaja...
Digamos que soy un ser vivo que vino a amar y ser amado ❤
¡ Viva la Diversidad !",Non Support,No,No
2856,Man podes hablar acerca de la evolucion osea aspecto cientifico y religioso,Non Support,No,No
2571,"wow,cuantas enfermedades,espero se curen pronto.Debe ser muy dificil vivir con una enfermedad como esa 💔",Non Support,No,No
1919,"Solo existen dos géneros



Es humor banda, pero si quieren no es humor xd",Non Support,No,No
1173,"Yo soy Megaetero, Like si tú también",Non Support,No,No
2046,Orgullo el día de la mujer XD,Non Support,No,No
1618,yo soy bisexual y sali delcloset,Non Support,No,No
1124,Bisexual pero también cisgenero,Non Support,No,No
1461,"A mí no me vengan con mamadas porque los géneros son para la música, no para los humanos",Non Support,No,No
2489,"Hagan un video sobre la Asexualidad y el Arromantisismo 
:b",Non Support,No,No
2271,Desde cuando los fetiches se celebran? Cuando es el mes de las patas entonces? 😂😂😂😂😂😂,Non Support,No,No
1913,Que pena de un buen yotuber,Non Support,No,No
2765,"solo estoy aquí por mi clase de religión, pero que basura de video.",Non Support,No,No
2755,"Yo cada vez me educo y creo mas en la doctrina de mi catolicismo. Además porque en ella esta mi Virgen Madre María la mujer que escogió Dios para ser su madre, nuestra intercesora. No saben lo que se pierden quien no creen en ella y su mediación. GLORIA A DIOS !!!",Support,Group,Religion
1407,tambien soy sapiosexual,Non Support,No,No
1513,yo soy homosexual,Non Support,No,No
2910,"creo que algunos no entendieron el mensaje y sigue como idiotas peleándose....

Religioso Ama a tu progimo.
Ateo o Agnostico aste valer como persona teniendo respeto.",Non Support,No,No
322,"Con garra y ganas, lo que salga, pero con el triunfo mucho mejor, ojalá les siga llendo bien, la suerte está con ellas y eso es un plus que se debe aprovechar",Support,Group,Women
3245,Excelente recuperar la Memoria de la Comunidad Negra de Alemania!,Support,Group,Black Community
3021,bueno yo sigo teniendo una duda específicamente ¿que aportes a dejado la religion? cabe mencionar que yo soy cristiano y apenas me estoy acercando a cristo y no entendido que ah dejado de importante la religión alguien me podría aclarar mi duda? ¿CUALES SON VERDADERAMENTE LOS APORTES MAS IMPORTANTES QUE HAYA DEJADO LA RELIGION?,Non Support,No,No
1085,solo existen dos,Non Support,No,No
685,"""Poliamoroso"": Las parejas que tienen muchas parejas

💀💀💀💀💀💀💀💀💀💀💀💀💀💀💀💀💀💀💀💀💀💀💀💀💀",Non Support,No,No
1532,"De seguro, o quien sabe, como mi comentario es de los desconocidos, de seguro van a llegar luego los chabones que dicen ""tipico chavo/a lgtb por moda"" pero bueno, yo todavia no conozco mis gustos hacia las personas, solamente me han gustado 3 chamacos, 2 en el kinder y 1 en la primaria,  pero ahora que estoy en la adolecencia no llego a saber que es lo que en realidad me gusta, porque ningun chico o chica me llama la atencion, que lo llegue a querer.  Estoy realmente confundia, porque ademas de eso me gustaria ser chico, pero tambien chica. Realmente rara que soy D:

Si, de seguro escribi mal el LBGT o LGTB la verdad me confundo mucho.",Non Support,No,No
1964,"Estoy tan alegre que la nueva película de PIXAR haya fracasado, por imponer la idiología la comunidad LGBTQ+ , esa no es una película para adultos, menos para niños. Porqué quieren imponer su idiología a la fuerza a lo niños.
Esa comunidad no respeta.
El respeto no se exige, el respeto se gana.
Mis hijos los educo yo.









Que YHWH Les Den Infinitas Bendiciones Sí Es Su Voluntad.",Non Support,No,No
937,Hetero sexual pero apoyo a todos los demas,Support,Group,LGBTQ
1233,Yo antes no estaba segura de mi orientación sexual y después fui creciendo y me di cuenta que soy pansexual 👁👄👁,Non Support,No,No
1642,feliz dia del orgullo <3,Support,Group,LGBTQ
1100,"Soy bisexual y mis madres ya lo saben y me apoyan(si cuando digo madres,es porq mi madre q me tuvo es lesbiana y tiene una pareja mujer,q la pareja me crió desde q tengo 5 años y la llamo mamá)gracias por hacer este vídeo,yo quería aprender pero no encontraba vídeos tan bien explicados como el tuyo♡👏👏",Non Support,No,No
2868,"Es por personas como esta que la gente sigue pendeja.
¿De cuando acá la ciencia y la religión van de la mano? ¿De donde voy a sacar mi ciencia? ¿De la biblia? Jajaja 
Amigo, la religión por muchos años oprimio a la gente que se atrevió a cuestionar sus creencias... Si por la religión fuera, seguiríamos en la época de las cavernas pensando que la tierra es plana.",Non Support,No,No
2324,Entonces soy de género no conforme?😮,Non Support,No,No
2688,La qué habla del ballet se llama biología señores,Non Support,No,No
1190,"De que sirve que por cada particularidad física o de carácter nos inventamos un género nuevo?
Existen hombres y mujeres, todos somos diferentes entre nosotros, y no seras menos hombre o menos mujeres, por mucho que te esfuerces, porque o eres uno o eres el otro
Diganme su opinión, estoy abierto a escuchar lo que piensan",Non Support,No,No
2480,"Cómo dijo mi gran y sabio abuelo 
Generos hay muchos sexos solo hay 2",Non Support,No,No
1019,MAMA nos volvimos pokemones,Non Support,No,No
1586,Acabo de darme cuenta q soy bisexual 😮,Non Support,No,No
1958,wtf los compro disney,Non Support,No,No
2186,Porfin un video sobre la comunidad q incluye a los no binarios y lo explica,Support,Group,LGBTQ
1802,Y alosexual,Non Support,No,No
624,"Si a una mujer le gustan todos los generos ""pansexual"" menos los hombres ¿se contaria como una mujer lesbiana o una mujer pansexual?",Non Support,No,No
1535,Ase un año me enteré de la comunidad LGBT antes creía que mi vesino era estrabagante a hora se que era travesti,Non Support,No,No
2907,Cada vez hay más maldad en el mundo por falta de fe en Dios,Support,Group,Religion
3056,"Pienso que científicos creyentes como ateos han aportado para el avance de la ciencia, independiente de la creencia de cada quien la ciencia en este sentido es imparcial.",Non Support,No,No
1650,"Morra random:soy trans

Yo:solo existen dos géneros 

Ella: no es cierto hay más de dos géneros bla bla

Yo:dios solo creo dos géneros 😎",Non Support,No,No
2983,"me alegra no ser el único salvadoreño en escuchar al doctor Craig, Dios lo está usando mucho en este ministerio. Te felicito a vos tambien Carlos, saludos!",Non Support,No,No
2089,"generos antes: hombre y mujer
generos ahora: hombre y mujer 







xd",Non Support,No,No
752,yo soy transexual pero mi familia no lo acepta más que mis hermanos y mis sobrinas pero para mi eso es suficiente los quiero ❤,Non Support,No,No
57,"Todo lo que esperaba para estos juegos olimpicos era ver mi bandera en la cima y escuchar el himno, yo creí que no lo escucharía pero si y estoy muy feliz.😁",Support,Group,Nation
303,"La verdad juegan muy bien, felicidades y sigan adelante con humildad pero con mucha decisión!!",Support,Group,Other
1302,Soy hombre y también heterosexual pero medio curiosidad el video,Non Support,No,No
1431,solo dos generos el resto son orientaciones,Non Support,No,No
1677,Los aún no binario o algunos de esos tantos en sexos pues entonces si los confundes te llevan a la cárcel Dios no seáis tontos el mundo se va a la suite Dios tía y no sé porque esto tiene tantos leyes 😠😠😠😡,Non Support,No,No
1578,Yo soy un chico Cis genero y Pansexual y respeto a las personas de otro genero o orientacion sexual,Support,Group,LGBTQ
1959,Podrían hacer un draw my life de Elon Musk,Non Support,No,No
2211,¡Madre mía! Hay q hacer un máster pa entender todo esto... demasiado moderno para mi,Non Support,No,No
973,Como La Pepsi dijo Los géneros son para la música no para las personas 🤑,Non Support,No,No
1330,Solo hay dos generos y soporta lo demas es solo atraccion hacia personas de tu mismo genero y si si esta mal ser de otro supuesto genero porque naciste siendo mujer o hombre y no lo puedes cambiar 👁️👄👁️💅 y soporta,Non Support,No,No
2082,"O naces hombre o naces mujer, TikTak Draw.",Non Support,No,No
2354,Tanta wea solo para decir que eres gay👽,Non Support,No,No
912,"Soy hombre, hetero y creyente (esto último en verdad no tiene nada q ver con esto xD) pero weno, gran video, muy bien explicado, y pues eso, el respeto hacia los demás, independientemente de la orientación, es lo más importante 👍👍",Support,Group,LGBTQ
1397,Creo que soy demisexual,Non Support,No,No
0,Un orgullo nacional Gloria Zarza! Felicidades!,Support,Individual,No
2436,"Yo me considero como genero no binario, en pocas palabras soy un tanque sovietico",Non Support,No,No
785,Yo soy pansexual y poliamoroso por que me enamoro de hasta una mosca y tengo muchas parejas ala vez._.,Non Support,No,No
2697,"Yo siempre he visto discriminación no sólo en México, si no en Cuba de múltiples formas, no sólo en las que se explican en este documental, si no en los juegos y los chistes que se hacen unos a otros, etc.. Así como en los prestadores de servicios, donde el que atiende tiende a ser una persona de fenotipo ""blanco"" mientras que los ""afros"" (como dicen el documental no debemos de hablar de colores) siempre están realizando trabajos con menos jerarquía dentro de la estructura de las labores que se realizan. Insisito, en México es el mismo problema.",Support,Group,Black Community
949,Gay o bi alguna de esas soy,Non Support,No,No
1570,No mames ni q fueran Pokémon,Non Support,No,No
2413,"Solo hay 2 generos, punto final🧐🧐🧐",Non Support,No,No
1599,"Soy lesbiana,,, por desgracia 😞",Non Support,No,No
2701,Bancos para los de color negro y restaurant solo para blancos. Mi pobre abuela y sus 6 hermanas por ser mulatas aun ni con dinero podian pasar por el parque Agramonte en Camaguey ni ir a los bailes sociales. De eso casi nadie habla habia tremenda segregacion y racismo. Ella me hacia los cuentos y yo no lo entendia. EPD,Non Support,No,No
1816,Yo soy trans (nací siendo mujer pero yo me siento hombre),Non Support,No,No
3072,"Juntemos a los mas grandes lideres religiosos con unos cuantos científicos y que obtendremos la tercer guerra mundial o una nueva era oscurantista.
Juntemos a varios cientificos y filosofos que obtendremos mas respuestas y análisis coherentes.

El problema no radica en si existe o no existe Dios el problema es el fanatismo religioso por medio del cual todos se arrancan el pelo discutiendo sobre quien tiene la verdad sin permitirse aceptar que cada quien es libre de pensar y crear el lo que mejor le paresca... El ser humano en pleno uso de sus facultades mentales tiene la capacidad de dejarse de idioteces, como qui pripisito tengo? o pir qui istoy aqui?... eso es absurdo por que van a haber 8 mil millones de organismos vivos con un proposito definido, el unico proposito real es vivir y hacer el bien a nuestros semejantes cuidar nuestro planeta por que nadie va a venir de algun rincon del universo a regalarnos otra roca vegetada, ese quiza es nuestro proposito y nuestra unica razon de estar aqui y es por la que menos se preocupan.",Non Support,No,No
3124,"desde mi punto de.vista, la religion y la ciencia son cosas muy diferentes y no pueden ir juntas.
¿por que?
Religion: ve algo que no entiende y crea a un dios para justificar su origen y proposito, obligando a los demas a pensar igual y quedarse encerrados en el mismo pensamiento
Ciencia: ve algo que no entiende y plantea una hipotesis, investiga hasta hayar una conclusion, para poder determinar su origen y proposito",Non Support,No,No
1569,"sinceramenyte yo soy bisexual, hasta ahora no le digo a mi madre",Non Support,No,No
2682,"colombia pais racista ,clasista e hipocrita. la gente no lo entendera pero significa no sentirse comodo en ninguna parte y desconfiar de todos,burlas,ser tenido como menos inteligente,ladron y todo lo malo ,asi como se puede sentirse en comunidad alguien y sentir amor por alguien diferente a ti, si siempre esperas ser rechazado de algun modo",Non Support,No,No
2363,se nos cayo un idolo,Non Support,No,No
1117,En mis tiempos eso era querer a alguien xD,Non Support,No,No
986,Yo soy Bi pero nunca saldre del closet supongo pero es porque no soy un genero fluido xD,Non Support,No,No
1316,Descubrí que soy pansexual,Non Support,No,No
985,"A ver… tengo 11 años y soy bisexual,  me gustan 2 amigas mías y un chico en mi salón aunque no se si este mal que sea LGBT",Support,Group,LGBTQ
731,"Soy entré Pansexual y Asexual, lo de Pansexual esq no me importa q genero o sexo sean las personas que me ""gusten"",  asexual no esq no me gusten si no que es como un amor "" falso"" y ""confundido"" pero luego me ""enamoro"" de otro y pues se me hace ya complicado y resulta que es por su belleza y lo lindo, asique quiero saber cual es mi sexualidad :( por mientras yo digo q soy entre Pansexual y asexual",Non Support,No,No
2903,Querido el arte nos ha aportado muchas cosas asi que tu supuesta comparacion con las matematicas y arte no vale v: bai,Non Support,No,No
1517,Sii >:) Me encantó el video porque apesar de que soy hetero los apoyo mucho pero no se si les digo a mis padres porqie creo que ellos no los apoyan pero de mi lado tiene todo mi apoyo >:),Support,Group,LGBTQ
2800,En la iglesia cristiana evangélica también han ocurrido milagros,Non Support,No,No
332,5:44 primera vez que el palo nos ayuda xd,Non Support,No,No
1255,Autosexual porque me gustan los carros,Non Support,No,No
1719,son  orientaciones no géneros,Non Support,No,No
1912,🌈FELIZ DÍA DEL ORGULLO LGBT🏳️‍🌈,Support,Group,LGBTQ
2432,Orgulloso de ser heterosexual.,Non Support,No,No
1189,Autosexual se me hace es cuando un hombre se pajea a muerte xD,Non Support,No,No
875,Soy hetero 🗿🗿🗿🔱,Non Support,No,No
511,soy feliz de ser grisexual 💜🤍🖤🏳️‍🌈,Non Support,Group,LGBTQ
2384,😊🏳️‍🌈😊,Support,Group,LGBTQ
2929,"Es mas, solo pónganse a pensar en que es la religión, es la peor basura jamás inventada, pero esa basura tuvo éxito, convenció a todo el mundo de que ahí arriba hay un tipo invisible que controla todo lo que haces y qué pese a su voluntad nosotros debemos castigar a los homosexuales, la gente que no cree en el debe ser torturada y/o asesinada... ah pero eso era antes, ahora la religión se ve obligada gracias a que la gente ya no es tan idiota, a no poder cometer ninguno de esos actos. La religión no es más que un gran negocio que se lleva millones y millones todos los años. Porque al parecer dios necesita de tu dinero. Y aún hay gente que cree en esto, y se atreve a compararlo con la CIENCIA, no, pero como la sociedad avanza y ya salio de la etapa medieval en la que se creían cualquier cosa que un idiota con ganas de hacer dinero les dijera, ya cada vez son menos los religiosos y llegara un día en que este gran negocio, genocida, violador, llegue a su fin. PENOSO VIDEO Y CONTENIDO ESTE CANAL",Non Support,No,No
3014,"Yo soy química & cristiana, me gusta la ciencia pero tengo fe en Cristo.",Non Support,No,No
2091,"Solo hay dos géneros, punto😶",Non Support,No,No
1889,Yo soy un helicoptero apache,Non Support,No,No
850,"Yo me identifico con bisexual 
💟💟💟💟💟💟💟💟💟💟💟
💜💜💜💜💜💜💜💜💜💜💜
💙💙💙💙💙💙💙💙💙💙💙",Support,Group,LGBTQ
2234,Dios solo dijo cree a la mujer y hombres y .,Non Support,No,No
3147,"Filosofía no es Igual a ateísmo.
",Non Support,No,No
540,"Osea que si un tio le gusta los femboys, en verdad no es gay sino ginosexual? XD",Non Support,No,No
288,"Sigan así muchachas, con todo el 6 de septiembre contra Colombia ahora!",Support,Group,Women
2245,🌈🚫🌈🚫🌈🚫😡,Non Support,No,No
882,"Al principio pensaba q era arromantica, ahora soy pansexual pero a la vez otros pero esq AAAAAAA NO SE",Non Support,No,No
348,El femenil juega mejor que el de los hombres 😂😂,Support,Group,Women
1349,Soy poliamorosa XD tengo 98 crush 🤠👍,Non Support,No,No
2452,Yo soy un vaso de agua 😃,Non Support,No,No
1321,Me siento mujer bro estoy dudando mucho siento que si soy hombre o mujer  y mucho temor tengo en contarle a mi familia porque todos son homofóbicos aveces no encuentro alquien que me apoye,Non Support,No,No
1416,"Tantas cosas 🤯
Pero nadie puede discutir la realidad es que solo hay dos géneros ya lo otro solo lo ha inventado el ser humano.

De verdad como vamos van a ver mas banderas de estas que de Países 😂.

Y ojo no significa que yo este encontra pero la verdad ya estan exagerado con tanta cosas.",Non Support,No,No
2031,Yo nací en el más del orgullo,Non Support,No,No
2230,Yo pensaba que solo existían 2 géneros,Non Support,No,No
2581,"Naturaleza: Dos sexos: machos y hembras

Sociedad: Genero: hombres y mujeres 

Mi expresión: masculino o femenino.

Puedo ser un macho, que se viste como mujer y es femenino, listo.",Non Support,No,No
1990,*Dos géneros ✌*,Non Support,No,No
3053,Donde Termina la Razón... Comienza la Fe .....,Non Support,No,No
2507,Osea un montón de esrupideces,Non Support,No,No
2294,No importa con que se identifique la gente; yo odio a todos por igual,Non Support,No,No
1194,Xd pensé que era hetero pero soy pansexual,Non Support,No,No
486,"Yo soy sexy.
Y PUNTO.
Gracias",Non Support,No,No
3022,"Dios,es una fuerza mas grande que todas las cosas que decies los cientificos,se a comprovado que cientificos no afirman que Dios no existe,realmente se trata de ti ? realmente existe? te lo preguntas miles y millones de veces,pero tener fe y esperanza te hace creer mas alla de lo que estes pasando,cuando lo necesitas y lloras suplicas que todo salga bien x o y situacion el ESTA HAY' ..",Non Support,No,No
2342,"Me dan miedo la gente de los comentarios, ew.",Non Support,No,No
69,Felicidades Gloria es un orgullo para todos los Mexicanos,Support,Individual,No
1530,Nuevo sub por cierto soy bisexual también,Support,Individual,No
448,"Acá los pansexuales 🥳
👇",Non Support,No,No
2953,"Buenos puntos, pero siguiendo esa misma lógica de quien gana y quien no por ser más útil, digamos que en graaaan parte de los casos siempre ganará la ciencia. Si estás sufriendo una enfermedad que necesita ser tratada urgente, irás al médico o pedirás que hagan cadenas de oraciones para que te cures por el poder del Espíritu Santo? Pues que si eres un hombre o mujer de mucha fe cristiana deberías inclinarte por la segunda opción (?) pero el sentido común de cualquier persona dirá que vayas al doctor y este te recete medicamentos o hasta quizás tendrás que pasar por una operación. En la Edad Media la gente moría por enfermedades que hoy nos hacen apenas cosquillas, como un resfriado común, antes de la penicilina esto era así, y me refería a la Edad Media porque no se supone todo giraba en Dios y solo la fe en este ser debió ser suficiente para apalear todas esas perdidas? ",Non Support,No,No
627,Sin hate yo se que soy HETERO 🏴🏳️🏴🏳️🏴🏳️🏴🏳️,Non Support,No,No
1858,"El género no existe en humanos y animales, solo el sexo",Non Support,No,No
1389,Yo leí el título como: las oraciones y los géneros 😃👍,Non Support,No,No
1329,"No creo que eso valla a funcionar, por mucho que el sistema quiera implantarlo, una de las causas es que es  muy complicado",Non Support,No,No
1450,2:42 modo lectura XD,Non Support,No,No
541,Emmm normalmente dicen que cuantos mas etiquetas mas diversidad. Pero y si decimos q somos seres humanos? Lo que tenemos que hacer es aceptarnos cuales somos sin importar nada mas que como eres como ser humano y por nada mas!!!,Non Support,No,No
2183,"Amiga has cambiado, te explico cuando yo era un niño solía pensar que tú eras cool ;(",Non Support,No,No
136,Yo con lagrimas en los ojos de escuchar el himno de mi país,Non Support,No,No
2801,"Podrían explicar por qué los judíos están equivocados al negar a Jesucristo
Y por qué ellos y los hermanos separados adoran a Israel (estado) como santo y elegido??
Por favor",Non Support,No,No
804,Diache y yo aquí a ni me decido si son hetero bisexual género fluido o sea me gustan los hombres pero no me moles o me incomoda estar con una mujer pero bueno el tiempo lo desidiya después de todo todavía tengo 11,Non Support,No,No
1828,"Si decis que no sos binario estas aceptando que existen dos sexos... por ende perteneces a uno de los dos, toda una paradoja.",Non Support,No,No
2456,"A mí me parece que usar la palabra ""queer"" para definirse a un@ mism@ está bien, ya que puede ser una buena forma de empoderarse y usar esa palabra que han usado para humillarnos, darle la vuelta y mostrar que no nos sentimos avergonzad@s de ser lo que somos. Que intenten utilizar una palabra que simplemente significa que nos salimos del binarismo de género y la heterosexualidad como insulto me parece absurdo porque no es un insulto real, ya que no es algo malo. Sin embargo, creo que no sería muy correcto usar esta palabra para señalar a otra persona, ya que es igual que usar la palabra que empieza por ""m"" y termina por ""n"". Yo la uso para empoderarme, pero much@s pueden sentirse mal si se les señala de esa forma. Así que debería un@ preguntarle a otr@ si se siente cómod@ con esa palabra o no antes de usarla. Espero que mi comentario pueda ayudarles a usar estas palabras con otras personas sin ofenderles :)",Support,Group,LGBTQ
2736,lo ultimo es mentira por que dios dice en los mandamientos . no tendras dioses ajenos delante de mi,Non Support,No,No
1516,"Antes estaba indecisa entre pansexual y asexual, porque si bien nunca había sentido atracción por alguien de mi mismo género, parecía algo posible para mí, porque cuando llegué a sentir atracción (de verdad) por alguien de mi sexo opuesto, fueron bastante banales, por eso no descartaba la idea que alguien de mi mismo sexo me atrajera, pero hace muchos años que no había sentido atracción por alguien en lo absoluto, así que conservaba esas 2 posibilidades. Conocí la orientación de ""Demisexual"" y me identifico como demisexual, cumple con mis características...
Parece absurdo, como lo dijo ""En mis tiempos se llamaba querer a alguien"" y sí, pero les puedo decir, que, por ejemplo, mi percepción física de las personas depende de cómo son, por eso es prácticamente imposible que yo me fijé en alguien en la calle o algo así, el chico más popular y ""guapo"" de la escuela, para mí no significa nada porque no lo conozco, no puedo generar ningún tipo de atracción por alguien del que no sé cómo es, y si alguien es lind@, pero hace algo cruel, o que simplemente no vaya conmigo, deja de figurar en lo absoluto, las cosas que antes me parecían lindas, ahora son lo contrario, y me deja ver muchos más defectos que antes podía no notar, al grado de ni siquiera poder destacar a esa persona dentro de un grupo de más personas desconocidas. También lo de la atracción sexual es algo que no logró con alguien que no me gusta y para que alguien me guste necesito un vínculo emocional, por lo que puede ser el género que sea, necesito encontrar a una personalidad atractiva y solo así me puede gustar alguien y con eso tener atracción sexual, así que es algo difícil conseguirla, por eso es algo muy cercano a ser asexual.
En fin, podría seguir escribiendo, pero el caso es que ser ""Demisexual"" solo me sirve para encasillar una serie de cosas que siempre he pasado/sido, desde mucho antes de conocer la definición ;)",Non Support,No,No
650,"1:20 Lo que acabas de decir es algo totalmente incorrecto , los pansexuales no le gustan todos los generos, si no que ellos  les puede atraer alguien sin importar su identidad. Ññññ",Non Support,No,No
1541,"Yo soy Transgénero y Gay :3 pero me dicen que tengo vos de niña para ser niño, mí pelo es para nada largo y me dicen ""nieta"" ""amiga"" ""compañera"" ""prima"" :(",Non Support,No,No
2189,❤️🏳️‍🌈,Support,Group,LGBTQ
1198,y lo promicuridas k bandera es?,Non Support,No,No
1458,"hola soy Ana y soy una persona genero fluido, no binario o bigenero la verdad no se que soy ya que a veces suelo fluir pero luego me siento ambos y luego no me siento nada aunque biologicamente sea chica, alguien sabe que demonios soy?

y sobre la orientacion soy pansexual ya que como fluyo como hombre soy hetero pero cuando fluyo con mujer soy lesbiana y tambien cuando soy bigenero o no binario ps lo mas logico es ser bi o genero ya que no sabria si soy hetero o lesbiana a y por cierto tambien soy asexual o algo parecido :>",Non Support,No,No
2309,SSUS VIDEOS SON REBUENO PRERO YA LA CAGARON,Non Support,No,No
611,soy pansexual no binario <3,Support,Group,LGBTQ
2398,"me siento identificado con un porche carrera GT con nitroso que sirve para impulsarte en las carreras, para poder recargarla deberías llegar a una velocidad máxima de 209 KM o derrapando.
El Porsche carrera GT sirve en pruebas de derrapes, carreras de circuito y carreras de velocidad maxima",Non Support,No,No
247,Como simpre los paralímpicos  si ganan oro y más medallas los otros solo van a pasear,Support,Group,Other
3146,"Si no existiera la religión, no habría controversias :) 

-- Ea obvio que por propia integridad física, pocos científicos se atrevieron a expresar abiertamente sus creencias religiosas durante los siglos XVI-XVIII.
--Lo que tu llamas ""seculares"" en realidad fueron los ""positivistas"", que por cierto jamás se opusieron a la religión, más bien creyeron que la ciencia y la técnica eran necesarias para alcanzar la felicidad humana. 
--Las universidades que citas son increíblemente viejas (casi mil años), por lo que desde su fundación se crearon como Universidades en donde se incluía a la religión como parte de su materia de estudio.",Non Support,No,No
789,yo soy mujer pero me gusta mas que me traten como hombre (trans) y respeto cualquier otra opinion y orientacion sexual por igual.,Support,Group,LGBTQ
3250,"No le crean nada a ge Éste hereje, cuando vengan los siete jinetes del apocalipsis, y la segunda venida de Nuestro Señor, este hereje va a ser el primero que va a estar chillando y suplicando por una vida eterna, Ahorita muy avalentonado con su video y su discurso de qué Dios no existe, de YouTube, pero ya lo quiero ver rogándole a Nuestro Señor Dios padre todopoderoso.",Support,Group,Religion
2215,Este tipo de videos no me importan lo más mínimo,Non Support,No,No
2037,🏳️‍🌈❤,Support,Group,LGBTQ
2068,Ok pero mimos ya sé acabo el mes de la lgbtq porque todavía tienen esa foto de perfil,Non Support,No,No
1276,Soy heterosexual :D pero apoyo y respeto a la comunidad,Support,Group,LGBTQ
2506,"Mi sexo: femenino
Mi genero: femenino
Mi identidad: demichica
Sexualidad: aroace",Non Support,No,No
1209,Yo soy pansexsual y genero no binario espero que mis apas lo entiendan pero  weno nací haci xd :>,Non Support,No,No
2219,Bueno si hacen video de esto espero que tambie  lo hagan mañana,Non Support,No,No
22,"*Mexicanos despertemos y también APOYEMOS A NUESTROS ATLETAS PARALÍMPICOS!!!*
*VIVA GLORIA ZARZA!!!*
🇲🇽🇲🇽🇲🇽",Support,Group,Other
1060,"género: No binario
orientación sexual: Pansexual 
nomás voy a la panadería de la esquine y me caliento xdxdxd",Non Support,No,No
1674,"Si soy de género masculino, me comporto y me acepto como varón , me gustan las mujeres.... Que vendría a ser?????🤷🏻‍♂️🤷🏻‍♂️🤔🤔",Non Support,No,No
3229,Siempre con la Hispanidad! Viva Mexico!! 🇪🇦❤🇲🇽,Support,Group,Nation
772,Yo soy género fluido por que parezco hombre y mujer 😐 mis compañeros no saben ni mi genero,Non Support,No,No
2344,"La unica pregunta que ahy es ...

QUIEN MRD APROBO LAS ORIENTACIÓNES",Non Support,No,No
3023,eeyyy estudio fisica me gustaria saber como se relaciona con la particula de Dios :O genial!,Non Support,No,No
2225,Yo me identifico con una PS2 y me gustan los móviles Nokia,Non Support,No,No
327,Vamos muchachas que ustedes pueden darle alegría al país nacional mexicano porque México si es potencia en fútbol pero na más en las puras mujeres y ahorita ya las mujeres dominan el ámbito deportivo si antes na más era para hombres ahora las mujeres se chingan a los hombres en deportes y eso va por el fútbol y vamos chicas que yo tengo mucha fe en ustedes y si llegan a semifinal seria algo asombroso para la liga mx femenil demostrar garra y pasión por el deporte y mucho amor a la camiseta verde y si la selección mexicana mayor varonil no da ni una ni otra pues la selección mexicana mayor femenil esa si tiene poderío y más en las selecciones menores más mujeres que hombres por mucho y decir siempre y más en este mes de septiembre viva México cabrones....👏👏🙌🙌💪💪💯💯💥💥🔥🔥⚡️⚡️....⚽️⚽️🏆🏆🥇🥇🏅🏅🎖🎖⭐️⭐️🌟🌟🏟🏟🥅🥅🧤🧤....🇲🇽🇲🇽🇲🇽🇲🇽,Support,Group,Women
2226,"Feliz día del Orgullo!!!!🏳️‍🌈🏳️‍🌈
Vamos LGBTQ+ Son de lo mejor
Y también los heteros respetuosos 🦊🏳️‍🌈",Support,Group,LGBTQ
351,bien jugado  chicas aho 😊,Support,Group,Women
1948,Vine a aprender y termine más confundida a como estaba hace 4 minutos jajahah.,Non Support,No,No
2065,Jaja gay,Non Support,No,No
1095,soy bisexual y tan bien me gusta sapiosexual osea que me gustan los inteligentes,Non Support,No,No
1289,Géneros : musica 🤑,Non Support,No,No
2097,Yo soy transforme de autos,Non Support,No,No
831,"Mujer lesbiana
 ¡Y ORGULLOSA DE LO QUE SOY!",Support,Group,LGBTQ
1714,Me siento identificado como un helicóptero apache ruso,Non Support,No,No
3005,Carlos me gustaría saber que vos pensas de los dones espirituales? En especial Don de lenguas y de profecia????????,Non Support,No,No
3099,dile esas cosas sobre el propósito de la vida a un perro el te ignoraba y seguirá con su vida,Non Support,No,No
1005,Mi pregunta es y esto de que sirve. Si bien entiendo que no todos amamos de la misma manera separarnos o clasificarnos por gustos subjetivos es confuso es incoherente y innecesario  en lugar de preocuparnos por esto hay cuestiones en este mundo que merecen más la pena preocuparse,Non Support,No,No
270,"Que orgullo de atletas, muchas felicidades 🇲🇽",Support,Group,Other
2686,"No se pronuncia balet se pronuncia baley y se 
Escribe ballet",Non Support,No,No
1730,"Uno es hombre o mujer, no hay mucha vuelta más para dar 😅",Non Support,No,No
1013,Soy bisexual y mi género yo que se,Non Support,No,No
2406,Esto es bueno tiktakers pero lo que yo pensaba que nos ibas a contar el color de todas las banderas del orgullo lo que representan y lo que significan los colores y los diseños no podrían contar sobre eo en el siguiente vídeo,Non Support,No,No
1863,yo viendo el video para reirme:,Non Support,No,No
550,Que viva el orgullo 🏳️‍🌈😊,Support,Group,LGBTQ
1971,"Madre mía, normal que los niños de ahora salgan tan perdidos, les enseñan estás tonterías y se imaginan de todo, dios mío esto tiene que parar",Non Support,No,No
449,Woooooo! Fui el priemro,Non Support,Group,LGBTQ
382,Hay dos sexos y un montón de diferentes tipos de homosexuales...,Non Support,Group,LGBTQ
2150,POR DIOS SOLO AY 3 GENEROS  HOMBRE MUJER Y NO BINARIO LO DEMAS SOLO ES ESPECIFICACIONES SEXUALES,Non Support,No,No
367,Oegullosa de ser chica trans,Support,Group,LGBTQ
2599,"En realidad no hay que cuestionar a los franceses, ellos son blancos desde siglos y tienen sus costumbres, si tu familia o tu has ido a Francia debes adaptarte a ellos, racismo es otra cosa, es directamente que no te dejen entrar al país y Francia si lo hace, pero acepta sus reglas, tu fuiste a Francia y es su casa, lo de ser francés o no, eso lo reconoceran con el tiempo con otras generaciones, no es lo mismo que los países de América donde son todos iguales aunque hay racismo pero por parte de las oligarquias, pero Francia no es América, es un país milenario y uno debe adaptarse, no tiene nada de malo que te pregunten de donde eres porque la verdad es que un francés originario es blanco, entonces es normal que te pregunten con respeto, yo contestaria soy de familia Marroquí pero yo nací acá y mis costumbres son francesas.",Non Support,No,No
1217,Me gustan las mujeres,Non Support,No,No
1369,"“En mis tiempos, eso se le llamaba querer a alguien” jajajjaj me mató❤😂😂😂😂😂😂",Non Support,No,No
2620,"El final esta genial; GRACIAS, ME HA GUSTADO MUCHO LAS PREGUNTAS Y LAS REPUESTAS. HA SIDO UN PLACER!!!",Non Support,No,No
2297,*Nunca toman en cuenta a los asexualed 😔👊*,Non Support,No,No
2592,Me gustaban más los draw de Creepypastas. Ahora solo suben videos sobre política sexual,Non Support,No,No
2017,Zzz,Non Support,No,No
1064,"Yo en mi caso:
Sexo: Hombre
Orientacion: Heterosexual
Segun yo quedaria asi por q toda mi vida me eh enamorado de solo mujeres.",Non Support,No,No
2787,"Ser cristiano SI totalmente, pero el catolicismo deja mucho que desear, hay cosas que no concuerdan con esta religion, cosas que espantan de hecho al analizarles, ..y eso no me hace dejar de ser cristiano. Amo a Dios verdadero, Cristo.",Non Support,No,No
2511,Tienes razón pero no es bueno esa comunidad LGTA,Non Support,No,No
99,"Es muy triste ver como las cadenas de noticias y el mismo gobierno no dan la misma propaganda a los atletas pralimpicos, ellos siempre se llevan más medallas para el país",Support,Group,Other
452,Orgulloso de ser genosexual y Transexual 👊🤩,Non Support,No,No
2554,esto me ayudo mucho con mis dudas de sexualidad y confianza y e llegado a mi conclucion de que soy bisexual o que me gustan ambos generos🥰⚧🏳‍🌈,Non Support,No,No
1979,Nooo tu eras mi idolo 😿,Non Support,No,No
2722,"En mi pensamiento lógico he llegado muchas veces a la conclusión de que dios existe pero no desde una religión, simplemente la mayoria de los religiosos han sido heredados religiosamente por padres o abuelos.",Non Support,No,No
302,"Un juego mediocre, mediocre, mediocre. 😢",Non Support,No,No
1766,Ahh que mal ...,Non Support,No,No
711,Yoy soy homosexual,Non Support,No,No
1696,"Puras manadas cada vez se inventan más cosas, solo existe el hombre y la mujer así se crearon y no hay cambios confórmenme con lo que tienen",Non Support,No,No
1273,chico y bisexual,Non Support,No,No
1970,"Bueno, a seguir siendo hetero 👍",Non Support,No,No
3104,"2:50 dices que no todas las religiones pueden ser ciertas que te hace creer que la cristiana es la correcta
y si bien kepler, pasteur o otros cientificos fueron religiosos no significa que ellos puedan tener la razon
Detodos cada quien se cree su propia no verdad, por que no creo tener la razón
Sigue con tus videos",Non Support,No,No
822,"yo soy hetero, pero respeto cualquier género, está obvio que cada uno se siente como quiere.",Support,Group,LGBTQ
2103,Género es lo mismo que sexo lo que tú te refieres a género es la orientación sexual,Non Support,No,No
2038,por eso vean haroo 🤑,Non Support,No,No
1992,Los colores de las gemas del infinito de Marvel son las mismas que los de la bandera LGBT y hay una diferencia de 6 años a favor de Marvel. No sé si habrá derechos de autor por el uso de los colores pero de haberlos en cualquier momento pueden denunciar esto,Non Support,No,No
2400,Con este video y la investigación que lleve a cabo ya me siento más relajadx y comodx con lo que siento,Non Support,No,No
2069,🇩🇪🇩🇪🇩🇪🇩🇪🇩🇪,Non Support,No,No
2809,"La catolica es un invento del hombre,",Non Support,No,No
1413,Soy un femboy que en sus tiempos libres se convierte en una chica gigante bisexual.,Non Support,No,No
993,Yo soy gay y me siento orgulloso de serlo amo tus videos,Support,Group,LGBTQ
635,"Hola, me encantan tus videos, no soy vieja pero así me siento y la verdad no entiendo nada 🙃 🤷 y este video me ayuda un poco, además amo todos tus videos 💕 TE AMO!!!",Non Support,No,No
2993,También opino que haya una segunda parte,Non Support,No,No
2310,Aqui los que apoyan a los LGTB,Support,Group,LGBTQ
2006,"Y como clasifico si me identifico como un taladro craftman T-900, de 1000 revoluciones por minuto? Me siento excluido, hay q cancelar este video😡😡🤬",Non Support,No,No
921,"Neutro, Bear, chanmander, Snorlax, picachu, dragón blanco de ojos azules.",Non Support,No,No
2886,"les reto a hacer algo cuando alguien tenga una enfermedad terminal en igual de ir ala medicina (rama de la ciencia) limítense  solo a rezar veamos si así se salvan entonces si se salvan siéntanse en todo el derecho de decir '' me salve gracias a dios'' no obstante si se salvan gracias ala medicina moderna entonces no fue a dios sino a las investigaciones y a los avances de la medicina 
religión 0
ciencia 6655645354761838 
no sean doble moral .",Support,Group,Other
74,"Sus lanzamientos fueron muy fuertes y potentes, rebasó los 8 metros y se quedó a muy poco del récord mundial",Support,Individual,No
2293,"¡Me encanta que hagan este tipo de videos sobre el pride!, y me encanta que incluyan el género!! 💛🤍💜🖤",Support,Group,LGBTQ
3013,*Dios♡ es amor algunas personas dicen no creer en Dios♡ hesas personas jamas han sentido el amor saludos a todos*,Non Support,No,No
3061,"la religion y la ciencia no trabajan juntas,algunas personas toman en cuenta las dos no por eso trabajan juntas. la religión muchas veces a impedido la ciencia y ninguna vez la ha impulsado. además no pueden trabajar juntas si se contradicen por ejemplos en el creacionismo y la evolución",Non Support,No,No
2252,"BASTA RE AMO ALKSHDFGHHÑSHJDHÑGHJS
Aporcierto, algo que creo que es digno de mencion es el demigenero, donde te sientes parcialmente un genero :D
Atte: Una demichica ^^",Non Support,No,No
1692,No me imagino que mas  van a inventar dentro de 100 años,Non Support,No,No
2490,"Honestamente me parece que solo debería existir la...
Asexulidad
Demisexual
Homosexualidad
Lesbianismo
Heterosexualidad
Bisexualidad
Los demás son simples géneros que buscan llamar la atención, en pocas palabras, basura.",Non Support,No,No
1726,El chavo del 8 ya explico q existen dos géneros y punto,Non Support,No,No
602,"Yo a ti te veo por kwai y me caes muy bien<3, eres super basado",Support,Individual,No
770,Bueno y descubrí que mi hermana es bisexual por que tiene su novio pero se da un beso en la voca con una mujer y su novio si así es y que mi amiga es lesbiana meló dijo y pus nose no la agonada y nose quien me mata si descubre que soy Bisexual y género fluido🏳️‍🌈❤️,Non Support,No,No
945,Soy hetero pero lala vez bicexual sin bargo  pocas veces me gustan las chicas pero deque me gusta me gusta ❤️,Non Support,No,No
286,"Ellas si representan a las mujeres, no como gala y su cuadrito de ansiedad 🤣",Support,Group,Women
1149,"Creo ser bisexual, género fluido",Non Support,No,No
1022,LIKE si los heteros deben de ser E T E R N O S!!!!,Non Support,No,No
1378,"Arro/ ace :3❤
Que no siente atracción ni sexual ni romantica, pero puede sentir cariño hacia otr@s personas no es un mounstro sin sentimientos jsjs",Non Support,No,No
1529,Bueno este video me servirá para saber todas las banderas de orientación sexual,Non Support,No,No
1062,"Noooo gente soy sapiosexual, pansexual y género fluido 😭",Non Support,No,No
1222,"te falto ekhuedgfadfsudgfkuarkugfgyuadygielhlchualudbucglidfblriufirlhgigibrwhghwfandklmalk,lañlñlkahdkdjfjikrfsexual",Non Support,No,No
1258,"Soy un hombre Trangénero, por lo que nací mujer pero no me identifico como una, también soy Pansexual.",Non Support,No,No
2433,Tanto material sólo para terminar con que: los no binarios son los nuevos blankkkos privilegiados.,Non Support,No,No
3116,Albert Einstein Reconoció a lo largo de su vida que el basto universo debía tener un diseñador una fuerza superior  y aún Darwin el fundador de  El Origen De Las Especies Admitió En Sus investigaciones que había cosas que quedarían sin explicar y que todo lo creado no podía surgir de la casualidad que debía haber un ser superior que lo haya creado....,Support,Group,Religion
2135,Puras webadas,Non Support,No,No
1580,Quiero saber xq mi amiga hace dos dias me dijo que era homosexual y tengo dudas,Non Support,No,No
1065,"Mi opinión
A eres gay, bueno 
*Se va porque le chupa un huevo*
En fin lo suponia",Non Support,No,No
2493,Soy una chancla xd,Non Support,No,No
1972,Acá 28 de junio día del heterosexual 🧐💪 además mi papá y yo quemamos una bandera LGBT viva los heteros 💪🧐🤝,Non Support,No,No
223,"A ver si aprenden aquellos atletas que lo tienen todo y no ganan nada por su mala disciplina,y por cientos de pretextos que ponen, "" es que no tenemos dinero, es que no tenemos equipo para entrenar ,es que no me sentía bien osea puros pretextos tienen""!! 
Y los ATLETAS PARALÍMPICOS con sus discapacidades físicas ,NO TIENEN DISCAPACIDAD MENTAL Y SALEN ADELANTE !! GANAN MEDALLAS PARA NUESTRO PAIS SIN PRETEXTOS! PERO ESO SÍ CON MUCHA GARRA , CORAZÓN,ALMA, ESPÍRITU FUERTE Y MUCHA PASIÓN POR SU DEPORTE ❤❤❤❤ GRACIAS PRECIOSA AIDEE!!!",Support,Group,Other
440,Saludos para todas todos y todes yo me identifico cómo mujer trans y me gusta respetar a todo género cada quien es feliz cómo le guste mientras no ofendamos a nadie creó qué todo esta bien he tenido propuestas con menores de edad pero éso no va con migo éso se llama respetó Saludos,Non Support,No,No
2392,ME DESUSCRIBO💀☠☠☠,Non Support,No,No
138,Grandioso,Non Support,No,No
456,"Woooww!!! Tantas ""sexualidades"" creadas en tan poco tiempo... no me imagino en otros 20 años la cantidad de géneros que seguirán saliendo.",Non Support,No,No
1290,le hubieran puesto otro nombre asi me habria dado cuenta que soy pansexual y dejaria de hacer ese chiste pendejo que me culeo panes,Non Support,No,No
2120,Yo veo el perfil: se me cayó un ídolo,Non Support,No,No
2744,Vete a la mierda los dos el islam es la religión verdadera me da igual es que sois tontos católicos son muñecos y además el Jesús es el profeta de Allah,Support,Group,Religion
1751,la gente que te hace bullying quiere que pierdas tu identidad como hombre o mujer seguns ea el caso. no permitas que te confundan,Non Support,No,No
1006,"Soy genero fluido! Y mi orientacion sexual es Demisexual uwu. Es mas complejo que explicar de lo que parece... pero es mas bien como necesitar sentirse comodo o haberte ""unido"" de alguna manera especial para sentir ganas de mantener relaciones.. ojo, eso no quiere decir que no pueda atraerme fisicamente alguien, puedes decir que te gusta alguien fisica o mentalmente pero es imposible para mi imaginarme con tal persona teniendo relaciones ya que ese gusto sexual no existe... Es por eso que entra dentro de la asexualidad y no es tan simple como querer a alguien :') porque a veces a la gente que quiero no la siento fuertemente unida a mi como para tener algun tipo de relacion sexual, pero igual la quiero(?...",Non Support,No,No
2683,"Si todos fuéramos iguales la polémica  dejaría de existir . Es casual el prejuicio a los negros ###??? o hay algo de objetivo al convivir con ellos en sociedad  y en ciudades ?? por que los rumores de la sociedad casi en todo su conjunto habla mal de "" casi "" todos ellos ?? sera que es fantasía lo que experimentan ##??  , Si se niega que hay racismo contra ellos es una hipocresía de la sociedad cualquiera sea esta , y si la sociedad habla francamente de el por que de su racismo se le condena y hay veces se les sanciona moralmente , o como en USA que es una infracción legal hablar sobre ellos ,  el problema sigue hay racismo escondido pero lo hay ,  como sociedad todos tienen que hacerse esa pregunta y resolverlo , estoy en contra del racismo soy humanista , puedo dar mi punto de vista científico pero cuba tiene los suyos  así que tienen que abordarlo academicamente .",Support,Group,Black Community
2816,La ciencia es como un alivio temporal y la religión eterna-espiritual,Support,Group,Religion
2136,"Humano: ey zombie
Zombie: ???
Humano: ¿cuantos géneros existen?
Zombie: dos...
Humano: oh,el zombie todo un capo
Zombie: aaamm",Non Support,No,No
123,pero narren con más ganas cabrones es oro,Non Support,No,No
1127,"El objetivo de todos estos movimientos progres (ideologia de genero + feminismo) desde mi opinión  es debilitar a la sociedad de la siguiente manera :
1. Atacando a la familia tradicional como núcleo de la sociedad.
2. Atacar la masculinidad como pilar de poder físico y rebeldía.
3. Dividiéndola, generando conflictos artificiales entre sus miembros, dando privilegios a mujeres y grupos LGTB y discriminando a los hombres heterosexuales.
4. Empequeñeciéndola. Al desmotivar las relaciones heterosexuales y fomentar la homosexualidad, bajando las tasas de natalidad.
5. Confundiendo y pervirtiendo a los niños al fomentar educación sexual que fomente la sexualidad temprana y la pederastía, fomentando adicionalmente el trasvestismo y la homosexualidad.
Todo este ataque aunado a los tóxicos y venenos  que inyectan en nuestra comida y agua. Es lo que se esta viendo: los hombres cada vez tienen menos concentración de testosterona y se esta bajando los niveles de fertilidad.",Non Support,No,No
905,soy mas bollera que un bollo :D,Non Support,No,No
1725,Me ha encantado el video!! Imposible explicarlo mejor. Gracias!! ❤️‍🩹,Support,Individual,No
597,Yo todavía  estoy dudando si soy ase-aro o ace pero ahora me indentifico con ase-aro y un poquito de ace pero cuando tengo vinculo fuerte con alguien es  Demisexual  (es muy raro pero bueno también tengo que seguir explorado mi sexualidad),Support,Group,LGBTQ
1134,"Yo tengo una duda, toda la vida me han gustado hombres pero justo en este año 2024 a los 19 años me enamore y estoy enamprada de una chica tomboy y lo peor es que me siento medio mal ya que no me habia pasado esto antes y si le salgo a mi familia con novia voy a ser la desonrha de la familia, pero algunos adultos me dicen que es que estoy confundida ya que ni si quiera he tenido novio.",Non Support,No,No
3162,"Jajajaj, en serio? La súper pregunta que vos usas de ""¿Cual es mi propósito aquí en la tierra?"" Que refuta el ""ateísmo científico"" fue respondido hace mucho tiempo con el nihilismo.",Non Support,No,No
2291,"Yo naci y me identifico como mujer, aunque soy algo masculina",Non Support,No,No
2689,"El único pais del mundo 🌍 que no existe el racismo es los    
USA 🇺🇸 !!! Emigren para acá !",Non Support,No,No
2559,Yo viendo esto siendo homofobico: * cara de mike con 2 ojos *._.,Non Support,No,No
2877,"Ese proyecto GTY(creo)
Me interesa e.e
Es parecido a lo que yo he estado asiendo y no me daba cuanata",Non Support,No,No
1180,me gusto mucho el video. yo soy Demisexual y en mi canal tengo un video contando mi experiencia al descubrirme,Non Support,No,No
1337,Yo me quede esperando a que dijera que era Demisexual B( 👍,Non Support,No,No
451,mierda soy la 1 😃👍,Non Support,No,No
2655,"La verdad  es que  a los únicos que les interesa si son negros o no, es a los negros. El resto de la población ni le importa eso, por qué siempre ese victimismo? Colombia no se ha caracterizado por ser un país racista, no es USA.",Non Support,No,No
595,Holii yo soy bissexual gracias estaba dudando de mi sexualidad <3,Support,Group,LGBTQ
571,gracias psy ahora veo la posibilidad de ser ginosexual :D(ayuda),Support,Individual,No
713,Bisexual y un poco pansexual xD,Non Support,No,No
842,Arriba los heteros 👍🏻,Support,Group,LGBTQ
1762,No no noooo draw my life los apollas noooo,Non Support,No,No
1855,Que pndejos xdxddx,Non Support,No,No
1440,Falto demisexual (?,Non Support,No,No
1850,Soi gei entoses estavien♥ noseloe dicho amifamilia ustedesque opinan?,Non Support,No,No
2670,Pa mí es que los negritos son los que cosina mejor XD,Non Support,No,No
2649,"La lucha es para todos, la ciudad es difícil pero se puede salir adelante, como ciudad cosmopolita que es tiene que incluir a todos.",Non Support,No,No
688,Yo antes pensaba que era lesbiana haora bisexsual pero ahora creo que soy hetero ya no se ni qué soy quizá soy un tanque xd,Non Support,No,No
1864,Me gusta una aspiradora que genero seré,Non Support,No,No
1384,Yo soy lesbiana y poliamorosa y también que aveces me pasa es el de sapiosexual,Non Support,No,No
1644,Pueden hacer uno de Akira the Bad blood lo ley en Wattpad y me gustó mucho,Non Support,No,No
557,Yo soy heterosexual y me enorgullece😊✌,Non Support,No,No
1995,ya me imagino al panadero peleando con un pansexual,Non Support,No,No
110,Siempre ellos poniendo el ejemplo y ganando más medallas que los regulares 😮 🎉🇲🇽,Support,Group,Other
1211,Yo solo vine para saber que significaban las que no explicaste,Non Support,No,No
1059,creo q soy de las personas q no les gusta nadie ;-; ñaaaa,Non Support,No,No
180,"esto si es una verdadera inclusion al deporte, mujeres altamente calificadas a pesar de su condicion es sublime y de alta admiración, es impreisionante e increible como el ser humano puede lograr lo que se propone y mas en un deporte de tal exigencia como lo es la natación.  Mas aun es realmente asombroso como la atleta mexicana nada similar al movimiento de un delfin para lograr velocidad  y utilizar su cabeza como el elemento que otorga fluidez sobre la densidad del agua, mas maravilloso aun  como toca la pared final de la meta a micro segundos de que la atleta asiatica lo haga.   Total respeto y admiracion a estas deportistas de alto nivel",Support,Group,Women
2335,Que trastornados !  Pueden ser felices creyendo lo que quieran pero no buscando llevar sus fantasías hasta querer hacerlas ley. ¡Q e!,Non Support,No,No
720,"Hace casi 2 años que me di cuenta de que era gay después de tanto reflexionar sobre mi vida y apartar toda esa homofobia interna que sentía. Siempre me sentí que era diferente (pero no por mi sexualidad) y a pesar de que si me llegué a enamorar de unas pocas chicas, no siento niguna atracción hacía mi sexo opuesto hoy en día y la verdad me gustaría ser más abierto sobre mi sexualidad fuera de mi casa, pero hay muchos alumnos homófobos en mi escuela. Si tan solo entendieran...",Non Support,No,No
2735,"No tiene ni idea que es verdadero en primer lugar segundo la religión verdadera no es parte de este mundo ni se mancha con este mundo la católica está manchada por sus acto de pedofilia , dineros mal avido , se mezcla en la política de echo le llama la gran ramera la biblia está señora no ha leído la biblia primero tiene que leerla y Lugo hace un comentario",Non Support,No,No
324,"1:55 “Es más fácil hacer gol o fuera, el poste es tener puntería” 🤙🏽🇲🇽",Non Support,No,No
1539,Yo entro en no binaria y pan sexual y solo un poquito de género fluido y transgénero Xd,Non Support,No,No
1263,yo tengo los controles en por defecto bro,Non Support,No,No
703,"Hay demasiados ,alv ya parece los géneros le van a hacer la competencia a Pokémon en cuanto a número :v",Non Support,No,No
1967,FELIZ DÍA DEL ORGULLO🏳️‍🌈🏳️‍🌈🏳️‍🌈,Support,Group,LGBTQ
1878,Mejor dicho personas que deben ir a un psicologo desde niños,Non Support,No,No
1899,Me siento identificado con un motor de lancha tres mil apache 455 v18 cuatri turbo,Non Support,No,No
98,Es muy triste ver gobiernos inválidos del cerebro!!!!! !!,Non Support,No,No
2494,🏳️‍⚧️🏳️‍🌈🚫🚫🚫🚫,Non Support,No,No
238,"Si tienen la oportunidad de apoyar a este gran atleta, háganlo. Tiene una historia de vida tan triste y conmovedora, por suerte el universo lo fue premiando con grandes logros.",Support,Individual,No
1871,Creo que tenemos problemas más grandes en el mundo como para fijarnos si alguien se siente un humano o una lavadora. Por dios.,Non Support,No,No
240,"Pongan el himno, cuando reciben la medalla..",Non Support,No,No
1658,Solo hay dos géneros 🤑🤙,Non Support,No,No
696,Arromantico : significa que no  sientes atraccion sexual hacia un hombre o una mujer,Non Support,No,No
53,Viva México viva mi pais y viva mi gente,Support,Group,Nation
357,Vamos Mexico ustedes pueden,Support,Group,Nation
989,Creo que soy sapiosexual...,Non Support,No,No
727,"La vdd yo al inicio me consideraba lesbiana , luego me di cuenta de que me gustan hombres también entonces digo ok soy bi pero luego me sentí atraía hacia todos los géneros así que me considero actualmente y con orgullo Pansexual y género fluido ya que me siento como hombre y mujer y realmente me gusta",Support,Group,LGBTQ
2627,Ay mucha gente de color no solo en Francia wn toda Europa están mitigando la raza autóctona de  Europa y franciab,Non Support,No,No
2270,Segun la biologia solo existen 2 generos,Non Support,No,No
2011,"Yo soy Pansexual. Por si no entienden q es Pansexual es: ""Pan"" viene del griego ""todo"" básicamente una persona Pansexual siente atracción romántica hacia una persona no binaria,trans,hetero,homosexual,etc.siendo sincera mi mamá ya descubrió esto una vez y no lo tomo tan bien como digamos también aveces mi hermana me dice cosas como:""si le decis q y hicimos... yo le digo q la pulsera q tenes es la Pansexualidad"" y no me siento cómoda con esto pero bueno.¡¡¡Gracias por leer esto!!!",Non Support,No,No
1287,Eres el mejor,Support,Individual,No
2514,Intersexual???? 😂😂😂😂,Non Support,No,No
3112,Yo estudio ciencia y soy cristiano y en ambos afirman la existencia de dios,Support,Group,Religion
1193,Muy interesante y ameno tu vídeo !,Non Support,No,No
2331,Para resumir todo este video innecesario es gente sin figura paterna,Non Support,No,No
2724,No puedes decir que una religión es verdadera sin saber lo que es verdadero,Non Support,No,No
2623,Qué cosas tan asquerosas. Hasta cuando tanto odio a lo diferente sin importar que etnia lo hace. Vivamos un mundo pacífico y respetemos las diferencias.,Non Support,No,No
344,Sigan adelante y no se conformen porque la siguiente rival tiene muchas posibilidades de ganar por ser sobre todo local y van a jugar con todo por su afición y país entonces aquí ellas deben demostrar hasta donde quieren avanzar sin importar lo que pase. 👍👏👏,Support,Group,Women
1646,"NO BINARIOS???... OSEA QUE ENTONCES TU PARTE INTIMA QUE ES??? 🤔  SI SOLO EXISTEN DOS PARTES!! Y SI NO BINARIO NO ES HOMBRE NI MUJER , ENTONCES DE QUE PLANETA VIENEN?? SON EXTRATERRESTRE 😮😮😮",Non Support,No,No
883,soy mujer cis genero y antrosexual :),Non Support,No,No
928,La mia pansexual,Non Support,No,No
111,"Grandiosa!!!
Bendiciones por siempre!!! 🙏🙏🙏",Non Support,No,No
2343,"Solo existen dos generos, maculino y femenino.",Non Support,No,No
3238,"Me ayudó mucho este video. En mi caso mi tono de piel es blanco, pero mi abuelo por parte de madre es negro, mi padre es negro, y aunque mi madre es de tez blanca es mulata y yo también. Por lo tanto al mi tono de piel ser blanco no sabía cómo identificarme, aunque abrazo mi descendencia afro. Mi boca es obviamente parte de esa herencia afro.",Support,Group,Black Community
2417,A bueno yo me ciento un pelapas que estupido para que entre aqui,Non Support,No,No
318,Que narración tan más horrible 🤢🤮,Non Support,No,No
1002,wey estoy de acuerdo con lo omo y hetero el resto de orientacion ya son cosas que ni poronga de sentido ya solo falta  que unaa persona se quiera casar y follar un tanque sobietico,Non Support,No,No
1007,"1:26 totalmente innecesario esa cosa ._., no tiene ningun tipo de sentido y las orientaciones ya hasta ni tienen creatividad, es como si te identificaras como un oso y te gusten los motores de autos",Non Support,No,No
998,Soy Bisexual 😭🔪mi mama no lo acepta me dise que si me gustan las mujeres ella me matará pero si me gustan los hombres esta bien y... No me compares con mi hermana Heterosexual,Non Support,No,No
1523,Soy lesbiana gracias por decirmelo,Non Support,No,No
3128,"me gusta como lo explicaste , yo tenia un concepto muy parecido al tuyo , asi que me da gusto haber estado relativamente en lo cierto",Non Support,No,No
214,ORGULLO MEXICANO! Estos si son buenos! VAMOS POR MAS MEDALLAS!,Support,Group,Other
1511,Pov 2030 eres un transformer,Non Support,No,No
32,"Eres una fregona!!!!!!!❤❤❤❤❤, orgullo mil por ti!!!",Support,Individual,No
334,Se me hace raro ver a Colombianos apoyando a México 😮,Non Support,No,No
2610,"Mi colega arquitecta lo explico Perfecto.. dejen de subir impuestos y creer que el problema es el “rico”.. la ecuación es sencilla:
ahorro + inversión + trabajo duro = una sociedad que prospera",Non Support,No,No
2100,Orgullo hetero :)),Non Support,No,No
892,descubri q soy pansexual,Non Support,No,No
3248,"Dios siga bendiciendo en sabiduría y entendimiento a este hombre de Dios, que sean añadidos todos los salvos 😊 a su iglesia.",Support,Group,Religion
2969,"¿Por que no mejor hablas de lo que paso antes del año 1500? por que no hablas de las torturas de la santa inquisición? la ciencia era muy unida a la religión no? Giordano Bruno por ejemplo! me parece DEMASIADO EXTRAÑO que te pongas a hablar de esta supuesta alianza justo después que terminó la era oscura. este es el problema con personas como ustedes, evaden todo lo malo de la religión.
""Puede describirse no tanto como una guerra, si no como una alianza""? Aquí estas muy equivocado también, porque la ciencia jamas ha tenido una alianza con la religión simplemente estuvo sometida de una forma pacífica por así decirlo, ya que la ciencia tuvo que hacer lo que la religión mandaba solo que con un poco mas de libertad comparado con la era oscura. Creo que estas aprovechándote de la ignorancia de las personas, otro error tuyo es meterte a hablar de Filosofía, ""¿Existe el alma?"" Si, existe! es un término creado por Platón, dándoselo a LA MENTE después vino la religión y tergiverso el significado.
Tus preguntas están mal pues debería ser ¿QUE AVANCES HA APORTADO LA CIENCIA? ¿QUE AVANCES A APORTADO LA RELIGIÓN? creo que ahí ya tienes mucho en que pensar. ¿Sabes que la Arquitectura forma parte de las Artes verdad? Por lo tanto el Arte SI APORTA ALGO. tu argumento no tiene sentido alguno.",Non Support,No,No
1437,Sapiosexual y demi sexual no puedo sentir atracción sin formar un vinculo y me atraen las perslnas inteligentes,Non Support,No,No
2424,"(Intersexual)no puede haber un punto intermedio,o eres uno o eres otro.",Non Support,No,No
2374,Soy no binario o como diría mi amigo un orinaro XD,Non Support,No,No
2970,"pero la teologia es el estudio respecto a la religion, es un tipo ciencia. no es religion(fe)",Non Support,No,No
441,La ni la mitad de los que salieron existen de verdad,Non Support,Group,LGBTQ
1111,"Creí que era pansexual asexual, pero supongo que soy asexual solamente si eso significa que me gustan todo tipo de personas pero sin atracción sexual, ¿Verdad?",Non Support,No,No
3080,"Para: #PedroJaraba
La Biblia Dice Que Dips Le Dio A Adám Postestad sobre toda criatura de la tierra; aves del cielo y de la tierra animales y bestias, si nos damos cuenta la biblia nis dice bestias, y a las bestias se les conoce a los animales grandes.
Eso es una parte!",Non Support,No,No
2726,Esta señora no sabe nada,Non Support,No,No
2617,Estoy de acuerdo con la arquitecta muchos migrantes llegan y no estan dispuestos a integrarse a la cultura que ya hay ahi  y en el caso de los africanos la verdad ami si me molesta porque muchos llegan exigiendo lo que no fueron capaces de exigir en sus países de origen y se ponen en un papel de víctima  laverdad yo pienso que Francia no debió permitir a tanto migrante africano porque la mayoría es gente pobre e ignorante que llega y se establece a como puede y se reproduce y eso genera mas población pobre mas problemas sociales etc y esos problemas afectan a toda la sociedad francesa es entendible el desprecio de el francés blanco desde cierto punto de vista ya que el paris bonito y bello que era poco a poco se convierte en el congo  y niablar de los musulmanes que su religión viene a  imponer costumbres que no son culturalmente arraigadas de francia es un asunto delicado y mal tratado desde origen la situación de la migración en Francia se debió ver aceptado gente que le aporte al pais no gente que la meta en un problema demográfico y cultural en unos años mas el francés original va ser una minoría en su propio pais y eso es feo porque se pierde la esencia el arraigo y la identidad de una nacion,Non Support,No,No
159,Que grande las mexicanas 👏,Support,Group,Women
2964,asi es man!! sigue adelante con tus videos !! de hecho a mi me encanta la ciencia mas sin embargo hay que saber discernir lo que es en verdad y lo que no es. Bueno algo asi you know,Support,Individual,No
2415,"Yo nunca estuve tan a favor de la LGBT, pero nunca me gustó hacerlos a un lado solo por ser de la LGBT",Non Support,No,No
562,Soy pansexual lo descubrí por una cosa rara que tengo a mis 10 años me enamoré de un personaje no diré nombre pero a los 11 me enamoré de otro personaje que era un gato antropomorfo guerrero samurai con capa roja y espada sorda es un gato negro de ojos verdes y a los 14 me enamoré de Sonic 😂 pero bueno ❤,Non Support,No,No
2266,🤮 cuantos generos hay ?,Non Support,No,No
2098,"Bueno bueno bueno, aprendiendo cada vez más.  Feliz día del orgullo!¡",Support,Group,LGBTQ
2139,"Chicos basta de criticar la foto de perfil, ellos tienen buen corazón y los respetan, cambio los que dicen que se la cambien o cualquier cosa sobre la foto de perfil, es por que no tiene buen corazón, y si no les gusta desuscribanse se van y dejen de dr0g1r2e con la foto de perfil, y si se aburren vean cualquier cosa que este maravilloso canal 😎 y me da igual que me molesten es la verdad",Support,Group,Other
3016,"Pero en si la religión sigue sin aportar nada, que es interesante ver desde los 2 puntos de vista, Talvez pero la ciencia da respuesta y comprobaciones logicas por medio de experimentos(metodo científico), en cambio la religión solo asume que algo desconocido sucedió porque así lo quiso Díos sin ninguna explicación aparente.",Non Support,No,No
1083,Solo existen dos generos y 400 tipos de gays,Non Support,No,No
209,ESO MEXICANAS!!!!!! Son un orgullo!!!! ❤️‍🔥❤️‍🔥❤️‍🔥❤️‍🔥❤️‍🔥 🇲🇽🇲🇽🇲🇽🇲🇽,Support,Group,Women
2021,eras mi idolo,Non Support,No,No
1510,"Yo soy bisexual o incluso pansexual,e sentido atraccion a mi mejor amiga pero tmb a mi mejor amigo ^^""",Non Support,No,No
2520,Yo soy pan genero😅😂,Non Support,No,No
2684,"Ya no quiero discriminación sobre raza negra,tiene que aceptar a los negros como miembros personas cualquier relación con ustedes ya por favor yo quiero que se lleve bien y que caí bien.",Support,Group,Black Community
1739,Hay dos generos punto,Non Support,No,No
2738,"¿Pero lo que dice ella de Dios (encarnado en la persona de Jesucristo) no es lo mismo que pasa con el hinduismo? 🤔. Quiero decir todos los 'profetas' o avatares como lo llaman en esa religión son una encarnación de Dios o manifestación de este en la tierra, ya sea de Krishna o Visnu, según la rama de hinduismo qué sea.
Sáquenme de esa duda, pero según entiendo eso es así.",Non Support,No,No
824,"Ok... soy cristiana, y entiendo perfectamente que Dios creó al hombre y a la mujer, y que todo esto de las distintas orientaciones sexuales e ideologías de género van en contra del plan de Dios. Ahora, antes de que me linchen :'v Dios no nos llama a rechazar a la gente, ni a humillarlos, criticarlos ni tratarlos mal, Dios no quiere que en nuestro corazón haya odio por la gente. Mientras una persona esté con vida, tiene oportunidad de conocer a Dios y elegir seguirlo, pero no podemos meternos con su libre albedrío. Somos llamados a ""predicar el evangelio a toda criatura"" no a obligarlos a convertirse ni mucho menos juzgar a la gente por sus decisiones. Sí, estas ideologías son un pecado porque transgreden la ley de Dios, pero si vamos a juzgar según la ley, que sea toda la ley, porque como dice la biblia ""Porque cualquiera que guardare toda la ley, pero ofendiere en un punto, se hace culpable de todos. Porque el que dijo: No cometerás adulterio, también ha dicho: No matarás. Ahora bien, si no cometes adulterio, pero matas, ya te has hecho transgresor de la ley.
Santiago 2:10‭-‬11 RVR1960""
Un error que muchos cometen al momento de juzgar a la gente, es clasificar los pecados en grandes y pequeños según los que es socialmente aceptado en nuestra cultura, pero para Dios, no hay pecado grande ni pequeño, por ende, aquel que mintió, es igual de pecador que aquel que cometió homicidio, o envidia, o inmoralidad sexual (que no solo incluye el tema del video).
Para finalizar, Dios ama al pecador pero aborrece el pecado, Dios aceptará a todo aquel que lo busque de corazón y se arrepienta genuinamente. El fin de esto no es solo entregar este mensaje de amor de parte de Dios, sino también explicar que, a diferencia de lo que la gente que no sigue a Dios cree, los cristianos que buscamos aprender cada vez más de Dios, que buscamos respuestas en su palabra y que dudamos de todo lo que no se fundamente en su palabra (como falsas doctrinas que incitan al odio 👀💔) no buscamos odiar a otros, sino ayudarlos (si lo aceptan, si no es así, cumplimos con entregar el mensaje y del resto se encarga Dios, la idea no es obligar a la gente 👀)
Ahora sí, para terminar :'D
""Airaos, pero no pequéis; no se ponga el sol sobre vuestro enojo,
Efesios 4:26 RVR1960"" No vivan con odio en sus corazones ☹️💔 Dios no nos dijo ""odia al prójimo"" dijo ""Ámalo como a ti mismo"" no nos llamó a pisotear al pecador (porque todos en su momento lo fuimos) sino a extenderle la mano con amor.
""Ninguna palabra corrompida salga de vuestra boca, sino la que sea buena para la necesaria edificación, a fin de dar gracia a los oyentes. Quítense de vosotros toda amargura, enojo, ira, gritería y maledicencia, y toda malicia. Antes sed benignos unos con otros, misericordiosos, perdonándoos unos a otros, como Dios también os perdonó a vosotros en Cristo.
Efesios 4:29‭, ‬31‭-‬32 RVR1960""
Bien, sé que no es exactamente el tema del video, pero mucha gente cree que los cristianos odiamos a todos y no es así, el verdadero pueblo de Dios no busca el odio ☹️💔 las falsas doctrinas han corrompido a muchos ""Mi pueblo fue destruido, porque le faltó conocimiento. Por cuanto desechaste el conocimiento, yo te echaré del sacerdocio; y porque olvidaste la ley de tu Dios, también yo me olvidaré de tus hijos.
Oseas 4:6 RVR1960""",Support,Group,Religion
2974,"seria muy bueno mirar los dilemas entre ciencia y religión a través de la historia, como naturalismo o diseño inteligente.
Gracias por tus videos",Non Support,No,No
520,"Si son pansexuales, ni lo intenten






Me estoy comiendo su pan ahora mismo 🗿",Non Support,No,No
1550,"Han surgido muchos nombres con el tiempo, además de la orientación sexual, todo lo demás es meramente social, las modas cambian con la época, hubo un tiempo que los hombres usaban faldas y pelucas con rizos, y era normal, las mujeres desde los 60 son transgénero al usar pantalón , incluso la misma transexualidad es un problema social, pero lo han querido llevar al área biológica y médica y ahí si creo que están en un error, porque muchas veces se arrepienten y ya no pueden hacer nada al cambiar de sexo, pero se les respeta.",Support,Group,LGBTQ
833,AMO VIVA EL COLECTIVO LGBTIQ,Support,Group,LGBTQ
969,Hay solo 2 géneros,Non Support,No,No
2892,"el problema son las multiples incoherencias entre explicaciones para una misma cosa, de la religion y la ciencia, y la diferencia radica en que la ciencia lo demuestra, o busca la forma de hacerlo, alternando las diferentes teorias hasta encontrar la que resulte ideal, la religion no hace nada de eso, se basa en libros antiguos e instituciones que se dedican a un poco de todo en general, pero no a demostrar nada en particular, por lo tanto la religion no aporta nada.

y con esto no quiero decir que a ciertas personas la religion les puede hacer bien en mutiples casos, claro que puede hacer bien, pero ese mismo bien te lo puede hacer un dios diferente al que tu crees, o simplemente un amuleto que tu creas de la suerte, no tiene mas.",Non Support,No,No
1777,Pero si nomas ay 2 géneros porque  si uviera 3 sería una estupidez,Non Support,No,No
2706,JUSTO Cuando hablaban de que la historia cubana como se enseña da pena cortaron el documental... jajaja vamos transparencia jajaja,Non Support,No,No
657,YO SOY BISEXUAL Y SOLO MIS AMIGAS LO SABEN Y MI PRIMA Y HAORA USTEDES XD😊😊😊😊😊😊❤❤❤❤❤❤. . . ...,Non Support,No,No
594,Espera!!! Que la bandera de heterosexualidad era 🖤💟,Non Support,No,No
1949,Ahora soy avión y me voy volando 🗿,Non Support,No,No
70,"Muchas felicidades ,gracias",Support,Individual,No
2966,"claro q a la pregunta filosofica se le puede dar la respuesta teologica 
La respuesta teologica es la mas facil 
Es como si te digo 2+2=4 
1-4 es la respuesta facil (teologica)
2-te puedo explicar con lo dedos por ejemplo porque dos mas dos es igual a cuatro (cientifica)",Non Support,No,No
469,"Bueno, en mi caso yo soy Antrosexual. Esta no se menciona en el video, pero básicamente el término se utiliza para referirse a aquellas personas que desconocen su orientación sexual, pero pueden generar vínculos con personas de cualquier género e identidad 

así que, orgullosa de ser antrosexual ✨️",Support,Group,LGBTQ
2854,"No pobró nada, la ciencia y religión son cosas completamente diferentes, es obvio que los científicos de la época como Isaac Newton tuvieran la ilusión de dios, ya que la cultura de ese tiempo se imponía fuertemente y ademas no había tanta libertad de pensamiento como ahora y si me dan a escoger pues me quedo con la ciencia.",Support,Group,Other
1044,"Siempre estaré orgullosa de ser Bisexual y algún día saldré del closet  :,3",Support,Group,LGBTQ
631,Deja de hacer webadas bro pierdes tu tiempo haciendo eso :v,Non Support,No,No
849,El que creo los géneros se fumo todas las drogas existentes,Non Support,No,No
1312,"Yo soy senosexual , siento mucha atracción por los senos",Non Support,No,No
3157,"a  7 stein no le gusta esto
",Non Support,No,No
1086,Mi género es el potaxie,Non Support,No,No
1430,"por lo visto soy género fluido y pansexual :v, eso primero si yo no sabía",Non Support,No,No
1118,Soy bisexual pero parezco mujer (biologicamente lo soy) pero aveces me siento o deseo ser hombre y otras estoy comoda siendo mujer ¿cual seria mi genero?,Non Support,No,No
1649,"Yo me identifico con un babuinoneitor editor 38.000 666 usb ñ tractorsexual 



PD:soy asexual",Non Support,No,No
1023,Yo soy no Asexual,Non Support,No,No
796,"Ser gay es un trastorno 





Así es me retaron a que me funen y es lo que hare",Non Support,No,No
2257,Y si soy una persona que a veces actúa como hombre y otras como mujer?,Non Support,No,No
253,Que emoción!!!!! Gracias por su entrega y poner a México en alto!! 🇲🇽🥇,Support,Group,Other
1749,Ya esperaba las vidas de dibujos en tik tak draw,Non Support,No,No
2973,*y porque no hablaste de la forma en la que torturaban a las personas que hacian avances cientificos que de una u otra forma contradecian a la religion y los obligaban a olvidarse de eso o los mataban*,Non Support,No,No
1227,"Wey y como se le dice a las personas que les gustan ambos géneros pero no quieren tener S 
E
X
O",Non Support,No,No
230,"Muy conmovedor ver la fortaleza de estos atletas, orgullo mexicano!",Support,Group,Other
1983,Q gay,Non Support,No,No
155,"Oigan pero ganó por la mano? Eso sería justo?

Alguien me puede explicar?",Non Support,No,No
625,Mis condolencias para todas las personas que tengan esas enfermedades,Non Support,No,No
2483,Hagan un draw my life de hot wheels 🚗🚗 por favor y dé marcos Rodríguez Pantoja perdón por tanta insistencia,Non Support,No,No
900,YO ME SIENTO HOMBRE Y MUJER Y NACI MUJER PERO NO ENTIENDO PORQUE TANTAS BANDERAS Y ORIENTACIONES😂 SOLO LA GAY ME IMPORTA😌😄,Non Support,No,No
2019,"Todas estas tonterías hacen cargarse la lucha de años del feminismo y del movimiento LGB.

Si negamos el sexo negamos la discriminación hacia las mujeres. Si negamos el sexo negamos las orientaciones sexuales, por las que se ha discriminado a l@s LGB.

El feminismo ha luchado por quitar los estereotipos de género, y que no se tenga que actuar de x forma por ser mujer u hombre. Y ahora, se inventan 10000 géneros más. No es más moderno, es anticuado. 😊Y un largo etc

Excepto intersexuales que tienen anomalía biológica, hay 2 sexos (mujer/hombre) y  3 orientaciones sexuales (homosexual incluye lesbianas y gays, heterosexual y bisexual). Lo demás es ir para atrás, aunque os  creáis más modernos.",Non Support,No,No
2407,"Gran vídeo.
Saludos TikTak Draw. 👋❤😃",Support,Individual,No
1803,"otro guerrero que cae.........coca cola..........fortnite.......y el admin de pepsi.......ahora, para terminar, tiktak,nooooo",Non Support,No,No
308,Vivan las mujeres de todas las selecciones x q la selección mexicana de varones con Javier Aguirre en un fiasco,Support,Group,Women
246,Orgullo nacional viva México,Support,Group,Nation
2734,"No existe la religion católica

El catolicismo es una doctrina o iglesia que forma parte de la religión el cristianismo
Asi que todos esos grupos 
Católico
Mormones
Pentecostés
Testigos de Jehová
Sabaticos 
Y muchos mas grupo que crean en jesucristo forman parte de la misma religión el cristianismo",Non Support,No,No
2807,"Cualquier religión que sea de un dios que se presenta como un ser amoroso y justo pero mandaría a alguien a un infierno para siempre, ahi no es",Non Support,No,No
2919,"Que curioso ver que los vídeos que sobrepasan las 30K visitas sean sobre PORNOGRAFIA, MUSICA SECULAR, NOVIAZGO. People need help.. JESUS IS THE ANSWER.",Support,Group,Religion
165,No mamn con todo respeto todos ellos y ellas son la mera Vrga neta no se quejan de nada y dan el millón en el deporte y en su vida diaria soy mexicano pero como haya sido esa final ella la recordará hasta el fin de su vida por el brazo we debería de ser a toque de cabeza así como ella lo hizo ya que las demás en ese aspecto si le llevaban ventaja,Support,Group,Other
2280,2 generos hombre y mujer hechos para estar juntos hombre y mujer no mujer y mujer ni hombre y hombre,Non Support,No,No
2797,"¿Dios tienen iglesia aquí?. Respuesta correcta: NINGUNA. Dios NO fundo ninguna religión, Yavhéh, se auto nombro dios, y sus hijos (O tripulación) cogieron para si las hijas de los hombres que, quisieron, etc. ¿Qué clase de hijos de ""dios"" son estos weyes, y es ese ""dios""?. Ustedes, sacerdotes, usan ese concepto para vivir de los tarugos.",Non Support,No,No
1468,"Sinceramente yo no estoy tan segura de cual es mi orientación sexual, pero estoy entre ser bisexual o pansexual desde hace mucho. Pero creo que me voy más por pansexual. 😅



Pero no estoy segura. 😿",Non Support,No,No
2758,Eso no es cierto DIOS no creo ninguna religión ni quiere saber nada de ellas porque en ellas solo hay comercio y negocio por eso no sirve para nada y la catolica menos y la biblia la llama la hechicera madre de las rameras como vas a decir que es  iglesia de JESÚS CRISTO no seas tan cinico dejate de ser tan mentiroso y san juan pablo 2 un violador de niños varones por amor de DIOS callate porque el diablo también hace milagros si no lo sabias.,Non Support,No,No
2882,"el hombre por si solo crea ideas, la religiones y filosofías  lo único que hace es plantear preguntas y la ciencia responde,
ahora el conflicto es
¿quien sabe que no existe la verdad absoluta? la religión no puede, pero la ciencia si.
todo es relativo.",Support,Group,Other
2594,Ivon!!! Genia!!! Entiende todo!!! como los ricos son ricos para que cobrarles impuesto? Si total no los sienten!,Non Support,No,No
2002,Cómo olvidar cuando esté canal glorificó al che Guevara el mayor homofóbico y le puso corazones ahora viene de progre? Menudos hipócritas . Amigos de la comunidad. No sigan este canal pues está lleno de hipocresía y hace unos años glorificaron homofóbicos. Esta gente solo quiere tus visitas a ellos no les importa tu comunidad,Non Support,No,No
1955,Yo naci chico pero me siento chica y me llena de orgullo decirlo,Non Support,No,No
1817,"Bisexuales, pansexuales: **existen**
Bicicletas, panes: 🌚💀",Non Support,No,No
3204,"SUPER ORGULLOSO DE VERLAS JUGAR CHICAS, MUCHAS FELICIDADES, POR LA MEDALLA DE ORO...",Support,Group,Women
2278,Me siento identificada con un ajolote,Non Support,No,No
272,"Que diferencia, estos si vienen a competir sin poner excusas, no que los otros solo pura vergüenza.",Support,Group,Other
1540,"Yo soy Bisexual lo supe como desde que tenía unos 10 años ya que me empezó a gustar mi mejor amiga TwT y luego otra niña y otra niña...pero también niños x""d no lo acepté como hasta que tuve 14 años ya que me daba mucho miedo aceptarlo por que no sabía si era algo normal, algo que ahora sé gracias a internet =D por si se lo preguntan tengo 15 años xd y la verdad es que solo mis amigos y mi pareja lo saben, todos me aceptaron como soy =D pero mis padres o el resto de mi familia no lo sabe =( y no se como decírselos...TwT""",Non Support,No,No
2476,"Sólo existen 2 géneros no existen ni 3 ni 20 porque si queremos estar con una chica siendo chica eso no lo hace un género propio digamos. Si no tu propio gusto si queremos estar con un chico siendo chico no lo hace un género importante 
**lista para el hate**",Non Support,No,No
461,"Aquí los que no son nada de estás cosas aquí abajo
👇",Non Support,No,No
187,"Como siempre, los atletas paralímpicos sacando la casta por México!",Support,Group,Other
2418,Me indentifico como Transferencia bancaria,Non Support,No,No
1143,Q género es si no le gusta ningún tipo de sexo?,Non Support,No,No
1304,Oe yo siento atracción de una de mis cosas 🥲 y no siento nada sobre las personas dime qe es por fa,Non Support,No,No
504,"Reuniendo likes para una bandera para el orgullo negro color crimen , para los turroncitos de petróleo color cartón quemado 🥰",Non Support,No,No
1052,"Soy gay y me divorcié del colectivo LGBTIQ DISNEY PLUS , cada día se inventan nuevos géneros para llamar la atención . Hay gente enferma que se están creyendo animales, cosas o plantas. Ir al psiquiatra",Non Support,No,No
862,Y esas banderas de que países son,Non Support,No,No
1446,"Aquí los arromanticos :""D",Non Support,No,No
2116,"El sexo es una etiqueta basado en los genes jajaja😂😂 por favor no me hagas reír. Intenta explicar eso a la Real Academia Española para que lo agreguen al diccionario o intenta explicarlo en una comunidad científica. Sabes, el principio de la sabiduría, la cordura, la honestidad y sinceridad es llamar las cosas por su nombre, no basado en emociones, creencias o perspectivas. Si dices las cosas como son tendrás la verdad y la razón. Tus conceptos en este video están errados y usados a conveniencia de tus creencias. Debes ser más responsable con la difusión de información.",Non Support,No,No
3232,Ahora tengo mas orgullo de mi descendencia africana. Gracias a mi padre. Siempre me sentiré orgulloso.,Support,Group,Black Community
613,Lo unico que provocan es confusión a las personas...,Non Support,No,No
2109,"La palabra género tiene un significado bastante profundo, sexo también.
La primera palabra corresponde a la música, literatura y las plantas..NO PERSONAS. Lo único que puedo decir es que Cristo les ama y les transforma.
Dios creó hombre y mujer, así de simple.",Support,Group,Religion
2405,"“¿Sexo asignado al nacer?”
Venga ya, ahora los sexadores de pollos están también en los paritorios.
El género es un constructo social. Es una jerarquía en la que las mujeres estamos supeditadas por nacer mujeres. Fin.",Non Support,No,No
2537,"""Los géneros son para la música,no para las personas ""(Pepsi 😎)",Non Support,No,No
2991,No creo en la biblia porque dice que los burros y las serpientes pueden hablar y no hay nada que yo pueda hacer para creer semejantes estupideces.,Non Support,No,No
977,Cis-genero y Hetero,Non Support,No,No
3214,🎉🎉🎉🎉🎉🎉🎉❤❤aunque hay pocas posibilidades de ganar medalla 🎊🎊🎊🇲🇽🇲🇽🇲🇽🇲🇽🧡🧡🧡🥂todo el apoyo a nuestra selección mexicana 🇲🇽🇲🇽🇲🇽🇲🇽🇲🇽👏🏼👏🏼👏🏼🎊🧡🧡🧡,Support,Group,Nation
2479,Recuerden niños tienen que ser heteros y no gays,Non Support,No,No
2196,me encanta unio por que es el mes del orgullo,Support,Group,LGBTQ
1852,Resumen: nana en la cabeza 😎👍,Non Support,No,No
487,Lo estaba esperando 🙏🏻💕,Non Support,No,No
2027,El genero es para la musica y nosotros tenemos dos,Non Support,No,No
2349,"Asu put4 madre por qué modificaron los géneros sin el consetimiento de diosito,ala Madre hay más géneros que el número de espermatozoides que tengo en el wuebo xd

Fácilmente le podría un género a cada hijo mío que tenga ,me pase de Riata con lo que dije XD",Non Support,No,No
572,"Uuuuuuuuuuu!
Gracias, buena fuente de información!
Puesssssssssss
Me identifico, con un término que no conocía!
Saluditos!",Support,Group,LGBTQ
1146,Yo soy transeconómica.,Non Support,No,No
1275,aquí los eteros,Non Support,No,No
2039,"soy FHF







full hetero forever",Non Support,No,No
2669,"En Bogotá vive gente de todo el pais entonces no estigmaticen a los rolos por el racismo que se da aquí , el racismo va ligado a las personas no a su region.",Non Support,No,No
2860,"¡Muy buen vídeo Carlos! ¡te felicito!, me gustaría que mas adelante tocaras el tema de religión y posmodernidad, ya que hay un gran conflicto en la actualidad respecto a ello. Oro por que sigas siendo de bendición para muchos. ",Support,Individual,No
2893,"Hola bendiciones, perdon que me entrometa, me gustaria ayudarte de alguna manera tengo algunos argumentos que te podrian ayudar, en tu inquietud. si deseas confirmame con un medio para contactarte y detallarte cada una de las dudas si! saludos y bendiciones desde Ecuador. ",Non Support,No,No
1186,un like es un machetazo pal santi,Non Support,No,No
1372,Soy mujer y soy Pansexual solo mis amigas saben de eso ya que mi familia es muy cristiana etc.,Non Support,No,No
3060,"No entiendo con las cientos religiones que hay, la ciencia se tiene que relacionar con todas o qué? La ciencia encuentra preguntas certeras, y las preguntas más allá que no podemos ver con nuestros ojos.. se llama filosofía... la religión es algo tan antiguo al igual que la filosofía... ¿pero sabes la diferencia? que la filosofía no se queda con una respuesta certera, porque sabe que una pregunta tan abierta y tan difícil de contestar, no puede reducirse a la imaginación y a la suposición! Mi opinión",Non Support,No,No
729,No se pero lo que si se esque soy poliamorosa jqjajjqja,Non Support,No,No
2012,Solo ay dos generos,Non Support,No,No
2694,"La discriminación hacia las etnias diferentes (""racismo"") a la blanca, existe en todos los paises. En Cuba existe racismo.",Non Support,No,No
2361,"Llege super tarde pero cuando sea junio 
Felis mes de los que quieren tener respeto y paz, lo de las orentaciones sexuales siempre estubo en el mundo no es algo de moda. En estos tiempos las orentaciones sexuales  se muestran mas porque ahora nosotros los LGTBS no somos casi nada perseguido pero en unos paises que aun no respetan del todo son perseguidos como los cristianos  mujeres que quieren derechos y volver a ir a la escuela😢 
Las de aca luchan por sus derechos mientras LOS QUE SOMOS LGTBS menos los heteros,  MARCHAN PARA SER RESPETADOS Y NO MATADOS! 
Puede que no te gusta la comunidad pero si quieres no la apoyes no te obligamos como algunos dicen solo te pidimos respeto  

Yo era de esas personas tontas que creian que solo abian 2 generos  pero hay unos generos yo creo que no hay 113 como escuche yo creo que hay 3 o talves 4 xD 


Bueno adios tengo que ir a ver caso cerrado y auron play  y german para sacarme las idioteses que eh leido 😿👊🏻",Support,Group,LGBTQ
726,"Por lo que yo he leído de la Demisexualidad se basa más en un vínculo emocional y el no tener libido o deseo sexual. Y si lo tienen sera muy mínimo a una relación promedio, aunque depende de cada uno, en mi caso personal no me interesa llegar a acostarme con mi pareja, solo tener una bonita relación y así puedo llevarmela por años, por algo la demisexualidad es una rama de la asexualidad porque comparten en común que estos espectros no sienten la necesidad ni de tocarse y mucho menos de tener relaciones sexuales, hay pocas qué lo tienen pero es tan poco qué inclusive sus parejas los dejan porqué ellos están tan bien si sexo, qué se artan y se van.",Non Support,No,No
2560,buen video viva el machismo banda,Support,Group,Other
956,wtf primera vez que escucho tu voz solo veo tus shorts xd,Non Support,No,No
2633,Esos pendejos no saben lo divinas que son las mujeres negras aparte que tienen un corazón muy hermoso y no andan con plasticidades ni sifrinadas ridiculas,Support,Group,Black Community
578,Me enorgullesco de ser bisexual,Support,Group,LGBTQ
633,"Hola Hola me encanto el video le doy 10/10. 

Yo soy una chica bisexual aunque estuve con mas en pareja con chicas que con chicos y respeto todas las personas que sientan atraccion hacia alguien de su mismo sexo y tambien a las personas de parejas heteros. 

El amor es el amor uvu ❤🏳🌈",Support,Group,LGBTQ
3136,la ciencia es religión ya que están compuestos por una serie de creencias y practicas!!,Non Support,No,No
2597,"15:12 debieron haber mezclado NO, debieron mezclarse si un inepto escoge no integrarse en el pais y formar gueto es SU culpa yo mismo lo estoy viendo en mi ciudad donde hay ambos casos inmigrantes que se quieren mezclar con ""blancos"" (que casualmente son personas con voluntad y valores ) y dominicanos que escogen vivir solo con otros dominicanos  sin soltar su banderia y chovinismo y no son precisamente pobres por que no viven en las afueras sino en pleno centro con sus cochecitos y sus oros y su reggaeton a las dos de la mañana.. lo siento pero  la responsabilizacion tiene que cambiar de mirada  ya nos tragamos el cuento del hombre blanco que malo es o empezamos a comportarnos y a asumir responsabiliades los que han llorado lustros o vendrá la ultraderecha y lloraremos con razón todos",Non Support,No,No
2729,"Me parece una contradicción en lo que dice, por que menciona que Jesus es el único que dio una revelacion plena y no asi con los demas profetas, pero sele olvida que Jesus mismo dio credito a las palabras de muchos profetas, en una ocasión hablo de Moises en otra hablo de Noe otra mas de David y asi sucesibamente pero me gusto lo que dijo al final de los Testigos De Jehova",Non Support,No,No
1136,pensaba que era bisexual pero nunca me sentí identificado con nd y hasta ahorita supe que eso era queer,Non Support,No,No
1914,Mis panes,Non Support,No,No
147,Yo sé nadar un poco pero no soy  capas de hacer lo que hacen valla que talento y no me imagino ellas o ellos que están discapacitados 😮 respeto total,Support,Group,Other
771,A que yo me prefiero que dar mujer por que bueno no pasa nada si me quedo asi,Non Support,No,No
2749,Ella dice que el catolicismo es la fe verdadera por que solo estudia teología y no historia.,Non Support,No,No
531,Ahora los trastornos mentales o indesiones se consideran selualidad 😂😂😂 ya queda lejos lo natural de hombre y mujer y ya🤦🤦,Non Support,Group,LGBTQ
496,"Distinción 🫠.

¿La que es de Limón es de Jamaica pero sabe a tamarindo?",Non Support,No,No
137,por que cortaron tan pronto queria ver las fotos,Non Support,No,No
2248,No sé de dónde saca tanta jalada estos videos como confunden a la pobre gente y se vienen cosas peores que ellos creen lo que quieran pero la mayoría de la gente ya sabemos que sólo existe hombre y mujer,Non Support,No,No
1370,Yo soy un hombre masculino bisexual sapiosexual si soy osea ya somos dos,Non Support,No,No
2454,Feliz mes del orgullo 👍🏳️‍🌈,Support,Group,LGBTQ
622,Qué hace la bandera de bolivia en la comunidad lgtb con los colores bajitos 🇧🇴,Non Support,No,No
914,Que son estás cosas no están en el fifa,Non Support,No,No
2249,"Sigo sin entender toda la diversidad qué hay, pero mucha razón en lo último, sean libres de ser quienes son.",Support,Group,LGBTQ
2647,"Ser negro en Bogotá es que cuando vas por la acera y una señora mestiza viene, ella se cambie el bolso rápidamente de lugar y después de  pasar por su lado lo cambie a como lo tenía antes, pero cuando otra persona no negra pasa por su lado no se cambia el bolso.",Non Support,No,No
2110,Por q bro nooooo tiktaw no era necesario q fueras del lado de los lgbt,Non Support,No,No
2612,"Ironico que al final de todo la conclusion es ""pues, no he vivido el racismo en persona pero... me lo han dicho por ahi"". La realidad es muy diferente de aquella que nos quiere vender la prensa progre. Que los inmigrantes africanos sean pobres y vivan en ciertos lugares no necesariamente es culpa del ""racismo"", es demasiado evidente que muchos no tienen la mas minima intencion de adaptarse, que muchos migran unicamente para reclamar las ayudas sociales y que tienen multitud de comportamientos que los hacen totalmente incompatibles con los locales, los mas evidentes claramente los musulmanes. Francia es un pais que acepta millones de personas casi que indiscriminadamente, muchas de las cuales realmente no estan aportando nada al pais, no desean adaptarse ni dejar atras sus tradiciones (muchas de las cuales nefastas e intolerables, como es el trato a la mujer de los arabes) y encima en bastantes ocasiones tienen una actitud retadora frente a la sociedad francesa. Todo esto causa sinnumero de tensiones sociales entre los locales y los inmigrantes, a tal punto de que se crean estas sociedades paralelas, como lo que es el interior de Paris y la banlieue. Creo que la narrativa actual es extremadamente simplista y reduccionista a una realidad mucho mas compleja.",Non Support,No,No
1920,Yo al ver la foto de perfil nooo yo los admiraba como ayudaban a otros usted era todo le que quería ser y lo hecho por la borda,Non Support,No,No
1627,Yo siendo Aromantica Asexual (Aroace) Viendo como dice que Aromantico no es conocida 🥲🔫,Non Support,No,No
2793,"Dicen que la católica es la real porque Jesús hizo muchos milagros , pero muchas otras religiones creen en cristo hasta los budistas y musulmanes . Eso no demuestra que la católica sea la real. solo  que todas adoran a el mismo cristo .",Support,Group,Religion
506,Increíble pasamos de las torres gemelas a Perl harbor dividido en 40 pedazos,Non Support,No,No
1235,pansexual nooooo com razon miro los panes,Non Support,No,No
1308,We y por qué siento q si es hombre o mujer de cualquier género o no no me gusta nadieee,Non Support,No,No
1333,los generos son para la mucica no para las pérsonas,Non Support,No,No
1009,"Soy asexual,desde hace algunos años e sentido q no siento atracción sexual,pero si siento atracción amorosa no sexual ,es más en mi vida me e enamorado somo 2 veces,gracias bro",Non Support,No,No
60,Muchas felicidades a Gloria por su medalla :),Support,Individual,No
1171,Soy lesbiana y no binario 🏳️‍🌈🏳️‍🌈🏳️‍🌈,Support,Group,LGBTQ
297,JAJAJAJAJAJAJAJAJAJAJAJAAJAJAJAJAJAJJAJAAJJAJAJAJA ENSEÑENLE INGLES A LA POBRE MUJER XD AFTEROFDERBIUMAIDISICIONPENALTIPORAPOL JAJAJAJJAA,Non Support,No,No
3228,Felicidades a mis compatriotas mexicanos por sus esfuerzos y entrega en la selecion de mexico...muchas benduciobes para todos ellos.,Support,Group,Nation
1573,Soy Pansexual y Genero fluido.,Non Support,No,No
885,hola soy  hetero soy messi cristiano,Non Support,No,No
2530,Me alegro mucho que respeten a esta comunidad ❤️❤️❤️,Support,Group,LGBTQ
391,"Le hicieron una bandera mas linda a los heterosexuales, la bandera anterior eran muy aburrisa para mi jaja",Non Support,No,No
1826,"vrg me dolió la cabeza y al final no entendí nada XD
según yo solo existen tres sexos transexual femenino y el masculino el género es diferente y ese si varia que es por ejemplo el homosexual heterosexual asexual (entre una variedad extensible pero no entiendo con lo que de que se sientan identificados con un objeto",Non Support,No,No
151,Son un orgullo para todo México!! Muchas felicidades!! 🇲🇽🇲🇽,Support,Group,Other
1843,"En lo que debería haber un mes completo seria para los veteranos de guerra
Pero la gente lo usa en indioteces",Non Support,No,No
3106,"De todo esto salen tres importantes palabras: Dios es CIENCIA ... (Salmo 94,10)",Support,Group,Religion
1476,1:38 Pero se siente identificado con un motor de lancha apache 5mil Super Sayayín Terminator reptiliano,Non Support,No,No
714,"Dios, amo tanto tus videos, me encanta que te hubieras creado un canal <3 :3",Support,Individual,No
1946,Puro homofobico en los comentarios xd,Non Support,No,No
1094,eso me asusta,Non Support,No,No
2423,Primera vez q veo a tik tak no hablar de terror,Non Support,No,No
1984,La peor traición,Non Support,No,No
149,Felicidades!! 🥹,Non Support,No,No
700,que buen video  yo te sigo en tik tok,Support,Individual,No
92,Un orgullo para nuestro país ver a todos estos atletas que dejan todo y se esfuerzan cada día,Support,Group,Other
1982,Todes tenemos derecho a ser respetados y felices. Feliz mes del orgullo!!! ♥️🏳️‍🌈,Support,Group,LGBTQ
1734,En Burgos es hoy san pedro y san Pablo y también el orgullo gay,Non Support,No,No
2282,"un detalle, el genero no es la etiqueta que nos pone la sosiedad. sino mas bien el como nos identificamos, abeses coinside con el genero y o sexo asignado al nacer o otras veces, en las que no coinside",Non Support,No,No
3225,Recuerdo ese dia... El dia en el que todo Uruguay festejo la victoria de España.,Support,Group,Nation
1676,*Yo soy gay* 🏳️‍🌈,Non Support,No,No
935,que te atraen las personas inteligentes? que mamada es esa??,Non Support,No,No
2879,Preguntale a Giordano Bruno o a Galileo y si hubiera un mas alla te responderian que estas rotundamente que estas equivocado.,Non Support,No,No
1786,Yo me identifico como una ametralladora mg42,Non Support,No,No
3188,Primero que nada el científico antes tenía que tener mucho cuidado porque si no lo mataban o lo castigaban el científico que se revelaba contra lo in contrario de la Biblia no podía decir nada se tenía que meter la lengua dentro de su.. el científico nada más con decir que el planeta Tierra no era el centro del universo Olvídate lo desaparecían.. el científico no está en guerra con la religión tienes que aclarar eso bien el científico Lo único es que no ve ninguna prueba de un Dios el científico ha descubierto como el mundo trabaja cualquier evento que pasaba en los tiempos de antes rápidos a una intervención de un Dios el científico ha comprobado que los rayos no vienen de un Dios el científico ha comprobado de que muchas cosas que hay en este mundo como el eclipse como los rayos como las tormentas no vienen de un Dios simplemente el científico tiene que buscar suficientes evidencias de algo que ellos puedan decir si de esta manera pero Sin evidencia ellos no pueden decir algo que no hay evidencia Eso es todo Es algo Lógico es como cuando tú vas a un salón de corte y Dices esta persona mató a esta persona tú tienes que demostrar que esa persona en realidad mató a esa persona tienes que Probar con evidencias tener evidencias concretas demostrar que si esta persona ha cometido un delito Eso es todo es algo tan simple y tan sencillo de entender,Non Support,No,No
3192,Eso guerreras Aztecas mucha buena vibra para mañana mucha suerte porque es también un rival fuerte,Support,Group,Women
655,"orientaciones jajaja esas son webadas tu naces mujer y eres mujer , naces hombre y eres hombre no te puedes cambiar de genero a  o te gustan las mujeres o lo hombres nada mas que es esa webada de pansexual y transexual , y lo peor esque hay gente gey que adoptan hijos como esperen que haiga gente normal en un ambiente anormal",Non Support,No,No
146,Está crack ya hizo más historia que los chiquitigres😎😎😎😎.,Support,Individual,No
1727,Solo hay 2 generos masculino y femenino,Non Support,No,No
2140,":( yo amaba mucho este canal, en verdad pero por qué.. esto.. bueno como dijo un buen amigo los ídolos caen :'v",Non Support,No,No
1953,"Lo del género os haveis colado mucho, que etiquetas ni que perro muerto...",Non Support,No,No
932,Me considero lesbiana y nobinario a pesar de que para mi edad (no voy a decir mi edad por qué quizá después me tiren haré) sepa estas cosas o me considere nobinario y lesbiana igual me siento bien con eso aunque algunas personas y o amigas y compañeros no saben igual familiares :V,Non Support,No,No
1617,Soy Arromantica (creo),Non Support,No,No
1944,Solo diré: A mi me llevan preso como diga lo que opino de esto ahora mismo,Non Support,No,No
266,"Solo para callar bocas ellos tienen menos apoyo de la conade para la decepción que hicieron nuestros atletas en lugar de decir si nos equivocamos no lo logramos se escudaron que no hubo apoyo en el caso de tiro con arco una decepción ellos venían de un par de meses ser campanas mundiales en equipos 
Tenían el ritmo 
Tenían la experiencia pero fracaso es el mismo caso que la gimnasia artística venían de ser campeonas mundiales y séptimo lugar",Support,Group,Other
1362,Soy etero uno normal tengo una crus de regalo que le doy,Non Support,No,No
1015,Como detengo la queilofagia??😀🦶,Non Support,No,No
906,Todos tenemos banderita 😊,Non Support,No,No
1387,solo hay dos generos mujer y hombre,Non Support,No,No
3233,Soy acapulqueño orgulloso de mi piel negra orgulloso de ser afromexicano desde que yo iba a la secundaria decía yo soy un afromexicano mi abuela es de cruz grande guerrero y desde niño me siento un príncipe de los negros como me decía mi tío en paz descanse y soy alegre me gusta bailar traigo el ritmo en la sangre,Support,Group,Black Community
2567,Lo único que entendí que no tienen papá:v,Non Support,No,No
439,"DEJEN DE PRESENTAR ÉSTO COMO SI FUERA NORMAL, CUANDO ESTÁ MÁS QUE ESTUDIADO Y COMPROBADO QUE ES UN TRASTORNO...SE LLAMA:
""DISFORIA DE GÉNERO""
NO ES NORMAL, ES UN TRASTORNO.",Non Support,No,No
649,Me identifico como un pez espada,Non Support,No,No
2073,QUE MUERA EL BINARISMO DE GÉNERO!!🌈,Support,Group,LGBTQ
645,"Buenas, tengo un amigo que se llama Alberto, siempre me he preguntado si era gay. El otro día salí de dudas, le pille besandose con mi amigo Jc en su habitación mientras estaban ""viendo anime"", me parece que esos dibujitos para niños han causado mucho daño y las personas que los ven acaban desconcertados sexualmente hablando.face-green-smiling",Non Support,No,No
2870,"la cuencia busca, encuentra, demuestra y muestra
la religion solo comenta y nunca muestra la verdad logica",Support,Group,Other
304,Pero la selección mexicana de televisa masculino no da una 😂😂😂😂,Non Support,No,No
1880,"No tengo mucho en contra del tema.pero eso de que inventen géneros para fingir ser algo raro,Me molesta.O que les tengan que tratar mejor o de diferente forma, beneficiosamente o no,a las personas del LGBT,también me molesta.Solo pido que en un par de años el mundo mejore y no cambien las ideologías de hoy en día",Non Support,No,No
1376,"Yo tengo una duda de mi 
Orientación me pueden gustar mujeres y hombres pero no soy bisexual a veces me gustan las mujeres pero no los hombres y a veces los hombres pero no las mujeres es raro en qué categoría entro por cierto soy hombre",Non Support,No,No
1768,Like si amas a los gays,Non Support,No,No
2330,donde quedo mi feliz dia del hetero?,Non Support,No,No
3035,"yo soy cristiana y en ningun momento me han enseñado a que tengo que estar peleada o en contra de la tecnologia.....al contrario, nos dicen ke Dios  da los dones y las aptitudes para ke la tecnologia y la ciencia avancen y debemos estar agradecidos con eso....por ke ayudan a curar enfermedades etc......claro ke nuestra confianza primero esta en Dios",Support,Group,Religion
473,"Aquí persona asexual, arromántica y agénero.",Non Support,Group,LGBTQ
1807,FELIZ DIA DEL ORGULLO 🌈 LGBTIQ+,Support,Group,LGBTQ
1981,Disculpa que a qué horas pero pueden hacer una creepypasta de beniju es que hay muy pocas de beniju y pueden hacer sobre beniju pierde los modales,Non Support,No,No
632,el de bear es cuando te gustan los osos,Non Support,No,No
759,"Yo cuando tenia 10 me identifique como bixesual y ahora Estoy confundida sobre mi genero xD pero yo siempre pienso que me tengo que tomar mi tiempo ya que tengo muchos años para pensar. Si se pregunta por mi confusión es que aveces siento que no soy mujer, al principio pensé que podia ser hombre pero es que no me siento para nada hombre después pense que podría ser genero fluido pero  como dije antes no me siento para nada hombre y ahora puedo pensar que quisas puedo ser no binario pero siento que lo tengo que pensar,confirmarme haci misma y saber que realmente me siento haci porque sinseramente pienso que más difícil decir Ya que el genero es muy importante y algo que cambia muchas cosas al decirlo.Si leiste esto gracias me gusta expresarme",Non Support,No,No
590,"La voz es tan hermosa, el video perfecto",Non Support,No,No
907,NO HABLA CON SUBTITULOS!!!!,Non Support,No,No
786,"Afirmo abiertamente que soy una hate de lo q se llama género

En la especie humana hay hombre, mujeres u otros (mal formaciones genericas -aunque se oiga discriminatorio-)

Pero me parece absurdo que tu te identifiques como hombre siendo mujer o te identifiques como mujer siendo hombre

Lo mas parecido -mas coml característica de la propia persona-. Para mí sería correcto que un honbre se considere femenino, pq claramente la sociedad a ""impuesto"" que ciertas cosas son exclusivas de las mujeres, cosa q tampoco me gusta pq literal es un agregado superficial a tu cuerpo; o ciertas formas de ser que son referente a ""lo delicado"" o características muy resaltadas de lo considerado femenino (actitudes)

Que realmente como sabemos no vienen por default sino q son enseñadas por la sociedad, por lo tanto femenino y masculino es en definitiva un construto social
Pero hombre o mujer o intersexual es la biología, y obviamente tu sexo te da características fisiológicas y biológicas, pero eso es solo una parte de tu ser y no tu totalidad

Para mi lo correcto referente a la sexualidad humana es tu sexo, tu orientación sexual (+ cosas personales -condiones de atraccion (en parte biológica), emocionales y gustos físicos) obviamente estas estan relacionadas pero no totalmente ligadas, y a estas 3 le llamo atracción psicóloga.

Como decía xd para lo acertado sería, tu sexo, tu orientación sexual y tus ""relaciones de pareja"" (monógama, poligamia y no se q más)

Y bueno eso xd ese es mi opinión y mi ""modelo""",Non Support,No,No
1660,🏳️‍🌈✊🏻✊🏼✊🏽✊🏾✊🏿❤️,Non Support,No,No
2843,"LA INGENIERIA, LAS CIENCIAS EXACTAS, LA QUIMICA, LA FISICA ME HA ENSEÑADO COMO FUNCIONA Y COMO CREÓ DIOS ESTE UNIVERSO QE NO ES PERFECTO, SI NO QUE VA MAS ALLA DE LA PERFECCION

Los cielos cuentan la gloria de Dios,
Y el firmamento anuncia la obra de sus manos. 

Salmos 19:1",Support,Group,Religion
2163,me encantó el vídeo gracias por enseñarnos a salir del closet y decir lo que sentimos🏳️‍🌈🏳️‍🌈🏳️‍🌈🏳️‍🌈🏳️‍🌈🏳️‍🌈🏳️‍🌈🏳️‍🌈🏳️‍🌈viva la bandera de LGBT 💛💙💕,Support,Group,LGBTQ
2601,"Estuve en París y la verdad daba asco. Es el genocidio del pueblo francés, sigan votando por gente como macron.",Non Support,No,No
1029,heterosexual gracias por ver XD,Non Support,No,No
373,"Me pueden contestar una pregunta cual es el género donde una persona  tiene una pereja pero no quieren tener nada a físico ose quiero estar con una persona pero tratarse como amigos, una pareja sin besos  sin relaciones sexuales sin amor solo tratarse como amigos pero somos pareja.",Non Support,No,No
1835,Pueden hacer un video explicando que significan cada bandera?,Non Support,No,No
1597,"Honestamente creo que solo debería existir..
Heterosexual
Bisexual
Asexual
Lesbiana
Y quizás, quizás género fluido pero con el nombre de ""Persona que no sabe que generó es""
Los demás para mí son ridiculeces.

De todas formas, buen video<3",Non Support,No,No
1332,Y ahí siguen intentando clasificar a las personas… no es tu culpa solo lo digo por decir,Non Support,No,No
1050,"Creo que soy asexual, ya que me gusta alguien de mi mismo genero y otra de mi genero opuesto, peroal imaginarme con alguien como pareja me entran escalofríos y miedo horrible, que xuxa soy (pregunta seria)",Non Support,No,No
684,"Wenas, soy Alex. Hace unos meses tuve una pequeña charla con mi madre sobre mi orientación y mi género, en sí la charla se dio porque estaba viendo Heartstopper-..(Aclaró, mi madre es súper religiosa.) Le dije que me identificaba como género fluido y tal vez bisexual, aún tengo 14 así que me dijo que poco a poco lo vaya descubriendo, ella me dijo: ""No importa si me llegas con que tienes novia o novio, yo lo o la voy a querer de todas formas."" Y ahí me puse a llorar bien feo, porque sinceramente ella siempre me dijo que eso estaba mal y pobre de mi si salía con que tenía novia, pero al fin y al cabo me dijo que si se me notaba poquito, el otro día en las olimpiadas de mi cole le presenté a mi pareja (una chica) y ella no me dijo nada, solo que los padres de esa chica son muy homofóbicos y descubrieron que él es trans y bisexual, casi lo echan de su casa… bien, ahora tengo un problema, contarle a mi padre. Él se la vive reclamándome porque no uso faldas,vestidos,aretes,etc y siempre se la pasa diciéndome: ""¿que eres hombre?"" Y eso me causa un conflicto interno ya que me hace dudar si como soy esta bien o no, pero siempre recuerdo las palabras de mi madre y me siento mejor :)…",Non Support,No,No
2961,Habla sobre los científicos que mencionaste:))),Non Support,No,No
42,"Felicidades Gloria,🎉",Support,Individual,No
1705,Yo y mis panas iremos a romper todas la banderas 😎,Non Support,No,No
2193,Son una desgracia .Dejen de adoctrinar a la sociedad boluda  ...,Non Support,No,No
2534,Esos me entienden 👩‍❤️‍💋‍👩🏳️‍🌈biba,Support,Group,LGBTQ
402,Estén orgullosos de los que son,Non Support,No,No
1465,Soy entre lesbiana y pansexual,Non Support,No,No
574,Ahora entiendo mejor muchísimas cosas,Non Support,No,No
1722,Ya perdí unos tiktakers,Non Support,No,No
3073,que tal filosofia v/s religion?,Non Support,No,No
1001,Pues soy gay 🌈 y la verdad es complicado aprenderse toda la orientación sexual pero se aprende para respetar las demás,Support,Group,LGBTQ
1626,Cada día más hetero 🏳️‍🌈❌️ 🏴🏳✔️,Non Support,No,No
1840,"**convulsiona al ver que todos los canales tienen la bandera gey en sus fotos de perfil**











Además







SOLO HAY 2 GENEROS HOMBRE,MUJER  HOMBRE,MUJER OOK¡¡¡¡¡¡¡????",Non Support,No,No
917,Soy Asexual y naci Mujer pero me identifico con el Genero Hombre,Non Support,No,No
2972,"La teología se sostiene con la ciencia porque no es capaz de sostener sus propios argumentos. ¿Por qué la ciencia es escéptica? Sencillo, porque sus argumentos verídicos no pueden ser los mismos de una religión entre miles de millones más.",Non Support,No,No
733,soy una mujer Heterosexual pero sin embargo los respeto,Support,Group,LGBTQ
1428,la demisexualidad es muy diferente a querer a alguien solo aclarar eso,Non Support,No,No
3082,5:55 igual al récord de cubo de Rubik 3x3 por alemán mats valk :b,Non Support,No,No
3170,Un tipo con un alto coeficiente y gran corazón se te nota mi pana q tù interés es las Almas q serán salvas Diostb hmn.,Non Support,No,No
3177,"- la religión solo retrasa a la ciencia.
- no tiene sentido que la ciencia y la religión dialoguen porque hay muchas religiones y unas dicen cosas totalmente diferentes a otras (cual sera verdad).
- religión con el objetivo de descubrir la verdad jajajaajajaajajajaaaaaaa
- lo que le falta a la ciencia se complementa con filosofía no con teología.
- la religión no a aportado nada que no podamos tener si religión (el arte si aporta cosas que de lo contrario no).

me bale huevo lo que esos profesores digan. un padre astrónomo colaborador de la nasa, profesor no se de que putas universidad importante, dijo en un debate con un ateo que la tierra tenia 6000 años, no puede aprender geología en el coco no le van a cuadrar las evidencias (no quiero volver al oscurantismos espero que la cantidad de eso tipo de padres ""científicos"" no siga creciendo).",Non Support,No,No
1797,Jajajajajajajajajaja que pena ...,Non Support,No,No
1345,Mi mastro no respeta un dia dijo naciste hombre eres hombre naciste mujer eres mujer nada de que hay soy mujer pero quiero es hombre o soy hombre pero quiero ser mujer no nada de eso,Non Support,No,No
3103,"morir con un corazon feliz y sin arrepentimiento
+
morir con una mente sabia y llena de conocimiento
=
vida hecha y perfecta.
Como dice mi pabre todo en exceso hace mal
asi que equilibren su balanza",Non Support,No,No
174,Y ellos no andan con....esquí no nos apoyin esquí no nos dan dineri esque ya hicimis histori. Isqui ustedis qui han hechi,Support,Group,Other
1119,Aun no entiendo nose cual jenero soy,Non Support,No,No
405,"hola Psych2Go puedes hacer un video sobre los  ataques de ira plisss   :D
gracias",Non Support,No,No
1249,"Tengo un amigo homofobico y el a cada rato me repite ""hay dos géneros,  lo demás es mamada"", me sentí mal, pero con el tiempo ya fui aguantando todo, ahora casi ni duele.",Non Support,No,No
3122,"La religión si a aportado cosas al conocimiento, ha sido, como decía Ayn Rand, una especie de filosofía primitiva. El hombre primitivo (decía ella) necesitaba atar los cabos con respecto al mundo (cómo está compuesto, como se ha formado etc) y al no tener los elementos que tenemos hoy en día ha recurrido a esta filosofía simple que hoy llamaríamos religión. 
La diferencia entre este tipo de filosofía primitiva y las demás es que ésta afirma tener la verdad y las otras teorizan la verdad y una vez que se comprueba una verdad ésta deja de ser filosófica y pasa a ser un hecho comprobado. Deja de ser un postulado filosófico para ser uno científico. 
No tengo ningún problema que la idea de un dios sea tomado de forma filosófica, pero cuando se presenta como la verdad absoluta, sin ninguna clase de pruebas, y peor aún, quiere manejar la forma de vivir de los demás, es ahí cuando empiezo a tener mis problemas con la religión. 
Es cierto que la ciencia no puedo determinar qué es bueno y qué es malo, para eso está la filosofía que mediante el razonamiento determina qué es bueno y qué es malo. No se basa en un libro arcaico y obsoleto como lo es la biblia que tenía principios morales de hace miles de años atrás.",Non Support,No,No
2962,"Te equivocas colega, Los Cientificos no odian a la Religión, porque lo harían? En cambio la Religión desde tiempo atrás a amenazado a grandes e historicos científicos, sólo porque estos cuestionaron la existencia de Dios, eso si es ODIAR, pero a la Ciencia.",Non Support,No,No
3230,Desde argentina 🇦🇷 felicidades hermanos mexicanos  los quiero mucho 🇦🇷♥️🇲🇽...me mire todos los partidos de México en Espn ❤😊,Support,Group,Nation
533,UwU baile outro UwU,Non Support,No,No
1941,Feliz día del orgullo a todos (yo soy bi) 😸💗💜💙,Support,Group,LGBTQ
1367,Dos generos y21 tipos de gays xd,Non Support,No,No
175,"Nose oe , veo esta competencia algo injusta para varios competidores",Non Support,No,No
609,"Yo tengo las configuraciones en estandard, osea normal",Non Support,No,No
257,Estos guerreros son los que se deberían llevar   para su preparación todo el presupuesto de la mediocre y vergonzosa selección de fútbol mexicana.,Support,Group,Other
2372,"Cómo dijo el perro inteligente: solo existen 2 géneros, los demás son mmdas",Non Support,No,No
872,Yo pensando q era bisexual y resulta q soy pansexual jeje gracias a este vídeo entendí,Non Support,No,No
738,"Holaaaa yo soy bisexual y pansexual pero mas bisexual ariba las bisexual 🩷
              💜
              💙",Support,Group,LGBTQ
2757,La Toráh es la raíz  de la palabra de Dios . Primero la religión cristiana se despega  del catolicismo.,Non Support,No,No
2657,"en bogotá ser negro es una ventaja....te dan universidad gratis,vivienda gratis,hasta subsidios de familias en acción la mayoria son afrodescendientes.....siento que se victimizan",Non Support,No,No
1794,"hasta que punto a llegado la humanidad de decir estas cosas que no son correctas y si no estoy de acuerdo se molestan, a mi me gustaba este canal lo empezado a ver hace poco pero ya no entiendan que las cosas no son así se equivocan.",Non Support,No,No
1319,"¡Holiii!.

Bueno, yo soy género fluido y pansexual <3!

Mis pronombres son ""ella/él""
Y como él bien lo explicó, fluimos de un sexo a otro, su nombre bien lo dice uwu.

Muchas veces cuando me presentó dentro de un grupo de amigos, y aún estoy dentro del clóset con ellos-
Al final suelo decir que soy ""gay"" ¿por qué? Bueno- muchos sabemos que con decir la palabra ""pansexual"" empiezan las burlas hacia ello :/ 
Me a tocado la suerte pura de encontrar a personas que respetan lo que soy, mientras que otras- no lo hacen x,d!
So!. YA CASI SE ACERCA NUESTRO MES AMIGXS! SAL DEL CLÓSET Y DISFRUTA TU VIDA COMO DEBE SER, TKMMM Y ESTOY MUY ORGULLOSO DE LO QUE ERESᰔᩚᰔᩚᰔᩚᰔᩚᰔᩚᰔᩚ",Support,Group,LGBTQ
2482,"Hola chicos cómo están? Tengo una duda soy asexual pero estoy empezando a pensar que soy no binario ya que los pronombres de el o ella no me hacen sentir comodx y no me identifico con hombre o mujer y bueno acá está mi duda: Se puede tener dos géneros (asexual y no binario) o hay alguna ""combinación"" entre asexual y no binario
Ayudaaaa",Non Support,No,No
813,*procede a enviarle el vídeo a sus papás*,Non Support,No,No
2715,"Como se dan de pechos en todo el mundo en cuanto a la musica, pero como desprecian a aquellos que la crean.",Non Support,No,No
2160,soy tu fan numero 1,Support,Individual,No
2463,Tuve que usar el celular de mi apa para llegar rápido jakjsjkja gran video-,Non Support,No,No
2792,Si la catolica es la verdadera porque abraham no bautizo de bebe a isaac??? E hicieron lo propio los demas patriarcas?,Non Support,No,No
1268,hay 36 banderas 😱,Non Support,No,No
2104,"yo ccando dijo ""tolerantes"": lo arruinaron todo. repitan conmigo LA TOLERANCIA ES FACISMO EN REPOSO!!!. No ahi que ""tolerar"" ahi que respetar",Non Support,No,No
1895,"""700 generos diferentes y ninguno se reproduce, nadamas el hatero por defecto""

- un Among Us basadisimo",Non Support,No,No
2247,"La clase media está desapareciendo los jóvenes son pobres sin ni siquiera nacer hay inflación en todo el mundo la guerra de Ucrania y Rusia posible guerra nuclear y la gente quiere saber ke est mrd



Re ardido xD",Non Support,No,No
2312,Yo tengo una amiga que dice que quiere ser hombre 🙃,Non Support,No,No
841,"Yo soy Pansexual y Género Fluido, y para mi suerte no me han discriminado hasta ahora, a excepción de mi papá; pero él es un caso aparte, ni si quiera vive en mi casa; está separado de mi mamá. Es super fobico con la comunidad lgbt y no le agrada mi sexualidad ni como me identifico. Aún así me chupa un huevo y yo soy tal y como me siento.
Sean libres, no dejen que nadie les haga ser algo que no son<3.",Non Support,No,No
2458,"""Los generos son para la musica, no para las personas"" - PEPSI",Non Support,No,No
829,yo soy delfin de las aguas profundas del antartico sur unidas comunistas nacionalesexual,Non Support,No,No
746,"soy gay me gustan los hombres.....but soy mujer xd, SOY HETERO :3",Non Support,No,No
2062,"a todos los que creen tener o apoyan este tipo de géneros déjenme decirles que ""Dios los ama pero no ama a su pecado"" por que Dios,  varón y hembra los creo, y aunque quieran ser un montón de cosas solo quedaran en creencias nada mas por que aunque quieran negarlo dentro de ustedes esta definido la biología humana del varón y de la mujer. ""Dios los bendiga"" asi tambien definio sobre el matrimonio ""
Por tanto el hombre dejará a su padre y a su madre y se unirá a su mujer, y serán una sola carne"" ese es el normal desarrollo de una familia de un padre  una madre e hijos que puedan procrear ese es el verdadero orden que dejo Dios fuera de todo ello es libertinaje",Non Support,No,No
641,"Solo hay dos géneros
Si quieren funenme
Veo ah boybach y alancecuatro,creen que un suscriptor de eso tipos va ah  tener miedo ah la funa",Non Support,No,No
1481,Yo soy gato sexual,Non Support,No,No
3201,"Se me pone la piel chinita con tanta belleza, armonía, fuerza y energía !!! Qué gran orgullo! Muchas felicidades, campeonas! Y gracias a los patrocinadores por su apoyo y generosidad, porque la bestia que debería apoyar con recursos sirve para tres carajos!!!",Support,Group,Women
2076,"Cada ves salen mas enfermos psiquiátricos, pensando que sus enfermedades son normales y queriendo que la sociedad los acepte 😱😱😱😱esa enfermedad se llama disforia de genero, al rato van a salir los enfermos mentales o los drogadictos diciendo que no están enfermos que no requieren tratamiento que así se sienten bien viendo elefantes rosas que los respeten, obligándonos a aceptar que sus locuras son normales 😱😱😱
les urge una consulta psiquiátrica",Non Support,No,No
1994,"Otro lobbie que no aporta nada,  creado por la corriente del marxismo cultural para enfrentar sectores de la sociedad y mediante el victimismo captar el voto.........todo una auténtica basura ideológica política, al final ellos mismos se están discriminando siguiendo el juego de quienes lo han creado.",Non Support,No,No
132,Como buena mexicana oír nuestro himno 😂llorando de alegría ! Viva esta atleta mexiquense !👏👍🇲🇽🍻,Support,Individual,No
2203,Feliz día del orgullo 🏳️‍🌈,Support,Group,LGBTQ
1310,Identidades de género*,Non Support,No,No
1393,Ns,Non Support,No,No
2702,"Minuto 12:55 hasta Minuto 14:20 La maestrita del balecito al parecer se cree mucho, me parece que al menos ella tiene cierto grado de racismo en el 75 por ciento de su cerebrito, el otro 25 por ciento no sé qué tiene. Mire maestrita no se crea mucho que en este mundo todos somos iguales, lo único que hace diferencia es que hay personas con mejores oportunidades, mejores trabajos, mas dinero, comida y hasta viven en un país más desarrollados que otros, pero la final todos somos seres humanos iguales, usted va al baño, tiene necesidades, le da hambre, le da dolor, se tira su purruchada de MIERDA, tiene aspiraciones en la vida y hasta se enferma como cualquier ser humano. Unos nacen con ciertas habilidades, capacidades o destrezas sea para la música, el baile o lo que sea y otros no, pero también hay personas que pueden desarrollar alguna habilidad o destreza mediante estudio u alguna técnica específica, pero Nadie es más que Nadie en este mundo. El Sol sale para todos y la lluvia cae para todos, igual se muere un niño, un adulto, un anciano, sin escoger edad raza o color. Y al final todos nos vamos a morir y nadie se lleva nada, sea más humilde y no se crea la más flexible, que me parece que de flexibilidad en el corazón no tiene nada con ese tipo de respuesta, hasta entrecortada se escuchaba su voz, No se crea la gran cosa por favor. Espero que pueda leer este mensaje, le hablo así de fuerte para que se baje de ese orgullo mal infundado que tiene, y si le dolió sufra un ratito que tampoco se va a morir por esto. Recuerde que el humilde es quien prevalece. Saludos desde Puerto Rico.",Non Support,No,No
186,Muy bien campeona ♥️,Support,Individual,No
628,yo me siento identificado con un buque,Non Support,No,No
954,yo mmm.. Yo soy. A mi me bustan las mujeres y yoquiero ser hombre por algoy no se,Non Support,No,No
2935,El primer hombre fue hecho con una bolita de barro. Genial!!!!,Non Support,No,No
105,"QUE  CHINGONA!!! LOGRO LO QUE NINGUN INUTIL COMPATRIOTA PUDO EN LOS OLIMPICOS PASADOS!!! EN HORA BUENA""""",Support,Individual,No
658,O mejor lo digo así soy BISEXUAL,Non Support,No,No
3130,Si alguno de vosotr@s tiene la duda de la existencia de Dios OS invito a k veáis la película de Dios no esta muerto la ciencia avala de k si existe y muchas de vuestras preguntas se responderán confía ten fe en Jesucristo dios OS bendiga a todos,Support,Group,Religion
1292,Yo soy de Diana,Non Support,No,No
1248,Si men hay otro que se llama itemsexual y son los que se sienten atraídos a objetos inanimados 🤣🤣🤣🤣🤣🤣🤣🤣🤣🤣🤣🤣🤣🤣🤣,Non Support,No,No
1234,Entonces me puedo identificar como una cucaracha?,Non Support,No,No
43,"que hermosa se ve la bandera ahi. tan preciosa es la bandera mexicana. 
<3

y cada bandera es preciosa, representan a su población.",Non Support,No,No
3134,ignoraanciaaa!!.....xD,Non Support,No,No
3040,"Aunque es evidente que este vídeo tiene tendencia a ser mas de entretenimiento, con mucho respeto le sugeriría que revise temas como la epistemología   del conocimiento.
Desde una perspectiva epistemológica positivista podríamos decir que la ciencia abarca toda la realidad posible, es decir que el conocimiento científico antepone un patrón de verdad, el cual está sustentado en un hecho verificable a partir de un método de análisis y estudio, que  evalúa, comprueba y ratifica la causa de todo hecho concreto;  pero ¿qué es la realidad? ;  Acaso es la respuesta concreta del objeto y el sujeto,  o al contrario la realidad es subjetiva y tiene diferentes interpretaciones,  evidentemente la ciencia no da respuesta a todas las realidades ya que estas están comprendidas en el marco de la subjetividad. 

Obviamente que existe un choque epistemológico  entre estas dos posturas de pensamiento, ya el saber científico sugiere el estudio total del objeto y el sujeto y la relación  existente con su medio, por otro lado el visón teológica del catolicismo se remite a que todo saber está sustentado por un poder divino, y que utiliza una única metodología la ”fe”.",Non Support,No,No
2172,"Puras tonterías, de acá a 3000 años cuando nos encuentren los arqueólogos ellos no tendrán tiempo de averiguar esas cojudeces de que si el cuerpo que encontraron era género fluido, no binario, etc, o es masculino o es femenino, fin de la discusión.",Non Support,No,No
1012,"Soy asexual y  siempre quise que la jente lo respete  ya que ami nadie me gusta mi mamá piensa que me gusta un compañero pero niciquiera 
Ya que tengo un tío que es trans pero el es amable pero barios no lo respetan",Non Support,No,No
1221,"Cuál es el chiste del cisngenero??
Para mí que no lleva a nada",Non Support,No,No
3249,"Jajajajaj😂 me hace reír este falso profeta ,las cadenas están en tu mente hermano aguante jesús viva nuestro salvador eterno",Support,Group,Religion
2611,"Pasa lo mismo que en españa que quieren cambiarnos en vez de adaptarse al país que los acoge, lamentablemente para ellos el concepto de europa es un continente blanco y no pueden obligar a que los europeos se perciban como no blancos",Non Support,No,No
2606,Primero decir ser negro en Francia está mal dicho Francia ya no existe mejor será decir ser negro en un país que parece África,Non Support,No,No
2906,56 segundos y me aburri xD,Non Support,No,No
567,Estoy feliz de ser bisexual 🏳️‍🌈🏳️‍🌈🏳️‍🌈🏳️‍🌈🏳️‍🌈🏳️‍🌈🏳️‍🌈,Support,Group,LGBTQ
388,"Hay mucha ignorancia respecto a este tema, siendo que muchos tratan a las sexualidades como sexos aparte de hombre y mujer, siendo que en realidad son orientaciones sexuales que es distinto, gran video como siempre 🎩👍🏻",Non Support,Group,LGBTQ
1798,"Lo único importante es ""ser""  no ""sentirse"" porque Dios nos creo ""hombre"" y ""mujer"" y respetar la biología es respetar la naturaleza creada por Dios y no desvirtuarla según los intereses del ser humano!!! ALABADO SEA DIOS POR LOS SIGLOS DE LOS SIGLOS!!!",Non Support,No,No
764,"Yo vi este vídeo por creo que soy  bisexual 🥺 no le puedo decir a nadie me verían mal , bueno solo a una amiga que es lesbiana pero ahora me gusta un chico pero solo creo que soy bisexual solo creo no estoy muy segura",Non Support,No,No
1424,"Estoy un poco confundida, antes creia que era bisexual, pero me estoy dando cuenta que podria ser sapiosexual o genero fluido, y por esa razon podria entrar en una crisis existencial si es no lo e hecho ya.",Non Support,No,No
476,Este vídeo me ayudó mucho a reconocer un poco más sobre la comunidad y aparte entender mejor con qué podría identificarme. Pero igual prefiero seguir sin etiqueta 😭😭💕💕,Non Support,No,No
1394,Yo soy BoongaBoonga sexual y me considero un Boonga Boonga,Non Support,No,No
1097,Tambien aveces soy genero fluido pero mi orientación sexual varia de como me sienta XD,Non Support,No,No
1358,Yo quepo el los bisexuales:),Non Support,No,No
1561,"Soy cis-género, bisexual, me llegue a identificar como demisexual pero estaba mal",Non Support,No,No
2353,"Rayos,vine a salir de dudas y me dolió la cabeza...",Non Support,No,No
2696,"Si un blanco dice a viva voz que no le gustan las negras, los negros no lo ven mal, si por el contrario un negro dice que no le gustan las negras, los propios negros lo tildan de racista. Por que?. Si todos somos iguales cada cual escoje lo que le gusta. Pero no es tan simple así el negro vive ese prejuicio y entonces el blanco si puede rechazar a la negra ( que vale igual que una blanca), pero como es blanco y ""superior"" puede escojer, ya el negro no pues si no quiere esposa negra es malo. Un blanco que tiene pareja o amistades solamente negras es alabado por los negros y dicen con orgullo "" ese blanco no está en ná"". Si por el contrario un negro tiene pareja blanca o amistades solo blancas los mismos negros lo llaman despectivamente de ""piolo"" o racista. Prejuicios",Non Support,No,No
610,solo existe *hombre y mujer*,Non Support,No,No
2904,"Sinceramente para mi eres unos de mis youtubers favoritos, ya que el Señor dice que todo aquel que comparta mi palabra con el prójimo estará en el paraíso, pues yo ya te veo en el paraíso amigo y la verdad yo desde la niñez he estado creyendo en Dios, solo que cuando tenia 12 tenia algunas dudas sobre la existencia de Dios, pero leyendo e investigando (en la Biblia) afirme la existencia de Dios, y me gusta que les demuestres a muchos que siempre hay un ser supremo que en caso de los cristianos es Dios, pero hay algunos que no creen y hay que respetar sus creencias",Support,Individual,No
3055,Dios creo la cienvie para que el humano la descubriese? :v,Non Support,No,No
3026,"Quisiera ver el debate entre un borracho ateo y uni religioso, seguro que hasta entre los dos descubren los secretos del universo :v",Non Support,No,No
446,"Perdón pero... el muñeco del final parece que tiene un cuerpito hecho de palos kskahkssj
Son sus manitas, pero lo quería decir xd",Non Support,No,No
787,Pues en mi humilde opinión está mal ser gey hay que tener la fuerza para aceptar lo que eres no me vengan a meter mamadas en la cabeza eso está mal y punto,Non Support,No,No
118,Una Reyna 🎉lo bueno que los próximos olimpiadas es casa 🏡 en los angeles California,Non Support,No,No
2221,Seguidor menos,Non Support,No,No
412,No tiene mucho sentido que dijamos pero bueno lo que deberían ASER es solo ser quien sea y ya,Non Support,No,No
1756,"Si si, yo ya tengo todo predeterminado",Non Support,No,No
1229,Pregunta que es antro sexual? Es una persona que no sabe su sexualidad o que es,Non Support,No,No
3167,"Muy buenos tus videos, excelentisima idea de hablar de Dios en las redes sociales, mis respetos; tienes los pantalones bien puestos, saludos desde Mexico 
una duda ¿QUE SIGNIFICA GTG?  Tienes un suscriptor mas DTB! :D",Support,Group,Religion
1556,Mano yo llegue aca porque me salió y ya,Non Support,No,No
1045,"Hola! me gusta mucho tu contenido, pero en este video hay algo de desinformación. 
Primero, las orientaciones NO van por sexo, sino por identidad/género, como persona trans, el que se siga diciendo que van por sexo es muy molesto e incómodo. 
También la definición dada de ser trans, tiene algo de transfobia, ya que no se ""cambia"" de género o identidad, sino que la identidad/género con el que se identifica es diferente al género que se asignó al nacer.
En definición de ""Queer"", si no me equivoco, añadiste el símbolo de lucha ""queergender"", que tiene otra definición.
Además, el uso de las ""banderas"" cis y hetero no son validas, ya que, las llamadas banderas, en realidad son símbolos de lucha, y las personas hetero-cis, nunca han tenido que luchar por ser respetadas, validadas, etc. 

No quiero que parezca hate, solo quería aclarar esto, saludos y espero me leas:]",Non Support,No,No
1648,Y hoy es mi cumpleaños oh no sabía que también se celebraba,Non Support,No,No
3117,por que haces el simbolo satanico con tus manos?,Non Support,No,No
152,Fue increiblee!!! Felicidadess!! Desde el principio empezaste con todo!! ❤🎉 lo mereces!!!!,Support,Individual,No
2536,Yo soy bi ❤️,Non Support,No,No
543,"Hola Psych2Go cree que podria hacer un video en donde me ayude o me diga que hacer cuando mi novio no se siente suficiente en la relación?
 Gracias. Necesito ayuda 🥺🥺
Saludos",Non Support,Group,LGBTQ
2033,"Todos somos humanos, todos nacemos, crecemos y morimos, tenenemos un hobby, infancia, pasamos por la pubertad, nos ganamos la vida, hemos hecho estupideces y hemos actuado como imbéciles, cometemos errores pero también somos sinceros, amamos nuestra gente que vale oró, como familia, amigos y por supuesto pareja, pero lo más importante...
Todos somos el ser humano, Dios nos creo y nos mando a la tierra por un solo objetivo, ser feliz en la vida y descubrirla ;)...",Non Support,No,No
9,"Que orgullo toda una ganadora!! 🎉❤Por fin se nos hizo a los mexicanos escuchar nuestro himno tan hermoso en París, gracias!!! Disfruta tu triunfo, bien ganado!! ❤🎉",Support,Individual,No
1509,Orientacion?... eso con que se come?,Non Support,No,No
1780,Soy pan genero y recien me entero 🤣🤣🤣,Non Support,No,No
2712,"Aché mi negra, conmigo tampoco nunca han podido. Ni podrán! Este documental es material histórico del racismo en Cuba! Gracias por subirlo!",Non Support,No,No
2332,Apollo a LGTBT,Support,Group,LGBTQ
1787,Me gustaría que hagan un vídeo un poco más largo explicando todas las banderas que están dentro del LGBT :),Non Support,No,No
1084,creo que soy trasexual porqur cuando veo transformes me ecsito,Non Support,No,No
1202,"yo soy bi uwu
sos el mejor youtuber y sos lindo 0w0",Support,Individual,No
598,"""Homosexual: te gusta una persona de tu mismo sexo"" y unos segundos antes dijiste ""sexo: biología"" (lo cual es cierto).
Mas delante dices que gay y lesbiana pertenecen a homosexual. 

Tu video ""dando a conocer"" las orientaciones es transfobico, mas bien lo que haces es hacer que mas personas tengan una mentalidad como la tuya.",Non Support,No,No
2714,Cuba con respecto a otros países con respecto al racismo esta mejor,Support,Group,Nation
2389,Hooo ya entendí gracias,Non Support,No,No
2996,man habla de los catolicos y los cristianos............... para ser mas clara de las religiones,Non Support,No,No
1665,Soy una roca,Non Support,No,No
3020,"5:00 Error, debiste haber dicho: ""Se que da corta de responder ciertas preguntas que van más allá de lo que tus *SENTIDOS* pueden *PERCIBIR* "" .",Non Support,No,No
1704,yo soy lgbt pero este video me hizo entender que no importa el genero que seas se tu mismo,Non Support,No,No
2465,"LPM SOLO HAY DOSSS, DOSSSS!!!!, 2!!!!, GENEROS, POR QUE LA JENTE NO ENTIENDE!!!",Non Support,No,No
3069,QUEDO CORTO PARA MI CREO QUE AUN TENES MAS QUE DAR .. MUY BUENO HAHAHA SIGUE ASI.. LA SABIDURIA VIENE DE DIOS.,Support,Individual,No
736,Ya me confundí co.  no soy gay si soy  gay   ya  no se,Non Support,No,No
2386,Los únicos géneros que existen es hombre y mujer los demás son gustos y si no les parace díganme tienen otro tipo de aparato reproductor?,Non Support,No,No
1615,soy hetero y asexual :>,Non Support,No,No
2272,Los generos son para la musica no para la gente.,Non Support,No,No
510,orgullosa de mi homosexualidad 😂,Support,Group,LGBTQ
2532,"Buen vídeo 👏 para festejar 😃 el día del orgullo 🏳️‍🌈 mereces muchos likes y corazones 👍❤️👍❤️👍❤️👍❤️👍❤️👍❤️👍❤️👍❤️👍❤️👍❤️👍❤️👍❤️👍❤️👍❤️👍❤️👍❤️👍❤️👍❤️👍❤️👍❤️👍❤️👍❤️👍❤️👍❤️👍❤️👍❤️👍❤️👍❤️👍❤️👍❤️👍❤️👍❤️👍❤️👍❤️👍❤️👍❤️👍❤️👍❤️👍❤️👍❤️👍❤️👍❤️👍❤️👍❤️👍❤️👍❤️👍❤️👍❤️👍❤️👍❤️👍❤️👍❤️👍❤️👍❤️👍❤️👍❤️👍❤️👍❤️👍❤️👍❤️👍❤️
PD: espero el siguiente video pliiiiiis 👏✨😎💯🥰👍😊❤️👌😈🔪",Support,Group,LGBTQ
2720,Por favor vuelve a invitarla !! Me fascinó,Support,Individual,No
753,"soy sapio sexual.... y mira que no sabia :v me doy cuenta por que el amorsh de mi vida era ingeniero, sabia chino, ingles, su idioma natal el español (fallecio hace 2 años y aun me duele y no eh intentando nada con nadie por que no puedo) y en su momento me senti muy atraida por mi profesor de comunicacion cientifica, llegaba asi bien vrgas hablando en latin al salon",Non Support,No,No
1144,"Bisexual y poliamorosa : siento atraccion de un hombre y una mujer pero a la vez quiero mas parejas pero casi siempre no sale ;c 
:3 <3",Non Support,No,No
2555,Descarao,Non Support,No,No
2138,Solo hay dos géneros lo demás son mamadas que crearon accidentalmente,Non Support,No,No
2375,Sólo existe dos genoros masculino y femenino nada más los demás son una   hevada,Non Support,No,No
1765,"Etiquetar es la moda de hoy, aún cuando siempre se nos enseñó a evitar usar las etiquetas con las personas. Qué sigue?",Non Support,No,No
2090,quememos los libros de biologia JASKJAJKJA,Non Support,No,No
66,"Que momento ver la bandera de México en lo más alto del podio, increible Gloria Zarza!",Support,Individual,No
1928,Que gey,Non Support,No,No
1715,"si son hombres pero les gusta los hombres esta bien pero no pueden ser mujeres no pueden ser no binario que ridiculo, cambio de genero no existe, porfavor dejen de MOLESTAR CON ESO.",Non Support,No,No
384,ORGULLOSO DE SER BISEXUAL 🎉🐍💃🕺🕺🙏,Non Support,No,No
1997,"Ah bueno, pues me identifico con la letra A",Non Support,No,No
908,Solo a la orientación que le doy mis respetos son a los Heteros *música hetera*,Non Support,No,No
2311,Y los que son del BDSM. porque no son comentados?,Non Support,No,No
338,"Esta re ciego el comentarista, no que muy buena barrida! 😅 Y era penal",Non Support,No,No
321,ME GUSTA ESTA GENERACION TIENEN PERSONALIDAD ..😊,Support,Group,Other
2981,"La idea no es nombrar los ya trillados errores de las religiones, porque si ese es el caso podría citarte Hiroshima y Nagasaki, Chernobyl, las armas químicas, y que gracias a la ciencia tenemos ya el botón para destruir el mundo. La idea es cual debería ser el propósito de ellas, porque si miramos al pasado, el cual es un error ético y no cientifico ni religioso. Ser mejor persona no lo hace una religión, eso es un aspecto social de convivencia humana.",Non Support,No,No
1464,"Yo soy hombre biológico, me siento masculino pero solo siento interés sexual por las mujeres, no romántico. Cómo se le llamaría?",Non Support,No,No
1743,Gay es gay y me alegro que ya termino esta mierda,Non Support,No,No
2142,"Para mí siempre van a existir dos géneros y 73829191 orientaciones sexua/es, gay, lesbiana o bi, y hasta ahí :^",Non Support,No,No
2481,cuánta ideología en un solo video por dios,Non Support,No,No
2662,Me gustaria salir con una mujer afro son hermosas ojala me escriban abajo el racismo un beso a todas las hermosas mujeres afro,Support,Group,Black Community
1656,"FELIZ DIA DEL ORGULLO 🥳🥳🥳🥳🏳️‍🌈🏳️‍🌈🏳️‍🌈🏳️‍🌈🏳️‍🌈
yo soy ASEXUAL
⬛⬛⬛⬛⬛
🤍🤍🤍🤍🤍
⬜⬜⬜⬜⬜
🟪🟪🟪🟪🟪",Support,Group,LGBTQ
1874,"Yo te admiraba, pero ahora.. 🤯",Non Support,No,No
3141,suficiente con ser buena persona no estar como pendejo creen en seres imaginarios,Non Support,No,No
1664,Que asco,Non Support,No,No
3223,VAMOS PANAMÁ!! DESDE ARGENTINA ️,Support,Group,Nation
1504,"Soy un chico trans, gay y demisexual 😿",Non Support,No,No
2328,QUE ASCOOOOOO🤢🤮🤮🤮🤮🤮🤮🤮🤮🤮🤮🤮,Non Support,No,No
2786,😂😂😂😂😂😂😂😂😂 la iglesia católica es la antigüedad religión del imperio romano no es del yaweh o Yashua,Non Support,No,No
2982,Quiero la segunda parte!!❤ Te felicito Carlos! He quedado encantada con tus videos! Saludos desde Argentina!!,Support,Individual,No
2911,Desde mi punto de vista la religión es literatura y la literatura ha servido para manipular a los pueblos a través del tiempo. La ciencia en cambio describe el mundo como lo vemos pero no nos da las respuestas metafísicas que suele dar la religión.,Support,Group,Other
1641,"Nunca entendí la diferencia pero este vídeo me hizo entenderla
Atte: Una pansexual",Non Support,No,No
2990,"que se arme el salseo!
 Carlos publica un video hablando del ""origen de las especies de Charles Darwin!
Esto se va a descontorlaaaaar",Non Support,No,No
2474,"No entendi nada, entendi poco",Non Support,No,No
1771,"Solo existen ""dos"" sexos, acaso se les olvidan a los intersexuales
Género no binario, es mejor decir ""identidad no binaria"" así para que la gente no mal entienda, se confunda y empezando a buscar la maravillosa biblia .___.",Non Support,No,No
1182,Yo soy heterosexual porque a mí me gusta el género opuesto al mío,Non Support,No,No
1404,Holi aquí pansexual 💗💛💙,Non Support,No,No
2928,"Quien posee Ciencia y Arte también tiene Religión; quien no posee una ni otra,  ¡tenga Religión!  

¿Alguien que me explique esta frase?
Por favor.",Non Support,No,No
1962,Cuanta memez hay que leer🤦‍♀️,Non Support,No,No
1247,Soy una mujer Cis-Genero y arromantica! Aunque aun no se lo dije a nadie porque siento que estoy chica para decidir mi orientacion..,Non Support,No,No
34,Qué gran logro para ella cumplió su objetivo y que orgullo para Mexico. Muchas felicidades.,Support,Individual,No
1568,"Amo tus videos, son increíbles y además aprendes sin aburrirte <33
Y soy género fluido y pansexual 💞",Support,Individual,No
457,"Me gustaría que hablarán sobre el arromanticismo, ya que casi nadie habla sobre el",Non Support,No,No
3101,el ser humano le teme a lo que no conoce de hay viene que si la ciencia no explica algo entonces los religiosos lo agarran de excusa y dicen que existe un dios que solo aplaudio y se hizo el mundo.,Non Support,No,No
844,Una pregunta mi hija me dijo que es lesbiana pero quiere que la llame como varón y que tiene una novia que también dice que es el . qué serían gays mujeres no lesbianas es así?,Non Support,No,No
1071,Ayuda como les digo a mis padres q soy bisexual?,Non Support,No,No
681,Solo hay 2 géneros ._.,Non Support,No,No
242,"Yo quiero que Cristopher gane aunque sea una medalla olímpica, si que lo merece...",Support,Individual,No
2107,jajajaa pinches gays,Non Support,No,No
362,"feliz mes del orgullo, yo creo que soy pan",Support,Group,LGBTQ
2382,"Interesante pero en biología solo hay 2 terminos femenino y masculino, y en el adn, y la ciencias forenses, q existan un número de.enfermos mentales en la parte occidental del planeta q no saben q quieren en la vida es otra cosa",Non Support,No,No
2905,"Imaginate un mundo sin ciencia, ahora imagínate un mundo sin religiones, bueno cual es la que a aportado más a la humanidad...?",Support,Group,Other
776,Bola de gentre enferma esta mas perdidos que un perro amedia de una carretera ubicense bola pnj/a  no son lo que piensan son hombres o son mujeres con esecion de las emafroditas,Non Support,No,No
443,:0 :P pansexual pese que era enamorase de un pan 🍞,Non Support,No,No
87,Actualmente se le está poniendo más seriedad a los juegos paralimpicos y casi es igual de meritorio ganar una presea en juegos olímpicos como en juegos paralimpicos.... Felicidades México 🇲🇽🥇👏👏👏,Support,Group,Nation
556,Androsexualidad: Amor entre Androids 😦,Non Support,Group,LGBTQ
329,Levanten la cara para ver a la mejor posicionada.,Non Support,No,No
1179,Solamente le tengo confianza al furry fandom para decir mi sexualidad,Non Support,No,No
2752,"También están otras religiones de la misma iglesia católica que por motivos internos de filosofías que ya no comparten con las que se han separado dela católica.La anglicans,ortodoxas,abrahamicas y protestantes que también  creen en Jesucristo,a esepsion de los judíos y el islam...Las religiones abrahamicas y cristianas,el común denominador es el castigo de Dios por cualquier motivo que el llamado pecador ha echo;y son castigos crueles que manera sádica lo mandan al infierno para toda la eternidad...",Non Support,No,No
2775,hay inumerables milagros y todabia preguntan cual es la verdadera,Non Support,No,No
432,"Soy Hetero pero no juzgo a las personas que tienen diferentes orientaciones, mientras no le hagan daño a otras personas y no usen niños para promoverse",Non Support,Group,LGBTQ
2873,"Soy estudiante del campo social y voy a tratar de explicar sencillamente, no es que la ciencia y la religión sean incompatibles o compatibles,hoy en día se estudia la religión como un elemento que hace parte de los códigos culturales de una sociedad,un elemento importante dentro de lo humano,ahora si el dilema de que dios existe o no. bueno los dioses  solo  son construcciones  culturales,si hay gente que no quiere aceptarlo. bueno su opinión personal no es relevante en la comunidad científica.",Non Support,No,No
1307,soy un transformer.,Non Support,No,No
2155,Soy optimus prime,Non Support,No,No
1717,eteros,Non Support,No,No
3215,Viva México 🇲🇽🇲🇽🇲🇽🇲🇽 arriba mis mexicanos,Support,Group,Nation
2746,"Cualquier religión que presente a un dios justo y amoroso, que a la vez castigue para siempre a las almas en un infierno, esa no es",Non Support,No,No
2455,"Pura patraña sectaria. Esto es otra tribu urbana pero que la sociedad consumista y sus respectivos lobbys políticos, lo han adquirido porque le ven un provecho y potencial bestial. En fin. Vamos de mal en peor de verdad...",Non Support,No,No
1342,A entonces soy bisexual pero no puedo serlo con libertad por qué mí mamá es Cristina y no le gusta eso a si que no me queda de otra😭,Non Support,No,No
2841,calmate no es para tanto,Non Support,No,No
1303,"Porfavor se las pido no le cuenten a nadie, yo me considero gay. Solo que aún no estoy listo para contárselo a todos. Siento que me van a rechazar y no van a quererme.",Non Support,No,No
1471,porque no solo existen 3 diferestes hetero omo lesbianas,Non Support,No,No
1657,Soy Hetero 😎🤑🤑🤑🧐🥂,Non Support,No,No
2488,feliz dia jente lgtbiq pasenla bien aunque no soy un lgtbiq,Support,Group,LGBTQ
2060,Miércoles no me tuve que meter aqui,Non Support,No,No
95,"QUE ORGULLO QUE EMOCION, SE ME SALIERON LAS LAGRIMAS, VIVA MEMXICO",Support,Group,Nation
20,"Hizo realidad nuestro sueño de escuchar nuestro himno en Paris!! 
Gracias gracias gracias!!!",Support,Individual,No
744,Weyyy yo veo tus shorts y me imaginaba tu voz distinta xD la imaginaba más aguda,Non Support,No,No
2279,Yo soy No binario y Lesbiana 🏳️‍🌈💋,Support,Group,LGBTQ
2590,Nunca entendi ese tema asi que muchas gracias,Non Support,No,No
1154,"Me van a linchar pero ya que.....osea no manchen jaja solo hay dos generos y un chingo de gustos y ya , por que le buscan tanto...y no el queer es lo mismo que no binario? Ósea confunden. Bueno adios besitos cuídense.",Non Support,No,No
2930,"La ciencia nesecitas pruebas, se basa en la observacion y la comprobacion, la religion se basa en la fe, que es la creencia en la ausencia de pruebas, no hay interseccion posible.... el conocimiento adquirido por la ciencia es limitado, pero nuestra capacidad de seguir aprendiendo no lo es........los espacios donde la teologia brinda respuestas son cada vez mas reducidos, dicen como no lo puedes explicar con la ciencia, la respuesta es dios,,,,eso es  falso la respuesta es NO LO SE. pero sigo investigando para averiguarlo",Non Support,No,No
1058,"No aparezco:v 
Soy aroace",Non Support,No,No
748,"Hola, soy una chica hetero, pero tu información me ayudo a comprender un panorama mas amplio en cuanto a la diversidad de las personas, muchas gracias por tu contenido, es super dinámico 💕",Support,Individual,No
1606,Yo soy aromántica y se dice que es igual que asexual,Non Support,No,No
2318,"creo en dos cosas: 1.- las personas pueden creer que son lo que quieran, siempre y cuando no obligues a otros a verte de la misma manera. A que voy con esto, tu puedes sentirte, hombre, mujer, hechicero, guerrero de la época medieval, etc, etc, etc. pero no puedes obligar a que los demás te vean de la misma manera porque es completamente imposible y en contra de la libertad porque los estas adoctrinando. 2.- la libertad de elegir quien queremos ser nos fue otorgada por la naturaleza y el limite es el cielo.
como ultimo van varias dudas que siempre he tenido viendo las cosas que están sucediendo en el mundo:
¿Porque la comunidad LGBTIQ+ pide tolerancia hacia ellos pero aun así son intolerantes con los que piensan diferentes a ellos?",Non Support,No,No
234,"Estuvo cardiaca la última parte pero afortunadamente el mexicano ganó el bronce 

🇲🇽🥉

Muchas felicidades!",Support,Individual,No
2313,"Lo siento, no apoyo ni respeto esta comunidad (no. Porque sean gays si no las cosas que hacen)  por esa misma razón de querer ser superiores por gustarles algo que se debe normalizar no  hacerlo superior. yo solo respeto a un gay, bi o lesbiana normales, o trans porque son normales (más bien respeto casi todo en general XD)

No a weones pesados que te recalcan su orientación y se creen pokemones por creer que existe más de 2 géneros  ¯\_(ツ)_/¯
Pd: llámenme homófobo pero si quieren pero solo los dejará ver cómo ignorantes",Non Support,No,No
2187,Feliz día del orgullo<3,Support,Group,LGBTQ
2435,Me gusto como explicastes,Support,Individual,No
2459,Hoy me siento como una play 4,Non Support,No,No
1486,"S3xo: femenino
Genero: Genero fluido
Orientación: demi y pan...",Non Support,No,No
1709,"Empresas cuando termina junio: sáquese

Da algo de pena que solo lo hagan por marketing, pero bueno.",Non Support,No,No
2790,Este si que está perdido Pero. El no lo sabe. O se hace.,Non Support,No,No
2795,"Sin duda alguna, La iglesia católica es la única iglesia fundada por el mismo Jesucristo, No hay otra Mateo 16,18 Dios les bendiga!",Support,Group,Religion
980,Para cuando se actualiza el vídeo?,Non Support,No,No
799,Weyes me van a funar pero vi el titulo y en mi mente apareció el elenco de hazbin hotel,Non Support,No,No
3169,muestra que tu Dios existe payasos,Non Support,No,No
233,"Que impresionante, me emocioné hasta las lagrimas. ¨Mi admiración para Ángel, que orgullo que sea mexicano, Felicidades!!",Support,Individual,No
2616,"11:49 claro como no podia ser de otra forma, imaginate un blanco en nigeria diciendole al pais racista porque no tienen blancos en su gobierno, para estas personas como es costumbre el racismo solo funciona en un solo sentido. A lo que hemos llegado que uno tiene que ver y escuchar estas estupideces ya lo unico que falta es que acusen a las familias blancas de racistas por no tener negros dentro de la familia final",Non Support,No,No
2399,Gracias por esta explicación ya que tengo una amiga que es de género fluido y ella me abrió ese mundo que no sabía que era grande:0,Non Support,No,No
3071,"Me encanta William Lane Craig , recomiendo buscar vídeos de él.",Non Support,No,No
258,"Señoras y señores...el Triton de México no tiene 4 extremidades ..tiene solo 1a pero su corazón y su gallardia es infinita, se apellida Castorena...y es nuestro gran Campeón....!!!",Support,Individual,No
2500,"Solo hay 2 géneros
Gay eres hombre suites siendo hombre
Lesbiana eres mujer sigues siendo mujer
Trans cambias e genero",Non Support,No,No
62,Muchas felicidades Gloria!!! Llevas el éxito en tu nombre!!! Eres un orgullo para nuestro país!! Dios te bendice 🙏💞💐,Support,Individual,No
2719,"No al ateo, no le sirve ser bueno,, sino creyó en Jesús,, ya perdió su salvación el ateo,, no es verdad de lo que dice la chica católica ,, porque no es por obras para que nadie se gloríe,, es por gracia , un don de Dios en Cristo Jesús,,  vez el catonismo no conoce la doctrina de Jesús s, y sus apóstoles, los apóstoles no tenian la mentalidad sesgada  que tienen los católicos,, ,, y dicen venir de los apóstoles, ,, ya vemos que no,,  aun le falta conocimiento a la chica, sobre la doctrina de JEsus,, y testimonio,",Non Support,No,No
1206,Tienes un canal doble?,Non Support,No,No
638,Una pregunta que generó es el que le gusta mayores 🤨,Non Support,No,No
2165,"En realidad hay dos géneros el masculino y femenino, no porq ahora vengan con q soy nose mmm trans es un género.
Digan la verdad por una ves en la vida",Non Support,No,No
1545,yo soy lesviana y cuando le dije a mi mama me echo de la casa me quede con mi mejor amiga la unica persona q sabia q soy lesbiana {ella vive sola con 2 gatos} y ps una cosa dio a la otra y perdi la virginidad con ella desde  eso no ablo con mi mama pero consegui una ermosa novia y planeamos mudarnos pero bueno en fin hasi es la vida  plis q mi mama no vea esto amen,Non Support,No,No
853,Gracias yo soy una persona género fluido nací siendo mujer pero nunca me sentí identificada con mi genero incluso me ponía el cabello de una manera para que parezca de hombre y tod@s mis compañer@s me decían que me veía mejor como hombre y mis papás siempre fueron y son homofóbicos... En fin hoy soy una persona y me siento aveces cómo chica y la mayoría como chico  gracias por aclarar mis dudas 🛐😊,Non Support,No,No
2158,Chale nos traicionastes (se de suscribe),Non Support,No,No
766,Nunca he visto tantas pelotudeces juntas,Non Support,No,No
1242,Yo soy bisexual me gustan los dos géneros y por lo q vi también poliamoroso por así decir me pueden gustar varias personas,Non Support,No,No
1346,Yo soy niña y soy normal soy de un género el género es: niña y me conformo con los niños😊,Non Support,No,No
573,Por favor haced uno hablando de unos cuantos géneros (no todos pq son muchos),Non Support,No,No
1772,Feliz día del orgullo🏳️‍🌈🏳️‍🌈🏳️‍🌈🏳️‍🌈🏳️‍🌈,Support,Group,LGBTQ
453,Creo ser grisexual 😶,Non Support,Group,LGBTQ
617,Soy bisexual y lesbiana 🏳️‍🌈,Support,Group,LGBTQ
682,"Yo estoy algo confundida ya que yo no se que orientación sexual tengo , osea no sé si soy bisexual, si soy hetero, si soy lesbiana, no se , estoy confundida, si alguien sabe cómo se llama ese estado que me lo diga plis
Aunque fuera de eso creo que soy bisexual porque me gusta mí mejor amigo y me gusta mi compañera de banco 
De hecho me bese 14 veces con mí compañera de banco y con mí mejor amigo digamos que un poco menos, pero ese no es el punto, sino que creo que sería ""no binario"" en caso de orientación sexual",Non Support,No,No
80,VIVA MEXICO!,Support,Group,Nation
1246,"Yo soy bisexual pero respeto a las personas de diferente genero como gays,lesbianas,bisexuales,etc.",Support,Group,LGBTQ
2079,"Yo soy Tetraedio....!
Lo acabo de crear y si no lo aceptan,  😅😅😅😅",Non Support,No,No
2347,Sólo ay dos pinches generos,Non Support,No,No
2105,Soy un Transformer :)),Non Support,No,No
1747,"Yo me autopercibo como Superman, y soy solsexual😂",Non Support,No,No
1695,Una  sociedad hipersexualisada ese es el problema,Non Support,No,No
434,Feliz de apoyar aunq mis papás no los apoyen (bisexual por delante) 🏳‍🌈,Non Support,No,No
1575,Que es un heterocuriosos mi amiga me dijo que era eso al contarle mis problemas con que sexualidad soy,Non Support,No,No
3221,Felicidades panamá por la victoria saludos desde colombia,Support,Group,Nation
1499,Creo q soy Bisexsual  o transgenero xD,Non Support,No,No
2848,"Ciencia: No lo sé, no puedo probarlo, habría que investigar.
Religión: Lo sé todo, no me contradiga hereje.
Las dos cosas no pueden ir de la mano, la religión es creer sin ver, y simplemente la gente decide creer en algo porque si, la ciencia es basarse en evidencias, pruebas y observación.",Non Support,No,No
2527,"Entonces yo sería... 
Un sexo masculino asignado al nacer, mi orientación sexual es bisexual y mi género ... no tengo idea en esa parte jajsjaja",Non Support,No,No
1571,Solo existen dos tipos de generos,Non Support,No,No
2478,Me siento identificadocon una Play 4 like si te indetificas con una play 4,Non Support,No,No
3243,"Mi abuela venía de Tampico con rangos negros y familiares negros, con la mezcla de van perdiendo un poco los rasgos. Pero aquí no tenemos racismo contra los negros.",Support,Group,Black Community
708,Yo soy lesbiana abiertamente  pero aún no les he contado a mis padres. Me respetan y aceptan como lesbiana y lo sé pero igual prefiero que se den cuenta el dia que presente a alguna novia. (Si consigo una),Non Support,No,No
289,Cuando las cosas se hacen bien y con el talento de las chicas se puede llegar lejos👍,Support,Group,Women
2469,¿Género mobiliario?,Non Support,No,No
1838,Amigo has la leyenda de la madremonte,Non Support,No,No
2250,Y yo soy bisexual,Non Support,No,No
2785,Eso mismo dicen los judíos sin creer en Jesús.Menudo lío.Un solo Dios y miles de religiones.En la moral son todas estrechas y locas.Zoroastro 600 años antes de Cristo dijo lo mismo que Jesucristo .Y vivió las mismas cosas.,Non Support,No,No
2117,Vivan los LGBT,Non Support,No,No
2989,Buscar en la ciencia una respuesta para Dios es como desarmar un piano para buscar una cancion.,Non Support,No,No
1892,"Les digo que no es por ser homofobico y esas cosas, pero yo actualmente vivo en Estados Unidos y en mi escuela donde estudio ahora, hay un Chingo de banderas y comida vegetariana",Non Support,No,No
1890,Hoy día es el día de la heterosexual,Non Support,No,No
810,"Me gustan los gay y ni se cual es mi etiqueta
Soy morra por sierto",Non Support,No,No
1035,Soy pansexual por que me gusta el pan,Non Support,No,No
2741,"Toda religión és sinonimo de alienación mental. El ser humano no necesita de ninguna religión. No se piensa mas con razón y lógica, 
son tontos retardados incautos que no se dan cuenta que apenas estan siendo manipulados. Todas las religiones te esclavizan y te 
dicen lo que tienes que hacer y blá blá bla. No necesitamos de dios o dioses para ser felices y llevar una vida plena y placentera.",Non Support,No,No
783,"Soy bi, cis-género, polysexual-
Al parecer, con toda la diversidad de hoy en día, es muy probable que la mayoría del mundo sea LGBTQ+",Support,Group,LGBTQ
2355,"Osea yo los respeto tal vez ,pero no tienen que ser asi porque son así 
Como Netflix estaba re normal y ahora están por todos lados esos ""generos""👽",Non Support,No,No
629,"Yo soy mujer y me gustan los hombres xd, osea soy normal :D solo vine para informarme y respetar y no reírme de los que no lo son para mi, osea yo soy un tanto homofóbico, y aveces sin darme cuenta excluyo o insulto a los LGBT, intento respetarlos lo más que se puede, osea soy muy bipolar porque como soy Otaku obviamente veo Yuri y Yaoi XD UwU espero me hayan entendido, ah otra cosa bisexual es que tegusten ambos géneros? Y que pasa si te gustan los no binarios o los fluidos? Cómo se les llamaría a esos?",Support,Group,LGBTQ
1605,Arde cabron!!,Non Support,No,No
2366,Pero les gusta los hombres ?  O no?,Non Support,No,No
3029,"ARTHUR COMPTON (1892 - 1962)
Premio Nobel de física 1927 por su descubrimiento del denominado efecto Compton y su investigación de los rayos cósmicos y de la reflexión, polarización y espectros de los rayos x.
“Para mí, la fe comienza con la comprensión de que una inteligencia suprema dio forma al universo y creó al hombre. No me cuesta tener esa fe, porque el orden e inteligencia del cosmos dan testimonio de la más sublime declaración jamás hecha: “En el principio creó Dios”
ARNO PENZIAS (1933 - …)
Premio Nobel de física 1978 por su descubrimiento de la radiación de fondo cósmica, patrones que otros físicos interpretaron como prueba de que el Universo fue creado a partir de la nada o Big Bang.
“Si no tuviera otros datos que los primeros capítulos del Génesis, algunos de los Salmos y otros pasajes de las Escrituras, habría llegado esencialmente a la misma conclusión en cuanto al origen del Universo que la que nos aportan los datos científicos”
ERNST BORIS CHAIN (1906 - 1979)
Premio Nobel de medicina 1945 por su trabajo con la penicilina.
“La idea fundamental del designio o propósito [divino]… mira fijamente al biólogo, no importa en dónde ponga este los ojos. La probabilidad de que un acontecimiento como el origen de las moléculas de ADN haya tenido lugar por pura casualidad es sencillamente demasiado minúscula para considerarla con seriedad…”
ARTHUR L. SCHAWLOW (1921 - …)
Compartió el premio Nobel de física 1981 por el desarrollo de la espectroscopía del láser.
“Al encontrarse uno frente a frente con las maravillas de la vida y del Universo, inevitablemente se pregunta ¿por qué las únicas respuestas posibles son de orden religioso? 
Tanto el Universo como mi propia vida tienen necesidad de Dios”
MAX BORN (1882 - 1970)
Premio Nobel de física 1954 por sus investigaciones en torno a la mecánica cuántica.
“Sólo la gente tonta dice que el estudio de la ciencia lleva al ateísmo”
DEREK BARTON (1918 - 1998)
Compartió el premio Nobel de química en 1969 por sus aportaciones en el campo de la química orgánica en el desarrollo del análisis conformacional.
“No hay incompatibilidad alguna entre la ciencia y la religión… La ciencia demuestra la existencia de Dios”
CHRISTIAN B. ANFINSEN (1916 - 1995)
Uno de los galardonados con el premio Nobel de química 1972 por su trabajo sobre la estructura de los aminoácidos y la actividad biológica de la enzima ribonucleica.
“Creo que sólo un idiota es capaz de ser ateo”
ALBERT EINSTEIN (1879 - 1955)
Premio Nobel de física 1921 por su trabajo sobre física teórica, en particular, la ley del efecto fotoeléctrico.
“Apenas consigo calcar las líneas que fluyen de Dios”
WILLIAM D. PHILLIPS (1948 - …)
Premio Nobel de física 1997 por su empleo de rayos láser para producir temperaturas de apenas una fracción por encima del cero absoluto.
“Hay tantos colegas míos que son cristianos que no podría cruzar el salón parroquial de mi iglesia sin toparme con una docena de físicos”
“El cielo proclama la gloria de Dios; de Su Creación nos habla la bóveda celeste. Los días se lo cuentan entre sí; las noches hacen correr la voz”  Salmos 19:1-2
“Las cosas invisibles de Él, Su eterno poder y deidad, se hacen claramente visibles desde la creación del mundo, siendo entendidas por medio de las cosas hechas"" Romanos 1:20
La ciencia pura y legítima apunta hacia la existencia de Dios y valida la fe en Él.
Hoy en día son cada vez más los científicos respetados que a la vez se declaran creyentes, mayormente gracias a sus observaciones empíricas de la creación divina. 
Cuantos más descubrimientos se realizan, más patente se les hace que el Universo no se produjo por un fenómeno casual ni por los denominados procesos naturales; tras ello hubo necesariamente un Artífice.
¡UN CREADOR INTELIGENTE!
El poeta estadounidense Ralph Waldo Emerson planteó de manera sucinta el vínculo entre la ciencia y la fe cuando afirmó: 
“Todo lo que veo me enseña a confiar en el Creador, acerca de aquellas cosas que no veo”
¿Y vos? ¿Conoces a Aquél, que es el camino a la vida eterna?
Jesús dijo: “El que me ha visto a Mí, ha visto al Padre” Juan 14:9
Fuente: José Luis Prieto ",Support,Group,Religion
780,"Yo soy bisexual, pero todo mi familia es omofovica y es muy triste😢. Te faltó 
 fictosexsual 😊",Non Support,No,No
586,"Tienen algún video de la diferencia de género, sexo etc?",Non Support,No,No
139,"Estos atletas si llenan de orgullo a la patria, provocan una fuente de inspiración y alegran el corazón de todo un país
Y por supuesto en el mes patrio en México",Support,Group,Other
2643,"Soy afrodescendiente (negra) nacida y criada en Bogotá y cómo dijo la chica del vídeo, no me siento en casa.",Non Support,No,No
2446,No creoooo,Non Support,No,No
91,Lo más hermoso es que sonó con muchos aficionados en el estadio ❤❤❤❤❤,Non Support,No,No
1061,"Ayuda no termine de entender que es ""queer""",Non Support,No,No
1566,"Me encantó el video, estaría bueno que hagas una segunda parte. Yo me reconozco actualmente (digo actualmente por que soy fiel creyente que las personas cambiamos  constantemente y uno de esos cambios puede ser la autopercepción) como una mujer heterosexual pero estoy armando las bases para un libro y quiero plantear una sociedad con una amplia aceptación a todo tipo de orientaciones y como tal, tener una variedad muy amplia de personajes pero quiero interiorizarme bien en todos los terrenos.

Estoy abierta a todo tipo de charlas que me ayuden a interiorizarme del tema, de hecho sería de ayuda cualquier punto de vista",Support,Group,LGBTQ
217,"Eso fue un robo la de singapur podia mover sus brazos y la de México no podía moverlos, así no se vale",Non Support,No,No
1096,Este.. Transgenero es cuando una persona se identifica como el género opuesto mientras ke transexual es cuando una persona se cambia de género mediante operación :3 sólo keria aclarar eso,Non Support,No,No
3076,"pues yo no creo en dios!!!! 
mas q todo creo mas en la ciencia tiene mas sentido pero me llega tu acento como salvadoreño va",Non Support,No,No
812,"Me gustan los televisores LGtv, las bicicletas, los transformers, la letra A, el pan, los códigos binarios, el Internet y el agua.",Non Support,No,No
1934,"Solo porque no entran en un estereotipo de género tienen que crear otros para sentir que entran en un colectivo.

Porque soy mujer y no me gusta los vestidos y el color rosa debería estar en un colectivo a pesar de que estoy conforme de nacer mujer",Non Support,No,No
894,"La pedofilia no es una orientación sexual , los niños no se tocan 💀",Non Support,No,No
3209,Todo es hermoso y es una fiesta que une a todos los panameños y celebramos con mucho orgullo. Viva Panamá carajo🇵🇦🇵🇦🇵🇦🇵🇦🇵🇦🇵🇦🇵🇦,Support,Group,Nation
3036,la teología es parte de la ciencia y entiende que no por ser teólogo eres un teista y seria muy estúpido que universidades tan destacadas como cambridge y oxford no tengan teología que no es creer en dios sino estudiar a las religiones y dioses  ,Non Support,No,No
189,Ella si que es una guerrera !!!!!,Support,Individual,No
3182,La BIBLIA ME LA PASO POR LOS COJONES.,Non Support,No,No
93,"Felicidades, el espíritu de esta deportista es por mucho un gran ejemplo de que aun con situaciones adversas  en contra es posible lograr objetivos, que orgullo para ella. ❤🎉",Support,Individual,No
2709,"Para que se dismiuya el racism contra todas lasmiorias, todos debemos cooperar, mucho estudio y superación y el tiempo y se recogerá el resultado",Support,Group,Black Community
271,"Como siempre...poniendo el ejemplo a los atletas ""completos""...bien hecho un ejemplo para todos nosotros",Support,Group,Other
1690,Ya me confundí,Non Support,No,No
2950,"No trato de defender a la ciencia,pero me parece que debiste informarte mas sobre el tema,no das ninguna explicación sobre el porque la iglesia freno durante mucho tiempo los avances cinemáticos,por ejemplo el caso de Galileo y la inquisición y si vamos mas atrás el asesinato de Hypatia ordenado por de San Cirilo de Alejandrina,no cuestiono tus creencias pero simplemente concibo la idea de que la iglesia venere o considerar ""santo"" a alguien que ordenan asesinar a una persona simplemente por tratar de entender el mundo.",Non Support,No,No
235,Excelente carrera!,Non Support,No,No
581,a desuscribirse y reportar por terrorismo,Non Support,No,No
1782,Es mas real santa claus y los reyes magos que los no binarios y los generos fluidos,Non Support,No,No
2126,"Para toda la gente que está dejando comentarios ofensivos o de índole solo les tengo que decir una cosa: 
Que os hace tan mal en ver a alguien siendo feliz, como dijeron en el vídeo, todos tenemos derecho a serlo, mientras que no dañemos a nadie y, ¿qué os daña tanto el que haya más de dos géneros o más de una sexualidad?",Support,Group,LGBTQ
3062,"si me equivoco me corrigen, el enunciado deberia ser ""ciencia y teologia son compatibles"" no ""ciencia y religión"" la ciencia se basa en hechos demostrables y sujetos a experimentación, la religión se basa en la fe sin pruebas, la ciencia necesita demostrar algo, la religion solo muestra hechos como verdades absolutas, ambas no se complementan ni son compatibles, la teologia si lo hace, por lo demas buen video, falta mucho por explicar pero la sintesis buena",Non Support,No,No
1003,"""Yo pensaba que en el futuro tendriamos autos voladores, no 700 generos""

-Alanecuatro",Non Support,No,No
2319,"Me encantó, yo soy una persona no binaria y me encantaaaa🦋💛 soy super libre, feliz mes del orgullo🏳️‍🌈",Support,Group,LGBTQ
802,"Yo no sé aún que me consideraría, estoy un poco confundida. 
Yo desde muy pequeña no me llamaba la atención tener pareja, desde los 10 años veía a mis amigas hablar de tener novio y cosas así, pero a mí nunca me llamó la atención, siempre he tenido la idea de que me gustaría tener novio pero que fuera alguien que ya tenga tiempo de conocer.
Paso el tiempo y cada que veo a un chico que me llama la atención siento que debo de hacerme su amiga y conocerlo para ver si llegamos a ser algo, pero nunca he sentido que sea algo que en verdad deseé, nunca he tenido novio hasta ahora ya a mis casi 20 años. 
Yo pienso que soy hetero, pero luego lo pienso y siento que no hes así ya que cuando me atrae un hombre es por un corto tiempo, lo máximo que he sentido eso ha sido unos 5 días, pero no es una atracción que yo llamaría sexual, si no mas como curiosidad de saber cómo es él. 
Me gustaría que alguien me ayudara a saber más, por qué la verdad estoy perdida en eso. 
Gracias",Non Support,No,No
58,Vales tu peso en oro grande grandísima atleta llore de emoción ❤❤❤❤,Support,Individual,No
1520,Pansexual ya lo vengo diciendo hace un tiempo y con este video lo confirmo,Non Support,No,No
1403,"Basta, amo todo tu contenido en general 🤺✨",Support,Individual,No
3246,"🎉 Muy buenas las entrevistas, Dios se hace evidente",Support,Group,Religion
320,"No divierten las morras , qu se dediquense al modeaje u otra cosa 🤦‍♂️🤦‍♂️🤦‍♂️🤷🤷",Non Support,No,No
1053,"""Respetemos para un mundo mejor"" Honestamente vine para informarme, y me traume, todos conocemos la libertad de libre expresión pero te sientes conforme con alguien que quiere cambiar de sexo,  estar con alguien de su mismo sexo no parece lo mas lógico tu mismo lo dices son Biológicamente lo que son y solo buscan escapar de la verdad. La comunidad LGBT está mal y se que tienen sus ideas y repito esta bien todos tenemos la libertad e libre expresión pero dime tú, te parece correcto eso?


-Palta🥑👍",Non Support,No,No
2863,Qué bueno que hables de estos temas!,Support,Individual,No
445,La verdad sigoen un proceso de aceptación sobre que amo a la persona no al género,Non Support,No,No
494,"Tal vez nunca logré comprender esto por completo, 
pero lo que si se es que todos somos humanos/personas y merecemos y mismo trato y respeto",Non Support,Group,LGBTQ
1024,Soy cristiano we,Non Support,No,No
171,Puro poder Mexicano ❤❤❤❤❤,Support,Group,Nation
2931,"Unacosaescierta,elhombreesmuypequeñoparatratardeexplicarlascosasqueexistenyquefueronhechas,productonodeunacasualidad,yaquesitieneexplicación,peronoestaanuestroalcancesicreamosqueelhombreeselprincipioyfinaldetodo,haymuchoqueelhombrenopuedecomprender,tenemosunlímiteennuestroentendimientoeinteligencia,aunqueloneguemos,enlomasprofundodenosotros,todostenemosunaconcienciaque nos revela la obviedad de la existencia de Dios, no podemos negarlo aunque quisiéramos hacerlo con nuestra ""mucha inteligencia"".",Support,Group,Religion
140,¡Qué gran emoción! Gracias por hacerme llorar de alegría.,Non Support,No,No
2949,"Aunque investiguen que es el humanismo, se daran cuenta que antes de este mismo surgiera, existieron los mismos cuestionamientos, queben el video hablan, pero como no hubo un respuesta clarq y consisa, se le decidio poner este nombre a manera de teoria, por eso la realidad es que la teologia responde con claridad esas preguntas y hay que tener la mente mas abierta respecto a estos temas, solo hay un Dios y para conocer el maravilloso mundo en que vivimos nos dio la ciencia, es asi, punto.",Support,Group,Religion
2901,"Un mundo tangible puede   explicar lo que es , como es algo que es intangible pues la ciencia cree en lo que él cristianismo  no . no hay carencia de certeza",Non Support,No,No
910,Yo soy bisexual y soy una chica,Non Support,No,No
857,Yo solo vine a aprender ya que ya se que soy😊,Non Support,No,No
1251,"Para mi solo existen 3 géneros 
Hombre 
Mujer 
Y ...




Tanke Soviético",Non Support,No,No
3193,Todas juegan muy bien juntas son un equipazo vamos México!,Support,Group,Women
2176,No q asco tik tak se volvio gay me desuscribo,Non Support,No,No
2472,No os engañéis,Non Support,No,No
1156,Pregunta: si a yo me identifico como hombre y mujer al mismo tiempo que soy,Non Support,No,No
1926,"Yo soy helicóptero apache, no me vi representado en el vídeo pero bueno habrá que aceptarlo",Non Support,No,No
678,Ya me confundí 😦😦😦,Non Support,No,No
370,Pues yo soy género fluido,Non Support,No,No
2563,"Yo soy un chico cisgénero gay y también demigénero, esto es que me siento mayoritariamente masculino, pero hay una parte femenina que no escondo y que me encanta expresarla.",Non Support,No,No
1286,soy un helicoptero tucutucutuccuttucu🚁,Non Support,No,No
1560,"Wow, Soy bi demisexual🙈",Non Support,No,No
1392,Le digo a mi mamá de que soy no binario y me echa de la casa,Non Support,No,No
2341,Yo soy zapato tengo sexo con mesas jajajajajaj 🤣🤣 que soy? Como las perversionas ya son normales segun ustedes,Non Support,No,No
201,"Felicidades hermanos mexicanos por su nueva medalla de plata, una gran atleta en su delegación representandolos. Un saludo desde Colombia ♡",Support,Individual,No
2658,Todos somos hermanos en Cristo Jesus,Support,Group,Religion
181,"Excelente cierre de la mexicana, casi se lleva el oro.",Support,Individual,No
2733,LA VERDAD SOLO LO ENCUENTRAS EN LA BIBLIA.NO EN LA RELIGION.,Non Support,No,No
3218,"Felicidades Panamá, desde Venezuela.",Support,Group,Nation
426,"Otros se parecen demasiado entre sí, no entiendo nada pero soy un hombre heterosexual",Non Support,No,No
843,"Yo soy mujer y soy heterosexual, yo respeto a la gente LGBT+ pero a mi no me parece bien que sean así, yo puedo ser amiga o llevarme bien con una persona así, pero lo que no soporto es que ellos quieran decir que veamos eso como nomal porque cada uno tiene sus gustos y no podemos decirles: Oye no le toques la nalga, no seas irrespetuoso ect porque enseguida piensan que están discriminándolos y ya hay cosas raras como dicen el transbotánico que se cree planta... a mi me parece un poco absurdo eso. Una cosa es sentirse identificado con la naturaleza y otra cosa es ser una planta ya que bueno, no eres una planta y bueno tengo más cosas que decir pero luego este mensaje es infinito y me duelen ya las manos :v",Support,Group,LGBTQ
1877,YO LA VERDAD NO SE SI SOY pangenero o cisgenero HELP,Non Support,No,No
994,"Sapiosexual pero nada tonto, anda con uno bien guapote 🤔",Non Support,No,No
2732,Cristo y María con nosotros siempre 🙏🏼,Non Support,No,No
3012,"buenísimo!!! por eso es q yo digo q no somos una religión si no q el CRISTIANISMO es el esfuerzo de DIOS por llegar a nosotros. religión es algo aburrido y ademas teniendo a cristo no hay nada mas  q hacer para llegar a Dios 
SALUDOS CARLOS desde venezuela",Non Support,No,No
3217,Tuve la oportunidad de visitar Panamá este año y me encanto! La gente es tan linda Viva Panamá 🇵🇦 soy de México 🇲🇽,Support,Group,Nation
1572,Yo soy bisexual (y un poco de lesbiana) 😳💓👋,Non Support,No,No
1608,Yo quiero saber cuántas hay 😂,Non Support,No,No
2999,"Las personas que creen en un DIOS como tu no necesitan la ciencia, no necesitan los avances tecnológicos, no necesitan los avances médicos, no necesitan ningún tipo de conocimiento de alguna de las ramas de la ciencia a ustedes sólo les basta con la Biblia y nada mas.",Non Support,No,No
435,"Creo q sería géneros no? Porq sexo hay 2, macho y hembra creo q son.",Non Support,Group,LGBTQ
3190,Feliciten a las mujeres policía que aguantaron las agresiones aguantar eso no es fácil quien no respondería ?,Support,Group,Women
1859,"Dios: creare al hombre y a la mujer para que la humanidad aumente
300 A.C
1000 D.C
2000 D.C
2022 
Dios: de cuendo acá ya no solo son hombre y mujer si no que ahora hay 1000 generos bueno el COVID no sirvió les mandare la viruela del mono a estos changos pende..",Non Support,No,No
2275,"Pues, a mí me parece una payasada todo este asunto.",Non Support,No,No
2613,"Buen programa, soy chileno y viví cerca de un año en Lyon, Francia. Fui testigo de varias acciones discriminatorias sobre todo contra la población de origen árabe (que no los dejaran entrar a algunos lugares era lo más común, lo que reforzaba la existencia de una ciudad dividida en barrios según el origen). Como latino, junto a algunos amigos también recibimos tratos diferentes generalmente ligados a los estereotipos (por ser latinos éramos flojos, alegres o vivimos bailando). No obstante, existe una gran cantidad de personas que no tienen problemas con la multiculturalidad, en especial las generaciones más jóvenes, lo que me parece un buena señal.",Non Support,No,No
2148,Ser hetero es ser normal ser gay es estar pendejo por eso yo soy hetero,Non Support,No,No
1101,"entre para descubrir mi verdadera orientacion sexual, pero con 11 segundos me bastaron para descubrirla",Non Support,No,No
2934,"haz visto tu cerebro ?? te ha hablado? entoncs creo q algo esta mal 
",Non Support,No,No
1655,Los voy a dejar de seguir por apoyar esas mamadas de sexo no binario,Non Support,No,No
2664,"Hola me encanta este canal está super suban más vídeos de  la cultura y muchas cosas tumaqueñas me encanta
ser negro es un orgullo",Support,Group,Black Community
3109,"religión = creencia o ideología
ciencia = veracidad prueba ",Non Support,No,No
2470,Que video de mi e r d      a,Non Support,No,No
245,"Sin palabras, mejor echo lágrimas de de emoción de como estos atletas son un ejemplo.",Support,Group,Other
410,⚢orgullosa de ser lesbiana⚢,Non Support,No,No
2548,Yo me identifico como máquina alienigena futuristica reactor nuclear robot 7089,Non Support,No,No
2811,la religión es el cristianismo. porque dice  la religión católica. católica  es una característica  de la religion cristiana no?,Non Support,No,No
2831,"No hay respuesta a preguntas mal hechas..¿Cuál es nuestro propósito?.. pensar que hay un motivo en común de nuestra existencia es una pregunta pasada... porque gracias a la evolución sabemos que no vinimos de la nada..y que el simple hecho de ir cambiando hasta el día de hoy es sin motivo alguno..solo pasa...¿Por qué? Si querés decirle que Dios nos dió un motivo de vida es tema tuyo..me parece que a veces hay que ir un poco más allá...en vez de seguir un tema tan conflictivo como dios ponernos a pensar que podemos hacer para ayudarnos entre nosotros..y ahí pierde dios... porque aunque""dios"" sea poderoso y todas esas cosas que dicen ustedes..la realidad lo manejamos nosotros...y si no nos ayudamos entre nosotros... dios no va a poder tampoco..soy ateo pero cada vez me canso de seguir con este tema... porque la gente se limita a pensar....y se deja llevar por lo que uno siente como maravilloso cuando quizá la realidad es más maravillosa que un dios..solo es eso gracias",Non Support,No,No
1281,"Con toda honestidad yo entraría en género fluido/neutro/ agenero/ etc.....
Siempre sentí que eso era ma verdad que sólo ser de un lado o ambos .... viví con una doble vida y me acostumbré a esos pronombres como su uso en mi pero nunca me identifiqué como uno o otro... a veces simplemente cambiaba a otro más cómodo para ese día.... ejemplo días del Andrés era mujer y eran esos único días que era así biológicamente XD de resto me iba por chico o sin género alguno.
 De resto lo de gusto carnal humano, nunca me gustó... al contrario siempre sentia que lo sobrevaloraban como algo muy importante cuando me di cuenta del todo, si era importante pero no tanto como lo ponen de glorioso y lo mejor del mundo....
Es una simpleza más de este mundo XD y puedes vivir sin realizar esos actos o tener los sentimientos por la persona.... ahí entró yo XD",Non Support,No,No
2043,segun mis estudios creo que soy un avion,Non Support,No,No
1018,"hola cuando vi por primeraves no me sentia comoda con mi sexulidad pero mas que nada de que era hombre o mujer .mis genitales son femeninas pero me siento muchisimo mas comodo y bien siendo hombre y en sierta manera tu me ayudaste a saber que era lo que sentia  SOY TRANSGENERO
",Non Support,No,No
483,No se a donde pertenezco,Non Support,No,No
933,Soy bisexsexsual y no me da miedo que todos sepan y apoyo a los demás de diferentes sexsos ♀️⚧♂️,Support,Group,LGBTQ
65,GRACIAS CLARO SPORTS,Support,Group,Other
1825,Nooooo dónde te sentaste,Non Support,No,No
395,feliz día del orgullo soy pansexual ❤❤,Non Support,No,No
1459,omnisexual es una persona con gustos romanticos y sexuales diferentes ej: te pueden atraer los hombres sexualmente y una mujer romanticamente,Non Support,No,No
1313,"*Antes* Hombre y mujer 🗿👍
*AHORA* Heterosexual, homosexual, bisexual, asexual, no binario, transgénero, demisexual, pansexual, cis-género, género fluido, intersexual, queer, polisexual, sapiosexual, bigénero, trigénero, oso, neutro, arromantico, agenero, androfilia, polisexual, autosexual, hetero-romantico, homo-romantico, bi-romantico Etc etc 💀",Non Support,No,No
1496,A mi enseñaron que solo hay 2 géneros: Hombre y Mujer😃,Non Support,No,No
1278,Hola soy mujer TRANSGÉNERO y me siento atraída a las mujeres. Saludos desde ciudad de México 💅🏳️‍🌈🇲🇽,Support,Group,LGBTQ
2636,Cólombia es una gonorrea y los atiendo de a uno .,Non Support,No,No
396,"Comunidad LGBTIQ: dejen de etiquetarnos, queremos amar y ser amados sin etiquetas. 
 También comunidad LGBTIQ: etiquetan cada cosa que se les ocurre",Non Support,Group,LGBTQ
2553,Qué bajo han caído con este video,Non Support,No,No
2084,"La verdad yo no tengo problemas con eso el problema es que todos se me abalansen por decir lo que pienso.
Porque ya saben la sosiedad cada ves se pone mas y las sensible y con el tiempo a los inteligentes se les tendrá prohibido pensar para que no ofendan a los cristalitos",Non Support,No,No
30,Es indescriptible en cualquier competencia escuchar el himno de mexico son de las pocas cosas en la vida que te tocan el alma felicidades a esta guerrera por hacernos sentir orgullosos y representados por ella😎🇲🇽🧡🫶🏻✨️,Support,Individual,No
2063,Que mamada ya se dañó este canal,Non Support,No,No
3037,"Estoy viendo varios comentarios de personas que dicen estar a favor de la ciencia como si fuera una verdad absoluta pero según el método científico no hay verda absoluta, ¿qué raioz? D:",Non Support,No,No
599,Hola yo soy bisexual y transexual,Support,Group,LGBTQ
1793,"si el genero femenino y masculino son estereotipos, entonces el “género no binario” tambien son estereotipos?",Non Support,No,No
576,orgullo de ser bisexual,Support,Group,LGBTQ
1989,Que culerada,Non Support,No,No
1577,Entre siendo bisexual y salí siendo pansexual,Non Support,No,No
79,🤍🇲🇽,Support,Group,Nation
951,Mi orientación es p3ndej0,Non Support,No,No
765,Soy hetero pero A veces me siento Pansexual 😅😶,Non Support,No,No
2146,son un canal chileno,Non Support,No,No
2699,"¿Y que me dicen de Haití cuando los negros eliminaron a los blancos y a los mulatos por el simple hecho de tener ese color de piel?, pienso que existe racismo de negro a blanco y de blanco a negro, el caso de Cuba las élites siempre han sido blancas, ésa es la diferencia.",Non Support,No,No
1126,Quieren diversificar lo externo pero quieren uniformizar lo interno. Nos estan llevando de a poco a una dictadura transhumanista y de control de natalidad.,Non Support,No,No
1123,"nao nao amigao
Solo una orientacion y dos generos",Non Support,No,No
2284,Yo soy bisexual...,Non Support,No,No
2832,"la ciencia nos trata de explicar ciertos fenomenos que pasan a nuestro alrededor, la religion, en este caso el cristianismo, al miedo a un ser superior que se mando asi mismo a salvarnos de si mismo ante un pecado que inconcientemente hicimos, nunca entendere eso, un ""dios"" supuestamente ""perfecto"" crea seres imperfectos para adorarlo, un ejemplo de vanidad muy claro; por eso me suena algo ridiculo el concepto que el cristianismo posee sobre ""dios""",Non Support,No,No
394,a aya entonces o soy un tanque de gerra,Support,Group,LGBTQ
2926,Eres muy guapo :3,Non Support,No,No
886,Soy axesual,Non Support,No,No
1602,Que vuelva los milicos,Non Support,No,No
430,Pansexual gente 😎,Support,Group,LGBTQ
971,"Yo soy mujeriegosexual , no puedo estar con una sola  femenina heterosexual si no con muchas. Respetenme",Non Support,No,No
2975,"El cristianismo impidio el avance de la ciencia por cientos de años por que tenian miedo que les bajaran su cuentito de papa noel y los cristianos odian la ciencia por que les mato a su dios, la ciencia es racional explica con fundamentos logicos no como las religiones me imagino que tadabia creen que 
dios manda la lluvia jaja ignorantes por eso el salvador esta como esta por tantos ignorantes fanaticos religiosos, y este maje de y este ignorante del video que se informe antes de aser otra pendejada yo soy salvadoreño y cuando escuchan que uno es ateo dicen le sirve al diablo jaja ignorantes",Non Support,No,No
2673,Victimismo!.,Non Support,No,No
818,"No se pero me parece que eso pasa cuando le das mucha libertad a deficientes mentales que no saben lo que son, lo que sienten y lo que quieren ser (Aclaro no es odio es opinion) y por eso es que cada ves mas mi generacion se degrada y muy pronto no te dran arreglo pero bueno",Non Support,No,No
899,Soy lesbiana y dsaposexual y apenas se xd,Non Support,No,No
996,Que es esa bandera qué quita en el min 2:22? Jaja,Non Support,No,No
626,Yo soy bisexual pero me da miedo decirle a mi familia lo sé no e salido del closet,Non Support,No,No
100,"No hay palabras que puedan explicar lo que se siente ver tu bandera en lo más alto y escuchar las notas de uno de los himnos más hermosos del mundo, muchas felicidades a la atleta, se merece todo el respeto y admiración",Support,Group,Other
3007,"Quiero recordar algo: Que la ciencia no haya podido encontrar la respuesta a cierta interrogante no significa que no la vaya en encontrar.
A demás ¿Desde cuando la religión ayudó a la ciencia?
Desde los inicios de la ciencia los que la estudiaban y ponían a prueba eran herejes o brujos y en muchos casos eran asesinados o torturados, ¿O ya se olvidaron de galileo que fue tratado de hereje al defender el modelo copernicano y enjuiciado en 1633? En 1992 la iglesia dijo que fue un error su sentencia, 359 años mas tarde, y dicen que apoya a la ciencia.",Non Support,No,No
2430,Ya no saben de dónde sacar ideas,Non Support,No,No
2615,"yo le hubiera preguntado a alguno de esos africanos si no le da un poco de pudor cambiar asi un pais q no es de ellos, deberian saber q estan mal en lo q hacen",Non Support,No,No
3191,"Válgame están intratables, fueron de menos a más en este torneo, se ven muy unidas, espero den una gran exhibición contra Brasil, diferente a la del primer partido.",Support,Group,Women
1773,Son gays,Non Support,No,No
2201,Y por eso haroo es mejor,Non Support,No,No
1670,🤦🏻😅,Non Support,No,No
2295,pov el dia del orgullo las marcas como pepsi:,Non Support,No,No
2298,Yo me siento identificado como tereneitor,Non Support,No,No
1909,"Que mente más retorcida... querer cambiar la naturaleza por un descontrol psicológico que es afectado por el entorno. 
Dejen de trastornar más el mundo. La ira de Dios viene sobre todos los que arruinan el mundo.",Non Support,No,No
2513,"Solo existen 2 géneros, lo dice la biología y la ciencia. Punto final.",Non Support,No,No
315,"se ve medio raro una futbolista mexicana negra, es nacionalizada?",Non Support,No,No
1846,Feliz día del orgullo para todos todas y todes exelente video soy gay y tengo mucho orgullo viva la comunidad LGBTQ,Support,Group,LGBTQ
1804,"Orgulloso de ser Bi y másculino, todos merecemos respeto. 🏳️‍🌈
Curioso, cumplir años en este mes, coincidencia??? No lo creo 😏",Support,Group,LGBTQ
141,La medalla de Oro no quiso caer hasta que llegaramos al mes Patrio ❤🇲🇽,Non Support,No,No
2268,"Feliz día del orgullo para todos, sientanse orgullosos de sus elecciones, no importa lo que otros digan, son sus decisiones y solo suyas, nadie debe decirles que elegir, no se dejen manipular, porque son sus vidas, no de otros 💕",Support,Group,LGBTQ
2367,👎👎👎👎👎👎👎,Non Support,No,No
1425,Soy hombre y pansexual,Non Support,No,No
978,Yo creo que soy demisexual o asexual y si o si soy cis-género,Non Support,No,No
552,Algun gay de zona sur bs as???? JAKDKSJDJS,Non Support,Group,LGBTQ
1759,Eran cool ahora son asco,Non Support,No,No
2113,ami me cauen bien los gays :D,Non Support,No,No
2542,"Excusas para que los depravados y aberrados sean aceptados
JAMAS SERAN ALGO MAS ALLA DE HOMBRE Y MUJER",Non Support,No,No
488,"soy pentasexual, le doy a hombre, mujeres y a que no adivinan qué más�",Non Support,No,No
2639,"Hola desde Brasil! Que bueno tener la oportunidad de reconocerme en muchísimas cosas en relatos de hermanas y hermanos de otros lugares de America Latina, aúnque por experiencias malas también. A mí me pone muy triste que por estas bandas no se escuche mucho sobre las vivencias negras en otras partes de Latinoamerica. Somos un pueblo muy grande y diverso, estoy seguro de que nuestra unión por toda America Latina solo tiene con contribuir a nuestra fuerza.  Me subscribí al canal y también les sigo ahora en instagram. Hermano y hermana, gracias por el vídeo y congratulaciones por el trabajo maravilloso! Bueno, y si tienen ganas de conecer a São Paulo después de la pandemia, les puedo arreglar estadía!  Un abrazo!",Support,Group,Black Community
830,Emm como que muy serio... Bueno ñy9 soy hetero y me gusta serlo 😄y no me gusta haiga muchos géneros pero yo respeto,Support,Group,LGBTQ
479,Ayuda se supone que soy arro pero  creo que me enamore de alguien(nisiquiera se si estoy enamorado)🟢⚪⚫,Non Support,No,No
1470,"no me gustan la etiquetas y no me gusta etiquetar a las personas, para mi todos somos humanos vivientes, no hay porque ponerles etiquetas <3",Non Support,No,No
122,Que motivacion!  🙏,Non Support,No,No
1733,feliz dia del orgulllo,Support,Group,LGBTQ
751,Soy pan sexual viva el LGBT❤️✔️✔️✔️✅✅,Support,Group,LGBTQ
2290,"No sé cómo explicar esto sin que se malentienda y empiecen a bombardear mi casa:
Creo, muy sinceramente, que es completamente innecesario un género y una identidad de género. Como dicen al final del vídeo todos somos personas y ya está. Y lo único que nos diferencia es nuestro sexo y lo que este conlleva. Por eso creo que deberíamos dejar las que yo considero estupideces con la identidad de género y empezar a eliminar todos esos estereotipos que nos pueden hacer identificarnos con uno u otro.
Por factores históricos el idioma ha hecho que distingamos entre el varón y la hembra (sexo biológico) al hablar y eso puede causar algunos problemas, sobretodo con aquellas personas cuyo sexo no está bien definido o las que desean cambiarlos.
Por eso le pregunto yo a la gente transgénero: ¿Qué hizo que no te identificaras con tu propio sexo? ¿A caso fueron los estereotipos sociales?

Muchas gracias por la escucha y espero que podáis responderme. Me gustaría conocer más experiencias para ampliar mis conocimientos y conocer mejor la realidad.",Non Support,No,No
2412,Naah ya tantos años siguiendo este canal pero yo no sigo ghays,Non Support,No,No
3166,"Buen tema!!! yo estudio psicología y soy cristiana... y la verdad es super duro cuando ""personas de autoridad"" como los profesores, hacen comentarios (que a mi concepto son irrespetuosos) con respecto a la religión, la existencia de Dios y la obra de Jesús... espero otros vídeos sobre este TEMOOON!!",Non Support,No,No
2207,Pura ideología barata!,Non Support,No,No
2922,"es que se nota que no vas a la universidad, que existan facultades de ciencias y arte o ciencias y teologia, no significan que se mezclan, sino, cada una es una escuela por separado, suelen ponerlas en el mismo lugar por fines de organización y por que corresponden a estudios humanisticos, no es que tengas una clase de fisica 1 y luego vas seminario bíblico, pff por favor. 
 ",Non Support,No,No
1438,"Él: Si entraste aquí es porque quieres saber tú sexualidad o simplemente viniste a aprender 

Yo: Sí,a aprender de banderas 😎👍",Non Support,No,No
854,Yo me considero como un cubo de rubik y me tienen que repetetar eeh 😂😂😂😂😂😂 que ridiculez por dios,Non Support,No,No
640,Genero y sexo es lo mismo,Non Support,No,No
1809,Me siento identificado con un avión boing 737,Non Support,No,No
1318,"Estoy feliz de que haya algien que no discrimine a los LGBT+, soy Hetero",Support,Group,LGBTQ
3205,"Que buen partido dieron estas chicas, se siente muy bien ver que otros deportes ponen en alto el nombre del país, cuando muchas veces en el mismo sólo se le da realce al fútbol. Felicidades a todas ellas y mucha suerte para su partido contra el fuerte Brasil.",Support,Group,Women
2350,Como ha caído este canal me gustaba,Non Support,No,No
2442,Yo en realidad no soy lesbiana pero yo los apoyo a la Comunidad,Support,Group,LGBTQ
2088,Porque te pusiste una foto tan gay,Non Support,No,No
1897,"LGBT ya está haciendo pura mmda con lo de los géneros, solo existen 2 y nadie los discrimina, son ellos solos",Non Support,No,No
709,"Soy hetero 
Me identifico como Cristiano Ronaldo suuuu",Non Support,No,No
2114,AZKO por lo q yo se dios creo al hombre y a la mujr no esa broma de q yo soy estoy y yo soy esto tu ers como nacistesniño o niña,Non Support,No,No
26,Viva gloria viva México viva México viva México México México México México México México México México México México México México México México México México 🇲🇽🇲🇽🇲🇽🇲🇽🇲🇽🇲🇽🇲🇽🇲🇽🇲🇽❤😊,Support,Individual,No
1819,Quien podría imagina que las enfermedades mentales serían subvencionadas.,Non Support,No,No
462,"No veo mucha logica entre todas las despues de la bisexualidad, las veo iguales",Non Support,No,No
3077,Si llega el dia que se pueda dar respuesta a todo los religioso que sucedería? y si la tierra viene seres de otros mundo y no creen en un ser supremo porque conocimientos que tienes que son mas avanzado que sucedería?,Non Support,No,No
1634,Jajajaja *no recomendar este canal*,Non Support,No,No
1531,Chale soy de transgenero ty apenas me entero,Non Support,No,No
2778,Debiate aver dicho cristiana no católica porque en los católicos se inventaron cosas como la figura de Dios que viene de un Dios nórdico y también inventaron un Día de reposo que no era como el domingo ya que se an alejado de un mandamiento adorar el 7mo Día que es el sábado ya que lo mencionan en el segundo y primer testamento,Non Support,No,No
2711,"Conductas diferentes:pasa un negro con su novia negra, digamos que ella es fea de matar, sin ningún atributo de destaque, ni de cuerpo ni de nada, digamos que es hasta coja. Ambos pasan ante un grupo de negros y estos ni se enteran que pasaron por ahí, ni siquiera reparan en la pareja. Entonces pasa un negro con la blanca más bella del mundo, tipo Miss Universo, fabricada por los dioses y ese mismo grupo de negros entonces dice que ella no es tan bonita nada, que si tiene medio centímetro de pecho mas de un lado, y que ella está con el negro por dinero, que seguro le está pegando los tarros al hombre y que con certeza ni le va a parir, y todo tipo de críticas. Porqué esa diferencia de opinión ante diferentes mujeres, solo por el color de la piel, sin tan siquiera hablar con ellas?..... Resumen: Hasta que el negro no se meta en la cabeza que es igual y puede hacer y escojer igual que el blanco sera esclavo de su misma ignorancia, no de los blancos",Non Support,No,No
926,"Yo la verdad creo que mientras la sexualidades se basen en los DOS sexos que existen a mi me parecen validas:3,ya lo de no binario y eso ya me parecen problemas existenciales:v",Non Support,No,No
3173,"te equivocaste en decir que la ´´religión´´ intersecan con la ciencia, cuando quieren mezclar la ciencia con la´´ religión ´´
ya deja de ser ciencias pasa hacer pseudociencia .",Non Support,No,No
1132,"Hola si me orientación sexual apareció yo antes no sabia si ser bisexual,lesbiana o hetero pero,me decidí a ser pansexual y Genero fluido",Non Support,No,No
1495,Bisexual y género femenino,Non Support,No,No
2708,es absurdo decir que en cuba hay racismo en cuba habran estadisticas sociales que hablan por si solas que salgan al exterior y vean que es el racismo,Non Support,No,No
86,"Sabia que los verdaderos atletas serían nuestros deportistas paralímpicos siempre poniendo en alto a México con una medalla de oro es genial para nuestro país  y escuchar nuestro himno nacional es emocionante, felicidades !!!!!! 👏🏻👏🏻👏🏻👏🏻",Support,Group,Other
1700,Puedes aser más videos asi,Non Support,No,No
119,Vamooss Mexico🇲🇽🇲🇽🇲🇽🇲🇽🇲🇽,Support,Group,Nation
2849,Cuanto odio que triste,Non Support,No,No
2524,Tik y tak 🏳️‍🌈? Sería hermoso ❤,Non Support,No,No
1439,"¿Se pueden ser dos tipos de sexualidades diferentes?
Si es así soy transexual y bisexual",Non Support,No,No
2425,Nunca había oído tanta mrda junta,Non Support,No,No
2630,"Pura propaganda inmigracionista, es una verguenza",Non Support,No,No
1432,Soy un/a tansgenero soy chica pero me represento con un chico,Non Support,No,No
2963,La ciencia es solo la sombra de Dios.,Non Support,No,No
2300,Y...yo soy les.. uwu❤🏳️‍🌈🏳️‍⚧️,Support,Group,LGBTQ
375,No entendí los últimos 2 🤔,Non Support,No,No
2772,"Cuando comparo la biblia,con las enseñanzas católica noto lo perdido corrupto de sus enseñanza.",Non Support,No,No
817,"Veo que hay mucha gente explicando cositas por aquí, así que preguntaré mi duda xd, exactamente por qué dejó de considerarse a los trans como un trastorno? Entiendo que dicen que no es una enfermedad y de hecho así es, un trastorno no es una enfermedad, no acabo de entender el problema. Entiendo que la gente es estúpida y entiende que un trastornado es un fenómeno, pero no sé si eso es suficiente argumento para solicitar que deje der ser un trastorno, quiero decir, por definición es un trastorno, por definición. Es que no entiendo ;;;;;w;;;;;;.",Non Support,No,No
851,Arromantico orgullosamente alv,Support,Group,LGBTQ
196,Excelente.  Una vez más la mujer mexicana ejemplo para muchos.,Support,Group,Women
1296,"AJSJSJAJSJ, EL PRINCIPIO GODDD,'' en mis tiempos eso era querer a alguien'' asajsjasj  0:05",Non Support,No,No
1103,Yo soy clarisexual corasexual 😂😂😂 ni idea me lo acabo de inventar 🤣🤣🤣🤣,Non Support,No,No
191,Lo difícil es saber cuando compiten los mexicanos,Non Support,No,No
2821,Dios si existe!!!!,Support,Individual,No
1924,Yo soy una lampara 😎🤙,Non Support,No,No
1216,Alguien me puede explicar polisexual,Non Support,No,No
3156,"de hecho pascal lo dijo, poca ciencia te alejara de Dios, mucha ciencia te acercara. Con la ciencia incluso se puede comprobar la existencia de Dios y siempre q descubren algo nuevo Dios siempre tiene un paso (o mas) adelante  ",Support,Group,Religion
2679,"Menos mal que yo soy Del Valle manito...mi tierra querida, mi buenaventura bella y mi cali vida suave. Oiga allá ustedes que les gusta el maltrato, entre más mal les dan más les gusta: ciert@s niche de veras no l@s entiendo. viva CaliTura Fl😎W",Non Support,No,No
2339,Para todo el que lea este comentario les dire: Como chucha no entienden que solo existen 2 GÉNEROS los demas son inventados,Non Support,No,No
2543,"*Nooo, Ahora todos Estan peor Tendre que Salirme De Las Redes sociales, PORQUEEE*",Non Support,No,No
869,soy bisexual y estoy feliz con lo que soy,Non Support,No,No
2253,Solo hay hombre y mujer. Lo resto es rareza,Non Support,No,No
2143,Una estupidez inventada,Non Support,No,No
2874,No probaste nada.,Non Support,No,No
654,puta mi mayor pesadilla : el ambiente mas incomodo,Non Support,No,No
1473,*YO SOY HETEROOOOOO Y ME ENCANTAAAAN LA MUJEREEEEES ME EXITAAAAN Y NO HAY NADA QUE PUEDAN ASER MIS PADRES ME ENSEÑAROOOON ESTOOOO AJJAJAJAJAJAJAJAJAJAJAJAJAJAJA*,Non Support,No,No
2883,"Aun que la verdad no creen que por lógica es mejor creer en Dios? 
Que pasara el día que un ateo y un creyente mueran?
Y si resultara que Dios existe el creyente se va al cielo y el ateo se va al infierno,
Pero si murieran y resulta que no hay un Dios que le pasa al creyente?
Y que le pasa al ateo?
No pasaría nada en lo absoluto, así que por lógica es mejor creer 
Y yo creo que Jesús murió por mis pecados y resucitó al 3er dia❤️

Y la verdad se lo agradezco muchísimo y yo los reto que busquen verdaderamente de Dios",Support,Group,Religion
656,Yo soy pansexual y transgénero pero solo lo sabe mi prima,Non Support,No,No
464,Todos hablando de su orientación mientras que yo me fijo en el meme de drake 3:54,Non Support,No,No
1576,Siempre hetero y cis-genero 🍷👻,Non Support,No,No
2862,"Si lo que vos dijiste es cierto, que la ciencia nunca va a congeniar con la teología y viceversa, no creés entonces que sería pérdida de tiempo dialogar de esto en las universidades. Significaría que vos estuvieras en lo correcto y todos estos inteligentes en estas universidades estan equivocados.",Non Support,No,No
2866,"la unica forma de conocer la verdad no es a travez de la ciencia, es a travez del método científico",Non Support,No,No
2642,"Ojalá los indígenas ,la auténtica raza de América luchará como la raza negra africana ...otra música contaríamos",Support,Group,Black Community
2200,Solo existe dos genero,Non Support,No,No
1565,"︎ ︎ ︎ ︎ ︎ ︎ ︎ ︎ ︎ ︎ ︎ ︎ ︎ ︎ ︎ ︎ ︎ ︎ ︎ ︎ ︎ ︎ ︎ ︎ ︎ ︎ ︎ ︎ ︎ ︎ ︎ ︎ ︎ ︎ ︎ ︎ ︎ ︎ ︎ ︎ ︎ ︎ ︎ ︎🩷🩷🩷🩷
                     ︎ ︎ ︎ ︎ ︎ ︎ ︎ ︎ ︎ ︎ ︎ ︎ ︎ ︎ ︎ ︎ ︎ ︎ ︎ ︎ ︎ ︎ ︎ ︎🩷🩷🩷🩷
Estoy feliz de ser Bisexual💜💜💜💜
                                            💙💙💙💙
 ︎ ︎ ︎ ︎ ︎ ︎ ︎ ︎ ︎ ︎ ︎ ︎ ︎ ︎ ︎ ︎ ︎ ︎ ︎ ︎ ︎ ︎ ︎ ︎ ︎ ︎ ︎ ︎ ︎ ︎ ︎ ︎ ︎ ︎ ︎ ︎ ︎ ︎ ︎ ︎ ︎ ︎ ︎ ︎💙💙💙💙",Support,Group,LGBTQ
1102,"puedo mezclar cosas como no se, gay + panromantico + demiromantico ¿",Non Support,No,No
1932,ahora tik tak draw es gay por la foto,Non Support,No,No
2,"Mexicanos al grito de guerra!!🎉🇲🇽🇲🇽🇲🇽 Que bonito se siente, gracias Gloria por esa medalla 👍👍",Support,Individual,No
3203,"Qué orgullo, Felicidades chicas a todas bravo venga",Support,Group,Women
442,"1:36... Es incorrecto y con todo respeto, es estúpido.",Non Support,No,No
2718,"La religion mas antigua del mundo es el hinduismo,el budismo es una herejia del hinduismo.
Yo soy un ateo convencido y aunque me gustaria creer no he recibido esa gracia divina,pero no se puede decir que el catolicismo es la religion verdadera como dice la entrevistadora,es mas creo que es una secta de poder que no refleja el verdadero mensaje del Jesus historico,no solo Jesus declaro que era el hijo de Dios otras religiones tambien lo afirman de sus profetas",Non Support,No,No
565,"No traten de confundir a los q ñiños ni adolescentes con baboserias. Solo hay dos géneros el FEMENINO y el MASCULINO. Si hay un hombre y le gusta otro hombre y se quieren amar ps bien al igual la mujer con otra mujer y ellos se identifican a si como lgtb. Pero no hay que cambiarnos de sexo ni imponer a otro a que hagan lo mismo de estar con alguien de igual sexo eso se llama IMPOSICIÓN DE GÉNERO. Con todo respeto me da lástima y asco esas personas que dicen que quieren ser gay solo por q si,pienso q eso se da de forma natural,al decir eso,es q les lavaron el celebró para q ahora digan que quieren ser gay solo por q si Ó por querer probar. Eso es imposición de GÉNERO y LAVADO de CELEBRO Y.",Non Support,No,No
3179,"Prefiero creer en que un Ser Supremo creó el universo y dejó todo en orden durante siete días. que creer en que todo fue una gran explosión, ¿Cómo todo hubiera quedado tan en orden si hubiese sido así? 
y pues si creen que vienen del mono, buena procedencia he.",Support,Group,Religion
1418,"rayos soy asexual, lo descubrí recién a mis 27 años 😅",Non Support,No,No
2609,es mentira que las mujeres cobren menos sin importar el trabajo...yo siempre he estado en trabajos cualificados donde las mujeres han cobrado la misma mierda que yo....y así podría desmentir unos cuantos tópicos del video...,Non Support,No,No
2190,VIVA LA HETEROSEXUALIDAD,Non Support,No,No
1089,"La generación de hoy en día: pedrosexual: que le gustan los lagartos cantantes de reggaeton con el codo roto que se llamen pedro


Y yo soy normal...si...estoy hablando de heterosexual, que es lo normal",Non Support,No,No
366,"Los hombres que somos bi, pero que nos gustan mas los hombres!! 😊💖💜💙",Non Support,No,No
929,Que buenos videos haces Soy hombre Y soy Bisexual,Non Support,No,No
3150,gana la ciencia porque gracias a ella ases este puto vídeo jodido,Non Support,No,No
85,"Esto debe ser el mejor ejemplo inclusión no sus tonterías de lenguaje disque ""inclusivo""!",Support,Group,Other
2794,"Todas las grandes religiones, dicen de sus pueblos, ser los elegidos y el pueblo de Dios",Non Support,No,No
2373,"En realidad no tenemos derecho a ser felices, irónicamente sí a juzgar a cualquiera por cualquier cosa",Non Support,No,No
478,"Para mí muchas realmente son bisexualidad, pero solo con otro nombre",Non Support,No,No
3139,1:55 deja de girar el ventilador,Non Support,No,No
2924,Es mas que obvio que la ciencia no puede responder preguntas como: ¿por qué estamos aqui? por que hay es cuando entra la filosofía.,Non Support,No,No
37,"Ellos merecen  más  apoyo, son los q q ganan más  medallas.",Support,Group,Other
674,"nuestro maestro:juanchimy
nuestro youtuber favorito:juanchimy (si me preguntas a mi)
nuestro casi doctor:juanchimy
felicidades por tenes 771K de suscriptores y gracias por enseñarmelos todos",Support,Individual,No
1355,"Son como las torres gemelas, antes son 2, ahora es un tema delicado",Non Support,No,No
1524,Bueno en mi clase avía un no binaro le dije que yo era heterosexual mi me dijo 'ay EsQuE pareces gey' le dije al menos yo no me siento identificado con un porta aviones 501 con 4 cañones de plasma,Non Support,No,No
582,Yo soy heterosexual a mí solamente me gustan los hombres,Non Support,No,No
568,Y q hago si mi padre no m acepta en ser lesbiana?😿,Non Support,No,No
566,"momento, como que los polisexuales no son los que sienten atracción por 2 o mas personas a la vez? :0",Non Support,No,No
3115,"Pienso exactamente igual, creo que la base para balancear la fé y la ciencia es conversarlo, cuestionarlo y estudiarlo para encontrar un punto medio. Ni los cristianos deberian de vivir en aldeas sin electricidad, luz, agua ni internet para preservar la integridad de la religión ni tampoco experimentar con clonación, teletransportación, mutación, entre otros para permitirle a la ciencia ser libre.",Non Support,No,No
1755,"En la vida uno puede ser lo que quiera ser, binario, no binario, un árbol, un poste de luz, un animal... Solo es cuestión de creerlo y se hará realidad .!!!!",Non Support,No,No
1070,Esta perra mamada que?🤨,Non Support,No,No
667,Bien. Al fin alguien habla claro de este tema. Ya que irrita la gente que confunde los términos,Support,Individual,No
2932,"Más que puntos de intersección es conveniente ver que evalúan aspectos distintos de la realidad, así como modelo veamos que podemos evaluar a un individuo desde el punto de vista físico, ahora si lo evaluamos desde el punto de vista psicológico, las descripciones serán bastante distintas sin embargo corresponden a una misma realidad (en este caso el individuo) y por lo cual es absurdo entrar en conflicto ()",Non Support,No,No
349,"México en unos 5 a 10 años será potencia en Femenil, la liga femenil le ha dado mucho fuerza al futbol de las mujeres y es hasta divertido verlas jugar.",Support,Group,Women
312,"Bien ganado 👏 felicidades a todas las chicas mexicanas 👍, pero viene lo más difícil el equipo de casa, chicas es una prueba de fuego porque no solo tienen al equipo como rival sino a un 90% de la gente que ira al partido, así que cabeza fría para aguantar la presión del público, toda la suerte del mundo y a dejarlo todo en la cancha... SI SE PUEDE!!! 🇲🇽👏🙅‍♀️⚽️",Support,Group,Women
2096,"Feliz mes del orgullo! <3 (ah re tarde se aparecía)

 y como no necesito que me lo pregunten para decirlo lo digo, soy chica y soy bisexual jsnfkj",Support,Group,LGBTQ
40,Viva MÉXICO!! 🇲🇽🇲🇽🇲🇽0:53,Support,Group,Nation
1129,Yo antes pensaba ser hetero pero unos meses después me di cuenta que soy bisexual 🙂,Non Support,No,No
3067,Ciencia y religión son 2 cosas totalmente diferentes,Non Support,No,No
1128,Solo existen los géneros masculino y femenino los demás solo se podrían denominar como situación de gustos,Non Support,No,No
669,Yo nose pero creo que soy hetero.... Forever xdd,Non Support,No,No
1554,bisexual <3 linde video uwu,Non Support,No,No
2827,"UN PEQUEÑO EJEMPLO Y ME ENCANTARIA QUE ME RESPONDIERAS, SI EN VERDAD APOYAS TANTO LA RELIGION, YA QUE LA BIBLIA ME DICE QUE LA TIERRA TIENE CUATRO ANGULOS (LO QUE EQUIVALE A DECIR QUE LA TIERRA ES PLANA) DEBO YO CREER QUE LA TIERRA ES PLANA CUANDO LA CIENCIA ME DEMOSTRADO QUE LA TIERRA ES UNA ESFERA? UMM. JAQUE MATE.",Non Support,No,No
301,Si hace 20 años alguien me hubiera dicho que le ganaríamos a Australia (potencia en fútbol femenil) no me la hubiera creído. La liga Mx femenil ha ayudado enormidades.,Support,Group,Other
2258,Pero generos hay 2,Non Support,No,No
1996,Los géneros son para la música no para personas créditos a Pepsi,Non Support,No,No
1208,Ninguno,Non Support,No,No
2528,Yo soy bisexual ❤❤❤❤ amo mi jenerp😊,Support,Group,LGBTQ
1836,"Yo entiendo que hay 2 sexos masculino y femenino, pero lo demás sobra, algo tienen que crear para vivir esta gente de ello y va en contra de la ciencia, es todo ideológico, porque aquí el hijo de la vecina iba al colegio y le empezaron a meter esta doctrina y está confundido.",Non Support,No,No
2564,"😮a mi me vale que genero, identidad o cualquier otra cosa que sean o se sientan siempre y cuando sean buenas personas 😊",Non Support,No,No
876,"Bueno yo la verdad creía que ere pansexual pero después de investigar y ver videos me di cuenta que soy antrosexual (ser aveces asexual,lesbiana,bixesual,pansexual etc..) por que me gunto un niño y pues algunos youtubers niños y tambien me a gustado 2 youtubers chicas una compañera el prolema que me terminó la amistad f pero últimamente me enamore de otra chica jeje que no la conozco en la vida real pero hablamos mucho por aquí y creo CREO que me gusta a y nadie de mi familia sabe de que soy esta sexualidad pero creo que si me aceptarian a y aveces me siento bigenero o genero fluido por que aveces me gusta ser chica pero avecez chico y aveces ninguno entonces soy bigenero o género fluido??",Non Support,No,No
2180,"Genial video tik tak, el video es muy informativo para las personas que quieran aprender algo sobre este tipo de comunidad y ando acuerdo con el final ya que cualquier persona es libre de como ser y pensar sin importar que sean diferentes a otros individuos.
Feliz día del orgullo :)",Support,Group,LGBTQ
264,"¡Felicidades Juan Pablo! 🎉  Gran orgullo. Tenemos muchos mexicanos fuertes y no sólo físicamente 😉, hay que darles más visibilidad y apoyo. 💪🏻",Support,Group,Other
517,Yo soy bisexual 🏳️‍🌈,Non Support,No,No
3181,"Quiero el otro Video! =(. Asi es No hay que cerrarnos, de mi parte yo estoy estudiando psicología y ahi se discute ese tema, cuando hablan de la religión no me molesta porque en si, la religión es otra cosa, yo sigo a Jesús y mediante la esta corriente científica y lo que es Freud psicoanálisis explican muchas cosas a favor de Dios, aunque no lo digan,No pueden Negar al Creador, otra cosa que lo omitan, lo ignoren, también el saber de Dios osea su Ciencia, la ciencia humana y la de Dios no son la misma, claro Dios da la revelación =). Muy importante Dios necesita que muchos estemos en diferentes etnias para ganar mas almas y compartir el evangelio. Bendiciones!",Support,Group,Religion
2917,Dios es la ciencia ! así de fácil..,Support,Group,Religion
294,Que narración mas orrible.,Non Support,No,No
2796,Pura idioteces dice este tipo estudia por fas la católica no es la verdad ......,Non Support,No,No
416,"Pues creo que soy asexual, porque no me gustan los hombres o no se me hacen atractivos los hombres pero sin embargo No quiere decir que sea lesbiana porque NO lo soy .",Non Support,Group,LGBTQ
1790,? No entiendo,Non Support,No,No
881,soy Bisexual género fluido,Non Support,No,No
1078,Comprobé que soy asexual jaja y supongo que arromantica,Non Support,No,No
755,🏳️‍🌈🏳️‍🌈🏳️‍🌈🏳️‍🌈🏳️‍🌈🏳️‍🌈🏳️‍🌈🏳️‍🌈🏳️‍🌈🏳️‍🌈😇🙂👍👍,Support,Group,LGBTQ
1427,Pansexual y género fluido,Non Support,No,No
601,Soy asexual... Y pues mi parejita tambien y pues tambien somos aromanticos 😂,Support,Group,LGBTQ
2545,"mmmm , siento un olor a zurdito",Non Support,No,No
677,Me siento como un oso y como un tanque sovietico,Non Support,No,No
2667,"Payaso, porque no te vas de Bogotá, tan pobrecita, los racista son ustedes.",Non Support,No,No
623,Una pregunta existe el Movistar sexual y el n4si sexual y la union soviética sexual pos data soy%100 hetero estoy orgulloso de nacer hombre México,Non Support,No,No
2899,Haz más vídeos de estos Carlos Erazo!!!,Support,Individual,No
988,"Esto de ""LGTB"" es por moda gente no me rechazan lo que dije es obvio todos ustedes y la gran mayoría de las mujeres le dijieron a sus amigas o amigos que son ""gays"" hay que admitirlo

Esto es la verdad no es mi opinión y si quieren ver mi opinión es que la verdad de este LGTB te lava la cabeza esto de mundo mejor es un verso para que tengan más integrantes y ganar más dinero a ellos no les importa que seas bro aparte que hay gente que se puso agresiva y agrego el fanatismo en muchos de ellos haciéndola muy tóxica y exclusiva y no me refiero a que es vip o eso es exclusiva por qué excluye gente que no piensan como ellos por ejemplo la gente homofóbicos también son personas y tienen la libertad de expresión como cual quiero otra pero esto de excluirla por eso?!?! Me parece que en vez de motivar a gente para que se una la estaría ""sacando"" para decirlo de otro modo, lo mismo con los movimientos Anti racismo aún que este no tanto ya que se modero más estos actos aun que el tema de racismo es que se ofenden por decir negro a la gente cuando es lo que es, si no también se tendría que ofender por decir ""blanco"" pero volviendo con el ""multi genero"" es que ya tienen derechos ahora vallan a lugares donde si los necesitan no acá en Latinoamérica 🧖🏽.

(Aclaro yo no estoy encontrá de ellos para incluir a todos esos ""géneros"" yo solo estoy encontrá de estos grupos fanatismo que buscan que piensen igual que ellos",Non Support,No,No
2895,"Esas preguntas pueden ser respondidas perfectamente sin tener ningún tipo de creencia en dios , preguntas como cual es mi propósito en la vida , existe el alma etc.... Dependen obviamente de la educación o de la sociedad que no rodee . Y si el alma existe o no es sobre si tu crees en el dualismo o no nada mas lejos , yo pienso que la religión y la ciencia en muchos ámbitos no pueden ir juntas , como en la clara evolución , origen del universo.... I como ateo que soy le doy la misma importancia a la religión que a la mentira de que papa noel existe o no , el discurso mítico ya fue desbancado hace mucho tiempo ante el discurso racional no continúen con eso....",Non Support,No,No
326,"Para Alejandro Palacios. Hola Alejandro (picolin) la selección femenil se ve con mala condición física, hay varias futbolistas con sobre peso, les falta velocidad, no practican arrastre de pelota por huecos, no hacen paredes ni disparan con potencia a zonas de gol en la portería rival, no cambian parados tácticos cuando se necesita más gente atrás  o en medio campo o sea un 4 4 2, un 4 5 1, o 5 4 1, no hay jugadas entrenadas a balón  parado, etc. Sino mejoran en la siguiente etapa serán eliminadas. Te lo comparto para que se lo hagas llegar a la ""pandita"" abrazo y éxito para todas y todos ustedes.",Non Support,No,No
756,Yo soy lesbiana ❤😊 pero es más probable que sea bisexual❤😊,Non Support,No,No
879,contexto  solo hay  un genero y es hetero sexual,Non Support,No,No
660,Yo soy bixesual,Non Support,No,No
600,2:22 xD jsjsjs me dio mucha risa era parte que dramatico,Non Support,No,No
3144,"Este compa no sabe q es la ciencia vaa y quiere meter a la religión en este juego como que esta fuese válida y coherente sus explicaciones y argumentos, cuando nos damos cuenta q todo lo q dice la religión es puro pensamiento mágico y metafórico q no tiene fundamento lógico alguno.",Non Support,No,No
293,Y donde lo están pasando que ni me entero,Non Support,No,No
3210,"Gracias por el vídeo, viva Panamá",Support,Group,Nation
2510,"Sexo: mujer
Generó: mujer
Identidad: pansexual 😅",Non Support,No,No
1483,Antrosexual,Non Support,No,No
134,Gracias por regalarnos esta alegria y ese orgullo que no lo dieron deportistas que lo tienen todo y hasta mas,Support,Group,Other
1448,Soy pansexual y bisexual.,Non Support,No,No
2779,Todo eso es falso ...La iglesia católica práctica la idolatría,Non Support,No,No
2111,que pena que den informacion de problemas mentales solo existen dos géneros es la realidad ahora si te quieres tener un cambio de cuerpo lo puedes hacer trabaja y hágalo si te gustan lo del mismo sexo perfecto pero decir que la sociedad te asigna un genero es lo peor es algo científico ahora es pecado decir que la ciencia existe dios estamos peor que antes se crean problemas porque no trabajan y se dejan de joder,Non Support,No,No
1954,Pues eso no supera la ciencia todos son hombres y mujeres ni hay diferencia alguna aunque ellos se sientan identificados no pueden evitar lo que ya son,Non Support,No,No
1411,"Dios mio, la humanidad esta pérdida. Ayuden a la extinción de nuestra especie. Bisexual y pansexual es igual. No binario?? Genero fluido?? que",Non Support,No,No
2316,Ya se que quiero ser UN DINOSAURIO ANI-PUT@S,Non Support,No,No
78,Que orgulloooo...hasta se me aguaron los ojos al escuchar el himno nacional 🇲🇽,Support,Individual,No
815,"Bueno, yo si me considero mujer y soy bisexual 
Pero igual me gusta aprender mas de la comunidad y su variedad :)",Support,Group,LGBTQ
679,soy heterosexual y me gusta mucho tus videos,Support,Individual,No
2269,puras huevadas no mas,Non Support,No,No
740,"Mis padres ya sabían que era género fluido,pero cuando se enteraron de que era bisexual me dijeron""ooooo ahora tiene sentido porque eres tan fluida"", actualmente me molestas por ser una persona de género fluido y me preguntan:""¿Cómo te llamamos?,¿hoy eres mi hija o mi hijo?,¿cuando vas a vas a traer al novi@?no vez que me desesperas!""es divertido todos los días -w-""",Non Support,No,No
1472,"Soy lesbiana y no binaria,para la gente es raro,ya que soy lesbiana,y no me debería considerar así ya que no tengo género según es lo que dicen,varias veces me han dicho ""vos solamente sentís que no sos ningún género,pero tenés partes de mujeres, así que tenemos que tratarte como una mujer""nunca me entendieron😿,y traté de usar el lenguaje inclusive pero a las personas les daban cringe o les era raro, así que decidí tratarme con pronombres masculinos,dicen que por mi estilo de ropa soy trans,nada que ver,y siempre están con sus preguntas de""si no tenés género,en qué lugar te pones cuando es de mujer y hombre?"" o ""si sos no binarie¿Sos lesbiana o gay?o ninguno?""yo me pregunto lo mismo,pero estoy acostumbrado,desde los 5 años he empezado a sentirme alguien que no se identifica con un género,y pensaba que estaba mal,y tmb me gustaron nenas del jardín,y tmb pensé que estaba mal,pero recién este año,ya pude salir del clóset,me siento algo más libre por haberle dicho a mi vieja,llore una banda esa noche😺,pero bueno,ser no binarie es algo difícil ya que casi nadie entiende el tema, pero preferiría que me traten con pronombres masculinos antes que femeninos",Non Support,No,No
1720,Y yo una cabra montesa.,Non Support,No,No
2761,"Por favor Dios escucha nuestra oración!! más vocaciones, y que las personas abran los ojos y regresen a la verdadera iglesia, y que dentro de la iglesia Católica, no existan lobos disfrazados con piel de oveja, que dañen y lastimen tu iglesia",Support,Group,Religion
2450,Géneros solo existen dos hombre o mujer,Non Support,No,No
2460,Que gays era mi canal favorito pero se volvió una mierda,Non Support,No,No
2700,El documental entero dnd se puede ver?,Non Support,No,No
423,Orgullosamente homosexual 🏳️‍🌈🏳️‍🌈🏳️‍🌈🏳️‍🌈🏳️‍🌈,Non Support,Group,LGBTQ
2206,No hay que apoyar a los gays Dios puso hombre con mujer no puso mujer con mujer tampoco puso hombre con hombre🤬😡😠😡😠🤬🤬,Non Support,No,No
71,Gracias por el ejemplo que das Gloria. Que sigas cosechando triunfos con esa fuerza que tienes y tanta dignidad. Edomex! Un abrazo! 🥇🇲🇽,Support,Individual,No
2357,"Los que apoyan a los bicestos y dicen que no deben de ser discriminados 👇👇👇👇
                                                                                                                                          💩💩🦧🦧",Non Support,No,No
1662,que depresion me está entrando,Non Support,No,No
463,Que bien me siento de ser normal 😊,Non Support,No,No
2486,Era bueno este canal adiós ya no veré tu contenido,Non Support,No,No
281,"Ellas SI representan a México en cuanto a futbol, por lo tanto esperemos que el viernes 6 haga un partidazo contra la anfitrión Colombia, no será fácil pero esperemos el liderato se merecen nuestro apoyo! 🇲🇽❤️",Support,Individual,No
480,"Propaganda lgbt no existe sexualidad asexual , porque no es lo que sientes sino capacidad reproductiva y los actos homo son todos estériles .",Non Support,No,No
150,Para México es de oro. Maravillosa atleta!,Support,Individual,No
1315,Entonces soy demisexual y genero fluido jajajaja,Non Support,No,No
2378,Eso es el resultado de una mala educación y falta de. Atención a generación de padres dizque modernos que lograron confundir a las últimas generaciones,Non Support,No,No
2223,Que video tan estupidoo,Non Support,No,No
1985,Es una mierda.,Non Support,No,No
1505,yo soy liberula modo tryhard pero respeto todos los generos,Support,Group,LGBTQ
2118,No tengo nada contra la comunidad LGBT feliz dia no tienen diferencia🏳️‍🌈🏳️‍🌈🏳️‍🌈🏳️‍🌈🏳️‍🌈,Support,Group,LGBTQ
2654,Ya Bogotá no es de blancos Bogotá afro también.,Non Support,No,No
987,"Yo soy bisexual, mi novio lo sabe (aunque al principio pensó que era bipolar, por que solo dije que era bi xd) y aparte creo que algo de género fluido. Muy aparte de que creo que a mi familia no le gusta eso, porque son como muy exactos en las palabras al ver a ese tipo de personas, aunque si quisiera su apoyo en lo que soy y dejarán esas palabras sosas con las que se refieren a personas con distinta orientación.",Non Support,No,No
664,Hubiese estado guay que se hubiesen diferenciado las orientaciones y los géneros,Non Support,No,No
1582,No binario no se comprende con ningún género y lo es,Non Support,No,No
534,No pues está de locos.. jajajaja,Non Support,No,No
142,Se escucha hermoso el Himno Nacional Mexicano...hasta lloré,Non Support,No,No
3206,"Que bien juegan estas chicas, muchas felicidadez y que sigan los éxitos.",Support,Group,Women
221,"A mí me va costando la natación con toda mi capacidad motora y estas sirenas así de rápidas y hermosas, toda mi admiración ❤",Support,Group,Other
1324,Mis compañeros son re malos con los gays y ay un compañero mío que es gay pero habla tonto fresa pero me cae mal porque es remalo con los que no le cae bien,Non Support,No,No
1987,Noooo tiktak que te paso,Non Support,No,No
474,1:50 no se si soy el unico pero la bandera heterosexual me recuerda a la del reino de yugoslavia,Non Support,Group,LGBTQ
1808,Yo me autopercibivo juez puedo juzgar a todos ❤️ 🏳️‍🌈,Non Support,No,No
3186,"lastimas que los llamados ateos vengan aqui a desmentir a Dios , mas bien aprovechen el amor de jesus que les esta hablando a travez de este medio",Support,Group,Religion
1091,Soy un pingüino 👍🐧,Non Support,No,No
1585,"el : cometa tu genero y sexualidad
yo merengues: 
genero: mujer
sexualidad: aun desconocida xd hetero o bi aun no se sabe OwO TwT",Non Support,No,No
1764,"Si una persona se considera extraterrestre, y quiere ser tratado como tal, qué sería?",Non Support,No,No
2322,"Yo opino que esto de los géneros solo son caprichos de las personas para llamar la atención, la verdad es que la sociedad está muy mal solo le venden ideas a los niños y adultos.",Non Support,No,No
2191,Yo me identifico como Cristiano Ronaldo,Non Support,No,No
1254,"Pero bueno pues la verdad yo soy bigenero, chico y chica a la vez, y androsexual vendría siendo mi orientación sexual, ya que no puedo decir que soy ni hetero ni gay, esa se vendría refiriendo a la atracción hacia los hombres",Non Support,No,No
2666,"El racismo es un problema que está arraigado en la sociedad desde tiempos remotos. Por más que hoy pueda sonar ridículo que una persona sea discriminada por el color de su piel, muchas personas siguen teniendo esa clase de prejuicios. excelente  Eibar 👏🏾 felicitaciones",Non Support,No,No
716,"Yo me di cuenta que yo era gay porque sentia que me gustaban los hombres y consegui tener novio XDD

Happy pride! (Feliz dia del orgullo)

Chau ♡",Support,Group,LGBTQ
1834,A huevo.....yo soy aldebaran de Tauro.....,Non Support,No,No
1200,mi jenero es   cis  genero me gusta los ombres,Non Support,No,No
3163,"Hay un libro hermoso que se llema ""Una Vida Con Proposito"" les recomiendo que lo lean!
",Non Support,No,No
866,Yo soy género abrosexsual 💘✨,Non Support,No,No
1621,"te quiero mucho juanchimi 
Esto me recuerda a 2021, es curioso porque en 2021 pensaba que era lesbiana y ahora soy pansexual y género fluido. Wow, cosas que pasan",Non Support,No,No
337,ME CASO CON LA 10 DE AUSTRALIA,Non Support,No,No
1043,"Ni, que fuera pokemon",Non Support,No,No
930,"O rayos.. creo que soy ososexual
Exacto me gustan los osos xD",Non Support,No,No
712,🏳️‍🌈 la bandera de Cusco peru,Non Support,No,No
1381,El sexo y los géneros son biologicos PUNTO,Non Support,No,No
2525,"Bueno, perdieron un suscriptor.",Non Support,No,No
2940,"no se porque pero esta demostrado que los países mas religiosos son donde mas índice de muerte por guerra, robos, y todo tipo de ""pecados"" o inmoralidades hay, mientras países que no apoyan en su mayoría religión ninguna tienen menor índice de muerte por guerra y todo eso, soy creyente pero este tipo de cosas me hacen dudar...",Non Support,No,No
3111,Deberías buscar a los creaciónistas y también a John pendelton ellos saben de este tema son científicos cristianos,Support,Group,Religion
1122,"No sabía que era Pansexual...😅 Pensé que era gustos por el pan... Pero bien Hetero 👊🙂. (nose que es hetero, pero pienso que es lo común)",Non Support,No,No
1957,"Dios dijo hombre y mujer, no mujer con mujer ni hombre con hombre

⬛⬛⬛⬛⬛⬜⬜⬜⬜⬜",Non Support,No,No
2954,Los creyentes viven en un mundo creado por ateos. Haber creyentes lleguen a sus trabajos en un burro  o usen una piedra para entrar a su facebook.,Non Support,No,No
1632,Soy hetero osea heterosexual,Non Support,No,No
2980,"La existencia de dios es nula, ya que el hombre fue el que lo ""creo"" para explicar cosas que no entendia por ej. como en la antiguedad no se sabia el porque del dia y la noche se lo atribuyeron a un señor todo poderoso. Simplemente para darle una explicación a un fenómeno que no entendían. En cambio la ciencia observa un fenómeno, lo analiza, realiza hipótesis que puedan ser la causa del fenómeno, se estudia cada una de ellas, una vez analizadas todas las hipótesis se toma la mas probable, se precenta ante otros científicos, se debate y si se cree que esta es verdad sale a la luz, pero puede cambiar ya que se sigue estudiando con nuevas herramientas. En cambio la religión ve algo que no  sabe a que se debe y se lo atribuye a su dios sin cuestionarcelo eso o inventan una historia de fantasía sin tener en cuanta el método científico.",Non Support,No,No
2523,Yo soy #&@¡?#/ (no se que soy),Non Support,No,No
2808,Saldrá  muchas  Nominaciones ...y los confundiran ...dice el Señor Jesús ..   ....(   muchas   Religiones  ),Non Support,No,No
2130,"Me auto percibo como un rey, así que EXIJO QUE ME TRATEN COMO TAL. Nadie puede caminar por delante de mí, me tienen que hacer reverencia cada vez que me saludan, no tengo porque pagar impuestos, exijo una escolta de seguridad por donde vaya. PUNTO, así que TODES los NO BINARIES serán mis sirvientes. Porqué? Porque soy el rey y así lo demando. Que así quede escrito, que así se haga.",Non Support,No,No
1757,A mi me da muchisima pena de estas personas las respecto .Pero les aconsejo que vallan a profecionales psiquiatras para que los/las ayuden .,Non Support,No,No
544,"¿Con qué Orientación Sexual te identificas hoy en día? 🤔

Si no estás seguro podrías estar experimentando lo que se conoce como Bi-curiosidad 🌱:
https://youtu.be/jKjDlaHb6SU",Non Support,No,No
997,Mi mamá dice que estoy mal pero soy bi,Non Support,No,No
3046,"Dios está  a favor de la ciencia, para que esta nos ayude a indagar más en su creación. Un gran ejemplo: sin ella no podríamos saber cómo funcionan los organismos en la naturaleza, osea, no conoceríamos el maravilloso trabajo de Dios.",Support,Group,Religion
1046,Pansexual: te sientes atraído por los panes,Non Support,No,No
497,Yo nose que Mier*#* soy 😢,Non Support,No,No
2314,Yo soy una planta 🌱,Non Support,No,No
3019,jajajaj que vivo la razon de que no pensaran distinto en los años 1800 o 1500 es por que al que pensaba distinto lo mataban :),Non Support,No,No
1422,"Para mí sapiosexual sería simplemente, sentido común.",Non Support,No,No
2029,"Sexo: mujer ;)
Genero: no binario :D
Orientación: axesual :0",Non Support,No,No
675,Que acabo de ver que fue,Non Support,No,No
2812,Me pregunta es la siguiente porque sigue adorando imagenes echas de yeso y hechas por el hombre? Eso no esta prohibido por Dios???,Non Support,No,No
1148,"Ayuda mijos
Soy una chica bisexual tirando a lesbiana y auqnue mi familia no es homofobica, me da cosa contarles sobre esto
Tengo el plan de intentar contarselos a los 15 o 16 años (tengo 13) porque dicen que para todas esas cosqs estoy muy chiquita
Ns que opinan ustedes de mi decision LoL",Non Support,No,No
2216,Me identeifico como una patata,Non Support,No,No
3110,"La ciencia moderna siempre estará peleando encontra del fundamentalismo bíblico por ejemplo:
La edad de la tierra 6000 a 10000 años vs 4.54 billones de años
Evolución, selección natural y extinción de los dinosaurios vs creación y el diluvio universal
Hipótesis documentaría vs Moisés el escritor de la Tora

Nunca estarán de acuerdo",Non Support,No,No
1004,"Soy bisexual y una chica cis-genero y estoy orgullosa de ello
💓💓💓💓💓
💜💜💜💜💜
💙💙💙💙💙
Love is love",Support,Group,LGBTQ
3011,"Wow este video esta exelente me ayudo mucho a entender estos dos dilemas 

Te felicito esta buenisimo sigue asi 
Yo le deje un gran like de todo corazón ❤",Support,Individual,No
2867,ustedes creen que un religioso le va a ganar a un cientifico? jajajajajaja ni estudiaron y quieren competirlos con cientificos,Non Support,No,No
3087,"la ciencia dice que dios no creo el mundo y la religión esta basada en que dios lo creo 
:p todos saben que son como dos bandos opuesto ENTONCES cual es la razon para este vídeo ",Non Support,No,No
3047,"Razón vs. Fe?  
Comprobación y observación vs. Fé?
La ciencia admite cuando se equivoca y cambia según lo comprobado, la religión... bueno, la religión es capaz de asesinar si no le dan la razón.",Non Support,No,No
1969,Espera no habían 2 géneros?,Non Support,No,No
2578,"Yo soy hetero :v,pero respetos a los LGTB🤑",Support,Group,LGBTQ
2584,El día de los pu t0s diría mi padre,Non Support,No,No
1713,"Like si eres hetero y estas en contra de celebrar un cambio de persona sin nunca celebrar como la religión, el nacimiento de la tierra, etc",Non Support,No,No
3018,"Enrealidad ese tal limite de la ciencia ya no esta,Porque hay una rama de la ciencia llamada FILOSOFÍA se encarga de resolver esos misterios que no se pueden meter en un microscopio.La religión no sirven ni para eso.",Non Support,No,No
1320,El género es para la música no para las personas 🤑,Non Support,No,No
3224,"11:18 imposible no emocionarse, los felicito españa",Support,Group,Nation
1177,"Ya que vengan los aliens o la IA se haga cargo de todo, estamos condenados. Bomba nucl3ar a USA y por ahi hay chance de salvarnos antes que todo salpique por completo al mundo.",Non Support,No,No
3125,"La ciencia debe ser vista como un instrumento de conocimiento, más no como una guía de acción social",Non Support,No,No
970,"Como dato curioso ,la pansexualidad se a cambiado al paso de los años ya que en si la pansexualidad se suponía que abarcaba todo absolutamente todo y ya dependía de cada quien cuánto pero es de ahí que viene el nombre pan = todo y sexualidad =orientación se supone que esa es la definición correcta pero ahora en el colectivo lgtb se a cambiado mucho ._.(solo es un dato no es por ofender ni nada)",Non Support,No,No
2759,Es tas muy equivocado por qué esa religión dise cosas sin sentido no voy a desir cual es la verdadera aberigue lo le ibaadesir toda la verdad pero si empiezo  nunca terminaré 😢😢😢,Non Support,No,No
861,yo la verdad creo que soy lesbi .c,Non Support,No,No
1040,Yo soy gay toda vía no le digo a mi familia pero se los diré alos 17,Non Support,No,No
535,Pues soy heterosexual 😅 y estoy orgullosa de ello 😊,Non Support,No,No
1706,No entiendo el título xd pero soy hetero y  no romántico creo que existe esa bandera xd de no romántico,Non Support,No,No
3133,"Por cierto, Teología no es sinónimo de Religión, así que si revistas como Nature o British Journal for the Philosophy of Science, traen artículos donde se discuten libremente las implicaciones de la ciencia y la teologia, no significa que dan por hecho el TEISMO como una realidad, o en otro caso, si las universidades de Oxford o Cambridge tienen departamentos de ciencia y teología, no significa que dan por hecho el TEISMO como una realidad, repito; Teología no es sinónimo de Religión, así que no veo que relación tienen esos 2 argumentos con el objetivo del vídeo. Con los términos solo confunden mas a la gente, aunque pensándolo bien, talvez ese es el objetivo.",Non Support,No,No
1776,"O eres chico, chica o te sientes chico o chica pero lo de binario no existe, más bien lo de binario hace que las personas trans se sientan mal ya que les llaman binarios que es como si les dices que son bichos raros y eso no está bien

Edit: ya que si tu eres trans es porque no te gusta tu género y te quieres cambiar de género o te sientes más identificado con el otro género",Non Support,No,No
1401,"jsjsjsjs yo me considero bisexual y género fluido, pero...a veces me cuesta diferenciar si soy bisexual o pansexual jajajaja :v",Non Support,No,No
1165,"Jaja soy heterosexual ,saludos desde Argentina",Non Support,No,No
1910,"Cada que vez que veo estos videos termino mas confundida no entiendo nada ,tantos términos nuevos .",Non Support,No,No
3185,En este tema nadie gana nunca..... la ciencia tiene una teoria y la religion la otra asi que nadie gana. En vez de hablar este tipo de temas salgamos a la calle y demole a un vagabundo algo de comer y un poco de ropa ayudemos al que lo necesita y como dicen que cada cabeza es un mundo hace de tu mundo un lugar perfecto ;),Non Support,No,No
424,La gino sexualidad hasta donde yo sé es una patología,Non Support,Group,LGBTQ
1623,Soy bisexual y pansexual pero lo que más soy *PANSEXUAL* e luchado con esto desde los ocho mis padres dicen que ser pansexual o otro Género es algo horrible para ellos (obviamente yo soy la única de la familia con una sexualidad  claramente me gustan chicos e chicas pero soy más de chicos y menos chicas mis padres e familiares son cristianos la verdad esque es un secreto muy difícil de decir y prefiero tenerlo en secreto con mi mejor amiga que con mis familiares y padres),Non Support,No,No
1228,En este tipo de videos me siento que soy el único heterosexual xD,Non Support,No,No
2050,no hija una cosa es ser hombre o mujer y otra cosa es sentirse que no son ninguna de las dos y son algo neutro,Non Support,No,No
1956,"Cada vez se parece a la población de futurama, faltan los aliens",Non Support,No,No
2750,falso todo lo que dice...,Non Support,No,No
867,"Nunca me senti bien y comoda con los hombres cuando se refiere a relaciones de parejas (a la mayoria solo los veo como amigos )
Asique me identifico como lesbiana( a demas ya habia tenido novias antes) pero tampoco me identifico como una MUJER, asique también soy no-binario.",Non Support,No,No
2803,Viva Dios padre hijo y espíritu santo los 3 son uno y solo hay un Dios,Support,Group,Religion
7,Muchas felicidades a esta guerrera azteca qué dejo el nombre de México en lo más alto y que el himno retumbó en paris.🇲🇽❤ Viva México.!!!!🎉,Support,Individual,No
863,Arromantico es que no te gusta ningun sexo,Non Support,No,No
3239,Justicias para todos afroamericanos,Support,Group,Black Community
89,Aplausos enormes para ella desde México 🇲🇽👏🏼👏🏼👏🏼👏🏼🎉,Support,Individual,No
2549,Yo sigo en duda si soy no binaria o bisexual :\,Non Support,No,No
1224,"Ok ya me decidí xd
Bueno ya sabia que era pamsexual hace tiempo pero recién me di cuenta que soy de género fluido XD",Non Support,No,No
925,Dios creo a dos generos nomas Llamados hombres y mujeres el no crro el no binaruo y tampoco al lesbianismo ni al gay,Non Support,No,No
2632,"Hola Yo Nací Acá En Bogotá DC, Y La Verdad Ser Negro En Bogotá Es Bastante Difícil, A Las Personas Les Cuesta Creer Que Un Negro Pueda Nacer Acá En Está Ciudad, El Racismo Es Latente, Está A La Vuelta De La Esquina.... Desde El Colegio Y Etcétera..",Non Support,No,No
3202,Bravo  chicas 🇲🇽,Support,Group,Women
1293,2:40 yo solo entendi que se manosean,Non Support,No,No
1564,soy género fluido y Asexual,Non Support,No,No
2885,"No es asi de sencillo como lo quieres poner, la cosa es que en TODAS las ramas de la ciencia (geologia, astronomia, fisica, biologia, genetica, etc...) se han hecho descubrimientos que entran en conflicto directo con las escrituras biblicas. Desde cosas que ya estan fuera de cualquier discusion como el que la tierra gira alrededor del sol y no al revez y que un diluvio universal jamas ocurrio, hasta otros hechos que aun, neciamente, quieren negar, como la evolucion, que no es una ""teoria"" sino un fenomeno demostrado por el metodo cientfico (lo que es una ""teoria"", lo pongo entrecomillado, pues el termino ""teoria"" en la ciencia no es sinonimo de ""hipotesis"" como muchos creen, es la ""TEORIA DE LA EVOLUCION DE LAS ESPECIES POR SELECCION NATURAL"", que es hasta ahora la teoria mas aceptada para explicar un fenomeno natural como lo es la evolucion) Y bueno, a pesar de toda tu palabreria, no puedes aceptar los descubrimientos cientificos y la biblia al mismo tiempo, pues se contradicen uno al otro. La ciencia te dice que la manzana es roja y la religion te dice que es azul, una de las dos esta equivocada y no puedes decir que las dos tienen razon, la ciencia es ciencia porque se somete al metodo cientifico para demostrarte que la manzana es roja (metodo cientifico: es observable, falsable y testeable, es decir se puede realizar el mismo experimento indefinidas veces y siempre dara el mismo resultado), mientras que la religion te pide que creas que la manzana es azul por fe. Y que estupidez lo que comentas de las universidades, queriendo enganiar de forma deshonesta al torcer palabras para hacer creer que la comunidad cientifica y religiosa trabajan en conjunto, la enorme mayoria de la comunidad cientifica no es creyente, las universidades tienen completamente separadas las ciencias de la teologia y me parece una manera muy baja de tu parte de enganiar a tu audiencia",Support,Group,Other
2390,"Con todo el respeto que se merecen las personas, creo que la sociedad está cada vez más perdida y está preparándose para la muerte del ser humano, perder la identidad es algo que está mal, cada persona debería saber lo que es, pero eso no pasa solamente por la sociedad, sino como te sentiste cuando más niño, si tus padres te dieron el cariño necesario y mucho más, creo que muchas de estás cosas pasan, por una perdida de la identidad del ser humano",Non Support,No,No
2426,Tiene la bandera de los geis,Non Support,No,No
693,Soy polysexual cis género pero cuando alguien me pregunta digo que soy bisexual pa no tener que explicar que es la polysexualidad,Non Support,No,No
690,"Hola soy Alexander y siempre me quise ocultar a mi y a mi familia que era bisexual y hace un tiempo crei que era gay y me siento terrible y ahora se que soy bisexual y me quedo pensando, por que no soy normal y e pensado en 🔪 muchas veses pero yo estoy seguro de que nunca o casi nunca se lo voy a contar a mi papá e mamá pero si se me cruza en la vida una mujer me gusta y si se me cruza un hombre siento algo también mero si me gusta obvio no cualquier persona, pero eso y no quiero desepsionar a mi familia.",Non Support,No,No
407,Para mí estas son orientaciones sexuales y las sexualidades son por ejemplo el fetichismo o el swinger.,Non Support,No,No
1309,creo q soy pansexsual xd,Non Support,No,No
3216,Que alegría ver estos desfile soy panameña 🇵🇦🇵🇦🇵🇦 desde Vilanova y la Geltrú Barcelona. ️,Support,Group,Nation
2115,Feliz día del orgullo LGBTX+🏳️‍🌈🏳️‍⚧️🧑‍🤝‍🧑👭,Support,Group,LGBTQ
2727,"Sinceramente pienso que ninguna religión es la ""correcta"". Yo siendo cristiano mantengo la visión de que nadie por más que lo niegue o afirme tiene la razón.",Non Support,No,No
2687,Pero si en cuba la mayoría son negros :v,Non Support,No,No
25,"Siempre lo he dicho, estos atletas lo dan todo para ganar, demuestran que el limite somos nosotros mismos, ellos son los atletas y las personas a las que deberíamos voltear a ver",Support,Group,Other
1548,Ayuda no sé si soy Lesbiana o Bisexual,Non Support,No,No
955,"Realmente es lindo ver qué la gente se acepte tal cual es, como siempre debe ser, es una lastima que aún existe gente que literalmente está criticando a una persona lgbt, como si eso lo hiciera alguien malo, realmente nunca entendí el desprecio a una persona así, no le veo por qué no sería normal? Es poco común pero eso no lo hace menos normal, ser hetero como yo y mucho es lo común, ser lgbt es menos común pero igualmente somos lo mismo, humanos que aman, viven, sueñan, etc, siempre que quieren criticar a alguien lgbt dicen comentarios tan pero tan poco válidos como ""no es normal"" ""Dios creo hombre y mujer"" ""fan de kunno"" ""hombre Femenino"" ""mujer masculina"" que hacen que su opinión sea totalmente errónea y sin fuerza para sostenerse, además, casi siempre desprecian a los lgbt por pura moda... En conclusión, si no piensas como debe ser, y desprecias a alguien lgbt, lo cual es tonto, simplemente ten respeto, no por qué esa persona sea lgbt, si no por que es un derecho humano y es una persona obviamente, si nadie te a criticado por ser chico/a y te guste tu sexo contrario, por qué a alguien lgbt si lo ofenderías si es el mismo caso?",Support,Group,LGBTQ
1300,Guakala,Non Support,No,No
3096,la ignorancia es el triunfo de la religion y un claro ejemplo de esto es el 👆,Non Support,No,No
2968,Oye estás más loco que una CABRA.,Non Support,No,No
2835,"Carlos! wow.. ME HAS SALVADO! esto es justo lo que estaba buscando, Tengo que exponer acerca de la teoria creacionista y esto es justo lo que me faltaba, ojala hagas mas videos como este :D Gracias!",Support,Individual,No
1467,Pase de ser bisexual a ser pansexual xD,Non Support,No,No
228,Te amo delegación Paralimpica mexicana! 😭❣️,Support,Group,Other
120,"Hermoso nuestro himno nacional mexicano, éstos atletas si saben a lo que van y lo dan todo por ganar, no hay límites 🇲🇽",Support,Group,Other
915,yo soy heterosexual y bigenero desde 2019,Non Support,No,No
2817,"Cuando Dios mandó a construir su templo utilizó a hombres de ciencia y sabios en diferentes áreas entre ellos, trabajadores en oro, en metales, en madera, incluso en matematicas y otras ciencias que eran necesarias para el hombre para poder hacer el templo tan espectacular que logró construir... Por otro lado tienes a Salomón, un hombre sabio como muchos, la ciencia proviene de la sabiduria... entonces si se compagina la ciencia con la fe...",Support,Group,Religion
3107,"la ciencia tuvo tiempos que fue aliada a la religoon, en sus inicios por ejemplo, hasta epocas anteriores a esta.

pero el ateismo niega a Dios solo porque ellos lo quieren ver. y lo peor esque lo culpan de asesino cuando no a tocado un solo niño :/  

en cambio los campos nazi llenos de ateos que experimentaban, ahogaban, quemaban, brutalmente asesinaban y violaban a niños y niñas, esos que? son santos?

desgraciados ateos",Non Support,No,No
2326,"wey tu puedes ser lo que quieras...solo no estés chingando a los demás que vean tu realidad porque entonces ya o estas respetando su integridad, respeta para que te respeten, para mi solo hay hombre y mujer punto...todo lo demás son inconformidades del ser humano con su existencialismo, dice una enseñanza de buda ""La felicidad no te la dan los demás te la das tu mismo, y para ello eres dueño de tu propio destino y ser"".",Non Support,No,No
1515,Soy Brayan y  no se que soy porque me gusta mi tío pero también mi abuela y no se  que soy  por eso entre al video,Non Support,No,No
680,"Weno yo soy trans(de mujer a hombre) y... semibisexual, que es sentir atraccion hacia los dos generos pero con preferiencia hacia uno,por ejemplo una mujer que siente más atraccion sexual o romantica hacia las mujeres que hacia los hombres, yo, siento más atraccion hacia los hombres sexual y romantica y no siento ninguna atraccio sexual hacia las mujeres pero si romantica,pero menos que a la de los hombres.",Non Support,No,No
2209,Yo soy bisexual 🥺,Non Support,No,No
3094,Veo el video por una tarea 😊❤,Non Support,No,No
1867,porfin... a terminado... TERMINO... TERMINOOOOOO!! JAJAJAJAJA TERMINO PORFIN 🤑🥳🥳,Non Support,No,No
2391,Me siento cajero bancario!! Iré a exigir al banco me deposite algunos millones y poder ejecutar mi Función!!,Non Support,No,No
715,"Soy una persona bisexual y enby(no binario) pero hay ocasiones dónde me sentido mejor como hombre o mujer.(Momentos bastante escasos)
No me gusta que se refieran a mí con pronombres, todos se me hacen incómodos. (Menos en inglés, entonces me siento bien usando el pronombre they/them.) Prefiero que usen mi nombre en su lugar.",Non Support,No,No
195,Simplemente hermosa,Non Support,No,No
1689,"Realment hoy *TikTak Draw* no sólo nos enseñó algo important sino ke nos dió una buena enseñanza ke nunca olvidaremos.
*""Felicidads a toda la Comunidad LGBT+ y los mencionados en st vídeo""* 😊😊😁😁
✨ *Bsos y Abrazos* ✨",Support,Individual,No
1837,F hoy se me callo un idolo,Non Support,No,No
2798,"El catolicismo es lo peor que le ha pasado al mundo, lleno de idolatría, usado como justificación para robar, masacrar y abusar. Y si se extendió tanto fue porque él imperio romano impuso la cruz en el mundo, no porque sea la verdad.",Non Support,No,No
2325,Me identifique,Non Support,No,No
2074,No entendí nada solo se que hay hombre mujer y gusto por el mismo genero ( gay o lesbi),Non Support,No,No
259,"Reconocer a los 3 atletas mexicanos que participaron en esta final, ya es un logro después de esos años de entrenamiento para llegar a la final y ser parte de los mejores del mundo, felicidades!! Vamos Mexico!!!",Support,Group,Other
2471,Muhco gusto soy un pancito 🍞,Non Support,No,No
3127,"A ver, sí no se tiene una explicación a algo. Simplemente fue hecho por Dios? Por favor. -.-",Non Support,No,No
2337,Queria ver el video como es de costumbre. Pero comenzaron a hablar sobre este tema y prefiero perderme este video con gusto.,Non Support,No,No
1893,Una boludes mas grande que una casa,Non Support,No,No
340,Que aprendan las divas de la selección mayor de estas chicas amor garra y pasión por la camiseta,Support,Group,Women
901,"Bueno, creo que soy una chica cis-genero bisexual :b, a lo largo de mi vida ahora que estoy en mi etapa de pubertad, me he dado cuenta que he sentido atracción sexual y sentimental hacia ambos sexos, más chicos que chicas (ya que desde pequeña se me impuso que el hombre va con la mujer) pero mientras creci me empezaron a gustar también mujeres. Debo admitir que al principio fue un dolor de cabeza, pero ahora tengo todo más claro, actualmente he tenido varias ex iluciones amorosas con ambos sexos, pero nada serio, prefiero dedicarme más a mis estudios, sobretodo ahora que estoy en secundaria 👍.",Non Support,No,No
2285,"Queer y no conforme no es lo mismo? 🤨 Yo intento entender estas cosas pero me pierdo,cada dia escucho una palabra nueva",Non Support,No,No
668,Yo pensaba q era bisexual hasta hoy saben q soy pansexual :) y me identifico como chico no como chica(nadie mas q usted quien lo esta leyendo sabe),Non Support,No,No
1886,"Yo jamás aceptaré esas orientaciónes  ni las voy a respetar,pero esto deacuerdo que cada persona haga con su vida lo que quieras.

(El autocorrector)",Non Support,No,No
2674,Buena esa panita! Saludos,Non Support,No,No
73,Orgullo mexicano,Support,Group,Nation
2987,"Me gustaria q explicaras de manera cientifica o lógica el versículo de Josue 10:13
Jaja",Non Support,No,No
672,"Yo no le voy a decir a mis padres q soy bisexual, por que mis hermanos heteros no tienen por que decirle a mis padres q son hetero, yo no tengo q decirles q soy bi. Aunque si algún día llego a tener novia (soy mujer) pues se la presentare a mis padres sin ningun problema 💗💗",Non Support,No,No
564,"Soy una persona pansexual, me di cuenta hace realativamente poco, aunque algo que me tiende a molestar es que casi siemore me dicen: a ver, quien te gusta?

Yo me di cuenta a partir de varias ezperiencias y no por una persona en especofica

En fin, la sexualidad es solo lo qie te gusta y ya",Non Support,No,No
2099,"A

Y yo me llamo Mercedes",Non Support,No,No
371,"orgullosamente yo soy: Hansbetorexcrinosvalisferismoneristrasexual 






Significa que me gusta todo lo que tenga pulso, excépto todo aquello que no se identifica que no tener pulso, PERO puedo estar dispuesta a relacionarme con alguien que diga no sentirse identificado con no tener pulso si este lo dice durante la luna llena a plena luz del día en agosto 4 veces mientras mira al espejo del baño de su vecino.",Non Support,No,No
1607,No mame soy pansexual me gusta cualquier persona xD,Non Support,No,No
750,la verdad ami no me interesa ni mier saber de géneros yo siempre seré hombre y listo,Non Support,No,No
741,"😂😂😂 la diversidad será muchoas grande. Realmente con tantos géneros me uele a una gran variedad de estupideces provenientes de los zurdos comunistas, de los del colectivo LGBTQ+BTS/WD40, que ambos en conjuntos, su fin es confundir a los niños, pre-adolescentes, adolescentes, jóvenes, y algunos adultos no muy inteligentes. Yo les preguntaría... A parte de pnt0, cual es tu otro problema??. Basta de pavadas y de confundir a los hombres y mujeres.",Non Support,No,No
699,"Soy pansexual,y quisiera saber si está bien que los hombres me gusten de manera romántica,pero no me atraigan del todo de forma sexual 
A diferencia de las mujeres las mujeres me atraen sexualmente más no romanticamente...",Non Support,No,No
1688,"si el genero masculino y femenino es una construcción social, entonces que es un travesti? y no me digas que es un hombre que se viste de mujer, porque los hombres y las mujeres no existen según tu.",Non Support,No,No
808,Respeto pero no apoyo 👍🏻,Non Support,No,No
522,"Que gran decepción que una canal de psicología se dedique a difundir esta desinformación sin tener el cuenta lo que dice la ciencia al respecto, solo existen 4 sexualidades
Heterosexual
Homosexual
Bisexual
Asexual
Y solo existen 2 sexos
Hombre 
Mujer
No hay un 3er sexo, las personas ""transexuales"" no son un 3er sexo, son hombres o mujeres con disforia que recurren a cirugías para parecerse físicamente al sexo opuesto, las personas ""intersexuales"" tampoco son un 3er sexo, solo hombres o mujeres que han nacido con malformaciones genéticas, para que haya un 3er sexo tiene que haber un 3er gameto, pero solo hay 2; óvulo y espermatozoide, no hay un 3er gameto con una tercera función. Entonces teniendo en cuenta que solo hay 2 sexos eso solo daría lugar a las 4 sexualidades anteriormente mencionadas.",Support,Group,LGBTQ
1536,"creo que soy pansexual, pero a la vez asexual, en resumen: me gusta todo pero a la vez nada xd",Non Support,No,No
1365,"orientacion sexual?
fluides sexual?
 no c bro yo tengo mis ajustes en predeterminado",Non Support,No,No
1671,SOY YO O ES EL DIA DE LOS HETEROS XD,Non Support,No,No
2978,"buenas, lo que alcance a entender es que dice que la ciencia se queda corta al tratar de explicar cosas que aun no entiende?
entonces termina deduciendo que la teología si le da respuesta.

como atribuir cosas ilógicas a los vacíos que deja la ciencia.

otra cosa comienza diciendo cuando surgió la ciencia pero no la religión y su origen en genocidio.",Non Support,No,No
1601,yo soy gis genero y hetero,Non Support,No,No
2876,bravazo! tus videos son muy buenos y son de mucha bendicion! :) ya es el 3er video seguido que estoy viendo son muy buenos!! Muchas bendiciones Carlos! Saludos desde Trujillo - Perú,Support,Individual,No
2112,Soy hombre y no me gustan los hombres y las mujeres entonces soy NO BINARIO,Non Support,No,No
807,"Yo soy bisexual pero tengo miedo de decirle a mis amigos porque ellos son muy homofobicos y odian a los LGBTQ+, les quisiera decir que soy bisexual pero aún sigo en el closet :(",Non Support,No,No
1904,soy pansexual me gusta Pangea,Non Support,No,No
2327,Yo soy heterosexual u estoy orgullosa,Non Support,No,No
898,"(alerta de mucho texto)

ayuda, soy cristiana y me he criado en un ambiente cristiano desde muy pequeña, pero hace casi 2 años me enamoré de una chica e incluso fuimos ""novias"" por un par de semanas hasta q mi mamá se enteró; me dijo que eso estaba mal, que no era de Dios y que eso era un demonio y tuve q dejar de hablarle a la chica por ella, lo peor es que éramos amigas y estudiamos en el mismo salón...

actualmente me siento atraída por un chico, pero pienso en aquella vez y no se si realmente sea hetero... pero tampoco quiero aceptar que puede q sea bi, porque desde ella nunca más me atrajo otra chica y eso fue hace 2 años... y a esto se suman las palabras de mi mamá, que me hacen pensar que algo debe estar mal conmigo, y que no puedo ser así (y con esto no quiero decir que esté mal tener otro tipo de orientación sexual, eso depende de cada persona con quien sea feliz)... 

y digo esto porque vengo del video de las religiones xd",Support,Group,LGBTQ
897,"Soy mujer y soy bisexual me siento atraída por los dos géneros y respeto mucho sus  gustos ,orientaciones  y desiciones  
Arriba la LGBTQA+ <3",Support,Group,LGBTQ
385,"yo pensando que la bandera de hetero era esa gris, igual me siento orgulloso de ser hetero sexual 😎👍",Support,Group,LGBTQ
1590,Yo soy Lesbiana y tengo una novia que es Pansexual y vivimos en el mismo pais quiero ir a verla,Non Support,No,No
618,"Min. 1:50
Si sierto najimi (de komi no puede comunicarse) es género fluido:D 


Ok no perdón por el comentario innecesario pero tenía que decirlo :'""l",Non Support,No,No
1038,Hay más banderas de géneros q de países en el mundo🤣🤣,Non Support,No,No
2829,Dios es nuestro creador pesele a quien le pese arrepientanse y convirtanse,Support,Group,Religion
1711,"Me encanta ser de la comunidad LGTV 
Porfavor no apoyen la idea marcianista que habla el video",Non Support,No,No
1104,"Buen video pero hay fallas orientaciones sexuales solo hay 3 básicas físicamente es imposible por definición que hayan más...

Las tres orientaciones son heterosexual, homosexual y bisexual... El resto son variaciones por ejemplo los pansexuales son bisexuales no existe diferencia, puede tener relaciones con ambos sexos y más preferencia por alguno, género fluido también es bisexualidad, en ocasiones prefiere mujeres y en otras hombres...
Intersexual o hermafroditismo es un sexo no una orientación, está más cerca de ser un género que una orientación porque la palabra intersexual indica una condición y no una orientación un intersexual puede ser bisexual o tener preferencia por hombres o mujeres.
El transgénero no es una orientación sino una condición, podría ser un género pero a los parámetros actuales sería una discriminación, las personas trans prefieren ser hombre o mujer dependiendo el caso.
La asexualidad no es una orientación como tal, se puso de moda actualmente decir que son asexuales cuando en realidad si tienen una orientación, la asexualidad real es muy rara y generalmente hay una condición médica de trasfondo que afecta a las hormonas, pero es muy rara casi como el hermafroditismo...
El poliamor no es una orientación sexual como tal, sería lo mismo que clasificar como orientación sexual a la monogamia, básicamente el poliamor es poligamia y refiere más a tradicionalismos que a una orientación en si.
El cis. Género no es una orientación sexual es una terminología para referirse al género propuesto en el nacimiento que generalmente es acertado pero puede fallar, pero hace referencia más al género que a una orientación, pero no es más que otra forma de decir heterosexual generalmente de forma despectiva.
No binario pretende ser un género que no se identifica con ningún género. Es algo parecido a la asexualidad pero no lo es, se podría clasificar como andrógina pero se refiere más al género que a orientación sexual, realmente la orientación sexual de un no binario puede ser cualquiera ...  En síntesis no se termina de definir como género porque no lo es, es más parecido a una etapa sexual que a un género, como la orientación bisexual en ocasiones solamente es una etapa para definir la orientación sexual...
queer es básicamente un asexual no binario no es una orientación como tal sino más bien una condición, en los casos reales es más raro aún que un a sexual... Mucho cuidado, este tipo de condición no es lo mismo que ser celibe o decidir no querer tener relaciones, porque existen personas que toman esas decisiones y si pueden tener alguna orientación sexual pero tanto los queer cómo los asexuales no tienen deseo sexual alguno al igual que la asexualidad generalmente hay una condición médica relacionada con las hormonas y en este caso también alguna condición clínica o mental relacionada con la identidad, esto no significa que tengan alguna enfermedad mental...

sapiosexual no es una orientación sexual es una preferencia es muy parecido pero no es lo mismo, sino habría que clasificar las orientaciones sexuales para las personas que le gustan las personas gordas, o las personas flacas, o las personas pelirrojas, o las personas rubias y ya entramos en el terreno de la estupidez, simplemente esas orientaciones sexuales no se consideran como orientación sexual porque la orientación sexual refiere al género o al sexo y no a otras cualidades.

Bigenero hace referencia a género y no a orientación sexual igual que las últimas y tampoco van a ser reconocidas ni como orientación sexual y probablemente tampoco como género porque sería impractico

Y el género fluido es travestismo, es muy parecido la transexualidad de hecho lo es, y es un género la terminología lo dice, es un género, la orientación sexual de personas en esa condición probablemente sea bisexual aunque puede ser otra... Pero es un género...

Arromantico no es una orientación es una preferencia
Neutro y agenero es lo mismo y es lo mismo que no binario.
Androfilia es la atracción de jóvenes a personas adultas, es básicamente una orientación sexual como la gerontofilia que la atracción a ancianos pero son términos más usados para otros tipos de clasificaciones más técnicas que para clasificar una orientación sexual, sería más una preferencia, por si alguien Lee esto y se lo pregunta, si, viene de la misma familia de palabras que pedofilia la cual es una desviación sexual, al igual que a veces se clasifica a la gerontofilia.

Autosexual jajaja generalmente se lo llama narcisista, pero si es una orientación sexual",Non Support,No,No
2188,me identifico como un picaporte,Non Support,No,No
2396,Yo me estoy transformando,Non Support,No,No
2229,Hola qué pasó con la antigua persona que hacia los vídeos de este canal?,Non Support,No,No
124,"queeeeeeeeeeeeeeee orgullo lo veo una y otra vezzzzz y lloro junto con ella, graciias por estos bellos momentos de esperanza 🥰🥰🥰🥰",Support,Individual,No
1937,Haroo>tik tak draw,Non Support,No,No
2081,"las personas que rompen las leyes de la vida, creen que esta bien?, en lo personal veo de mal agrado a las comunidades :/",Non Support,No,No
1645,Helicóptero apache de combate 3000,Non Support,No,No
1930,pobre yisus mirando eso xd,Non Support,No,No
1815,gente poniendo los colores gay para generar dineros,Non Support,No,No
1888,Yo me identifico como un tqn1ue sovietico de1938,Non Support,No,No
1183,YO  soy Hetero,Non Support,No,No
465,Ayuda banda ya me confundí más 😢,Non Support,No,No
2834,Creer en algo que dijeron unos humanos hace mas de mil años atrás o creer en la ciencia que evoluciona cada segundo que resultados increíbles cada dia,Non Support,No,No
2422,"Me encanta como los hijos de Albert Einstein comentan ""sólo hay 2 sexos/géneros"", BRO eso todo el mundo lo sabe LOL
 además las personas se pueden identificar con diferentes géneros x sexos y eso está bien. Si para ti hay dos género no hay problema pero para otras personas hay más.

Btw, se que hay dos géneros y eso es obvio pero las personas se pueden identificar con identidades como non binary, género fluido etc etc",Support,Group,LGBTQ
1271,"Mi Género: Hombre
Orientación:Homosexual",Non Support,No,No
1842,Puedes hacrer algo de canarias porfiiii,Non Support,No,No
2238,"Nunca había visto a tanta gente Ignorante, desinformada e irrespetuosa en los comentarios 😔 en fin... Feliz día del orgullo!🏳️‍🌈✨❤️
Y buen video Tik tak Draw!",Support,Group,LGBTQ
1184,"Soy bisexual pero no sé lo e contado a mis padres, tengo miedo de que me rechazen por ser asi",Non Support,No,No
1160,"Genero- femenino 
Orientacion sexual- heterosexual",Non Support,No,No
3247,Gracias por la forma de mostrar que Dios existe amén,Support,Group,Religion
1405,Mereconosco bisexual,Non Support,No,No
14,Chingona Gloria!!!! Felicidades,Support,Individual,No
964,"Bueno, yo no sé q orientación sexual soy porque no me atrae nadie. (Es q tengo 10 años pa 11) y dice mi madre q no hace falta q me enamore tan rápido. Yo soy mujer y, creo q soy Heterosexual porque cuando era más chiquita me gustaba un chico de mi salón, pero ya no me gusta nadie👌. 
Aunque bueno, en mi clase muchos hacen bromas de LGBT y eso es muy feo porque yo apoyo a la comunidad 🏳️‍🌈 Y si fuera lesbiana o bisexual o heterosexual o asexual, yo estaría orgullosa y no dejaría q nadie se burlara de mi💜💜.
Por cierto he estado viendo tu canal y me ha gustado tu contenido. Tienes nueva sub❤➕",Support,Group,LGBTQ
273,"_¡¡¡Felicidades Juan Pablo🥇🎉🎉 Fuiste muy Veloz, eres Grande, eres un Guerrero, eres un Orgullo para México, Celebramos y estamos muy Felices junto a tus Seres Queridos♥️🤗✨ Sigue así y Vamos por más!!!!!!🛐💜_",Support,Individual,No
797,No si esyo es una enfermedad o algo pero yo me sinto atraida asia los pernajes ficticios  como chico anime,Non Support,No,No
1781,solo hay dos géneros lo otros son wbds,Non Support,No,No
965,"En sí yo sería: Asexual romantica, pansexual, no binario, transgénero? Estoy en duda si lo soy porque estoy en transición pero al ser no binario me pasaba de dudar y para completar la torta sapiosexual. Un combo que cuando no tengo interés en decirlo detalladamente lo reduzco a...  no me gustan las relaciones sexuales con cualquiera, me gustan las personas y si son inteligentes me gustan más que el resto.",Non Support,No,No
2850,"Alber Einstein tenia una Fe sino algo débil bastante razonable, personalmente creo q era Agnostico, pero no por eso vamos a dejar de tomar en cuenta esto: en resumen todo lo q estudio y lo q descubrió siempre lo atribuyo a una ""creación divina"" , la cual el decia de alguna manera ""no es como los hombre creen q es"" osea tenia Fe de q Dios constituyo el universo pero prefirió no apoyar ninguna creencia religiosa creada por el hombre ",Non Support,No,No
2162,Puras pendejadas,Non Support,No,No
3102,"""“Él extiende el cielo del norte sobre el vacío, suspende la tierra sobre la nada”.""
Job 26:7 (escrito cerca del año 1473 a.c)

""“Todos los ríos van a dar al mar, pero el mar no se llena. Los ríos vuelven al lugar donde nacieron para volver a correr de nuevo”.""
Eclesiastés 1:7 (escrito cerca del año 1000 a.c)

""“Hay alguien que vive por encima de la esfera terrestre”.""
Isaías 40:22 ( escrito cerca del año 750 a.c)

estos son solo algunos pasajes que demuestran que la Biblia es científicamente exacta y confiable!!!!! exitos A TODOS!!!!",Support,Group,Religion
2036,"Que confusión en serio, esta gente solo está confundida. Existe solo hombre y mujer",Non Support,No,No
1048,Soy un chico trans y creo q debiste hablar más o mejor sobre lo transgenero ya que a mi manera de ver no lo explicaste bien y eso también va para las demás explicaciones q diste pero buen video aunque si me hubiera gustado que hubieras mencionado más,Non Support,No,No
2302,LGBT❌🚫,Non Support,No,No
873,"me gusto mucho tu video, yo soy bisexual y aparte genero no vinario",Non Support,No,No
1636,Hay un montón de gente que ahora se considera parte de la comunidad arcoiris corrompido pero realmente no tiene nada que ver cómo los demisexuales,Non Support,No,No
509,"Este video debería ser prohibido para los niños menores de 12 o 14 años, porque LGTB es contenido sexual y yo pienso que es preferible que estudien Ciencias y empresas antes que lo sexual",Non Support,No,No
2015,Yo creía que aqui iba aprender sobre los xenogeneros pero explicaron las cosas normales e importantes para aprender,Non Support,No,No
2898,Hola mi Brother gracias porque me has dado muchos temas para conversar con algunos jovenes por compartir e impartir del conocimiento que Dios te ha dado,Support,Individual,No
1469,Si como aromántico significa que no siento atraso asia nadie o poca se cre que no osea no existe,Non Support,No,No
3006,"No estoy de acuerdo , x supuesto que hay cosas que no se pueden explicar como por ejemplo como se podría viajar a la velocidad de la luz o innumerables cosas sobre los agujeros negros pero al igual que hace muchísimo tiempo no se podía explicar la creación del universo un día tras mucho tiempo se explicó y se demostró gracias al acelerador de partículas , lo que quiero decir es que la religión no hace un buen equipo con la ciencia y que es mejor combinar esta con el tiempo ",Non Support,No,No
734,"Orientaciones o payasadas para la mayoría de casos.


Me vale madres que me llamen h0m0f0b¡¢0, no lo soy pero X, progres como ustedes que apoyan esas cosas están podridos de la mente, y me vale que den por echo que soy h0m0f0b¡c0, no voy a responder a ningún comentario.",Non Support,No,No
2824,Dios no existe :v,Non Support,No,No
1409,"Yo te digo cuantos géneros hay




✌",Non Support,No,No
447,Termine con más dudas que respuestas😶,Non Support,No,No
1977,y que diferencia un no binario de un asexual y uno de genero fluido ???,Non Support,No,No
342,Las muejres tienen mas 🥚🥚 que los hombres en el futbol ⚽👏🏻👏🏻👏🏻,Support,Group,Women
1480,Entonses soy pansexual :0,Non Support,No,No
2585,"Perfecto ahora puedo crear un género llamado Viersexual que significa, los hombre que se sienten atraídos por otros hombres solo los viernes 🤣",Non Support,No,No
1434,Me soy cuenta que soy Bisexual,Non Support,No,No
1260,"La bandera donde dice ""Que que quiten eso"" es la bandera (creo)  de los vi0l4d0res =P *les saca la lengua",Non Support,No,No
1120,"generos: 2
al menos en este universo",Non Support,No,No
2307,"Ta weno 














No hay nada más 
















Feliz navidad















Fin",Non Support,No,No
249,México está orgulloso de hombres Gigantes como usted por qué la inteligencia y éxito no se mide con el cuerpo se mide con el deseo de triunfar Muchas felicidades!!!!!,Support,Individual,No
2625,"""No es racismo, es que no se quieren integrar"", es como decir ""Abortan porque no se cuidan"", ""las violan porque salen solas de noche"" etc. Una rancia.",Non Support,No,No
2403,No los apoyo ni los respeto,Non Support,No,No
274,"Veo la condición física del competidor Mexicano paraolimpico, me parece que en el simil  de los 100 metros olímpicos, no hay un atleta con ese físico del paraolimpico en México,  creo que por ahí está el punto.",Support,Individual,No
2618,"Minuto 12:16 ""Servicios para negros"".🤣",Non Support,No,No
2397,feliz día del orgullo!!! 💖💖💖,Support,Group,LGBTQ
128,uf nada como escuchar el himno en juegos olimpicos o paralimpicos,Non Support,No,No
1869,Pero yo si apoyo a todos por igual tu eres como tu quieras no inporta la opinión del otro si algien te dise eres mujer y a ti no te pude gustar las mujeres aparte quien le preguntó su opinión nadie en tonses que se mete y no entiendo la gente que solo critica a la gente por no ser como el pero no ay que aser les caso solo son pesados que solo te quieren molestar por eso son unos raros,Support,Group,LGBTQ
2747,"¿“El libro de Buda""? Jajaja",Non Support,No,No
133,Trakaaass hsptm awebo viva México,Support,Group,Nation
542,🌈🌈🌈🌈🌈🌈🌈🌈🌈🌈🌈🙏💙🫂☺️❤❤❤❤❤❤❤,Non Support,No,No
2955,un ventilador es más útil que el dios de las religiones,Non Support,No,No
1699,Deseo que hayaun planeta que solo haya heteros por favor,Non Support,No,No
1651,Tiktak busquen la historia de Karla the killer,Non Support,No,No
2984,"Yo sobre estos temas pienso que si es criticable lo de creer en doctrinas religiosas, no en cambio en la existencia o ausencias de dios",Non Support,No,No
3153,"No .... 
•La ciencia busca la verdad 
•La religión dice tener la",Non Support,No,No
2941,LA CIENCIA PRETENDE ENCONTRAR LA VERDAD... LA RELIGIÓN ENGAÑAR CON MENTIRAS...,Non Support,No,No
2830,"Lo que dices es falso, la religión se alió con la ciencia siempre y cuando esta no es interpusiera en el camino de la religión. O es que no recuerdas lo que le pasó al que dijo que la tierra giraba alrededor del sol?",Non Support,No,No
931,Hetero B),Non Support,No,No
788,Mi persona no se basa con el genero o la orientacion como los demas soy una persona que se guia por sus ideales,Non Support,No,No
2210,"Hay dos géneros hombre y mujer.
Si andas confundió en tu orientación sexual es otra cosa",Non Support,No,No
2304,"No dejamos de ser animales, unos más que otros, en biología está muy claro. Y no somos diferentes a los animales. Os han metido tanta TV por el coco que no sabéis distinguir vuestro propio género. A excepción de l@s hermafroditas e intersexuales. Biología pura, no hay más.",Non Support,No,No
2438,Viva la comunidad LGTBQIA+🌈🌈,Support,Group,LGBTQ
1851,"No manches, soy una especie de género no conforme (? xd ni pico idea que esa cosa existía
Pero es así como por ello mismo no creo en la ideología trans :0, pues siento que seguir ""normas de la sociedad"" Es seguir fomentando los estereotipos machistas, siento que las personas trans pueden vivir igual exceptuando que se digan que ""son"" hombre, mujer o no binario. Me dije que era trans pero simplemente no me gusta cargar con esa etiqueta o el mismo echo de ser mujer no me gusta que piensen en un género, es mi sexo y mi genero es MIO, mi personalidad y gustos, no quiero que sean una etiqueta, si quieren debatir me gustaría, que la verdad respeto que cada quien viva como quiera pero que no me obliguen a creer que realmente son algo que no creo que exista :(",Non Support,No,No
2008,"Bueno, me quedo claro, soy una rana mezclada con paloma, aveces soy Batman y Spiderman al mismo tiempo 😇",Non Support,No,No
2504,Yo no se si soy heterosexual o bisexual,Non Support,No,No
976,"Yo soy bisexual pero toda mi familia es cristiana y dicen que eso está mal, mis padres son 1000000000℅ homofóbicos y me matarían si yo les dijera que soy bisexual por eso no me atrevo a decirles :'( saluditos desde Nicaragua 🖐",Non Support,No,No
2051,Me siento identificado con un supraa 1231hp dragracing 8 marchas🥵🥵,Non Support,No,No
2161,ja se que quiero ser quiero ser un motor de lancha ripteliano super sajajin otaku hokague xd,Non Support,No,No
1391,Que es bear?,Non Support,No,No
1832,Literal solo existen 2 géneros los demás son mamadas,Non Support,No,No
427,"Saludos 👋 😁, tengo una duda, si una persona nace en Junio.
Y Junio es el mes del orgullo.
Esa persona tambien pertenece al orgullo o no?",Non Support,No,No
2660,Ironicamente es Medellin la mas blanca de Colombia.,Non Support,No,No
587,Estos vídeos quitan credibilidad a este canal.,Non Support,No,No
592,Yo estoy orgullosa de ser bixesual,Support,Group,LGBTQ
2887,carlos mira EL PASTOR JAEROCK LEE: el mensaje de la cruz,Non Support,No,No
2707,"SÍ CORRECTO CUBA ES MUY RACISTA.
YO MISMA ME CRIÉ EN 1 FAMILIA RACISTA EN CUBA, MUY TRISTE ESTO.
ME DECÍAN K ME CASARA CON UN MÉDICO U OTRO PERO NO FUERA NEGRO.DECÍAN K LOS NEGROS SON LADRONES, K NO SE DEJAN FORMAR PROFESSIONALMENTE, ETC.
TE HABLAN DE K TIENEN PASA EN VEZ DE PELO, K TIENEN PELO MALO, ETC.
K HAY K MEJORAR LA RAZA CASANDOSE CON ALGUIEN DE PIEL CLARA.Y LAS GENTES DE HACEN EL CUENTO DE PEPITO DE LA MUCHACHA K VIENE A SU MADRE DICIENDO K SE VA CASAR CON UN MÉDICO Y K TIENE CARRO Y K TIENE CASA AL FINAL DICE PERO ES NEGRO Y LA MADRE LE CONTESTA : AY NO MIJA ESE HOMBRE ES BLANCO.ES UNA DE LAS BARBARIDADES HORRENDAS DE LA MENTALIDAD CUBANA.
Y FUÉ AHORA HACE 5 AÑOS K YO ME DESPOJÉ DE ESA ABSURDA ESTÚPIDA, 
E IGNORANTE MENTALIDAD.
DESPUÉS DE MI DESCUBRIMIENTO DE K LOS NEGROS SON LOS VERDADEROS HEBREOS, EL PUEBLO ESCOGIDO, LA NIÑA DE LOS OJOS DEL CREADOR DE CIELOS Y TIERRA, YAHA.
Y EXACTAMENTE ESTA ES LA RAZÓN POR LA CUÁL EL BLANCO ODIA AL NEGRO PERO EN ESPECIAL SATANAS Y SU ELITE DE LOS PODEROSOS BLANCOS.
ESTE PROBLEMA ESTÁ BIEN EXPLICADO EN EL LIBRO DEUTERONOMIO 28 DE LA BIBLIA.
K ELLOS IBAN A SER ODIADOS Y ENTREGADO A SUS ENEMIGOS( TODAS LAS NACIONES) SI NO GUARDABAN EL PACTO DE GUARDAR LOS MANDAMIENTOS ESTATUTOS Y ORDENANZAS DE YAHA .
ME DA 1 TRISTEZA MUY PROFUNDA POR MI ANTIGUA MENTALIDAD.
EL CREADOR BENDIGA / BARAKA A TODOS LOS NEGROS HEBREOS DE CUBA Y EL MUNDO.
COMENZANDO CON SER VEGANOS GENESIS 1:29-30 DANIEL 1:8
ISAIAS 3:16-17  OSEA 2:20
BARAKA SEA EL CREADOR DE CIELOS Y TIERRA EL TOPODEROSO DE HABARAHAMA YSAAK Y YAAKOB",Non Support,No,No
3030,"Ciencia vs religion, es como una batalla despareja en la que siempre ganara desde todos los aspectos la ciencia",Support,Group,Other
2914,"Tu como eres creyente lo ves en el punto de vista creacionista dando a favor a tu creencia. Pero la fe y la ciencia son polos opuestos, como el agua y aceite. No tiene nada que ver la una con la otra.
Cada quien ve el punto de vista a su favor pero eso no quiere decir que sea verdad.",Non Support,No,No
2995,"creo que lo mejor que hubieras dicho, es que vieran ""Dios no está muerto"" y hubieras resumido todo y no te matarías la cabeza, no es mala onda, es mi opinión solamente",Non Support,No,No
870,"hombre, mujer y 33 tipos de gays",Non Support,No,No
144,"Me encanta como se emociona el hombre porque yo estuve igual JAJAJA y pensé que había sido un error, ya luego que vi la toma bajo el agua, vi que sí había ganado la de Singapur. 

Hizo un excelente trabajo Haidee 💖🥈",Support,Individual,No
769,Soy bisexual lo descubrí cuando tuve 11 años porque en el cole me gustaba un chico pero ya no me gustaban así que me empece a enamorarme de una compañera de clase (que ya no está) entoces pues me gustan los dos géneros así que si soy Bi 💖💜💙,Non Support,No,No
858,Arriba los pansexuales,Support,Group,LGBTQ
1,"Muchas gracias Gloria!! por hacer sonar fuerte el himno de nuestro país en tierras lejanas. Tú éxito nos llena de orgullo, muchas felicidades!!!",Support,Individual,No
1951,me impresiona la cantidad de comentarios que hay,Non Support,No,No
2296,Esos conceptos de términos están basados en qué? Algo anda mal.... 🤔🤔,Non Support,No,No
231,Muchas felicidades!!! Eres el mejor Ángel!!! Muchos más éxitos para ti,Support,Individual,No
2828,"Si no fuera por la ciencia, TÚ no podrías subir vídeos.",Non Support,No,No
1072,Me vale verga no me gustan los generos like si ati también,Non Support,No,No
2151,ya me comi el pan,Non Support,No,No
952,A no pues si soy asexual,Non Support,No,No
387,Soy asexual y muy contenta !,Support,Group,LGBTQ
3237,"Saludos a esta hermosa comunidad. Nosotros en África consideramos a los afrodescendientes ya sean mulatos o no, como negros. Nunca se avergüencen por el tono de su piel, siéntanse orgullosos de lo que son, afroamericanos. Pese a que estamos al otro lado del océano, sepan que les queremos.😊😊.",Support,Group,Black Community
707,yo soy una mujer pero  mi orientación sexual es masculino nwn,Non Support,No,No
2408,vivan los que se sienten identificados como una play 4,Non Support,No,No
735,holaaa soy fan me encanta tus videos como tu forma de ser yo soy no binario,Support,Individual,No
2539,Yo tengo un compañero en clase que me dijo que era nobinario y literal ya hasta es mi mejor amigo entonces me estoy informando para ver qué es exactamente e informarme por si le ofendo sin querér y no me se sus pronombres 🙃👌🏻💞,Non Support,No,No
639,Ya empezé la 3ra gerra mundial,Non Support,No,No
2123,Le daría el mensaje del final a todas las personas en facebook que me dijieron que no sabía escribir solo por decir: le dibujante 🥲,Non Support,No,No
1466,Creo que soy pan 😅,Non Support,No,No
1921,yo me autopersivo como pikachu o a veces como Goku,Non Support,No,No
1152,Soy bisexual y pansexual 😁🥰❤️🧡💛💚💙💜♥️💓,Support,Group,LGBTQ
671,"Contexto de la “orientacion que ha quitado del video” es que te gustan los niños pequeños, tipo que tu eres un mayor de edad y te gustan los menores….que turbio we…",Non Support,No,No
2032,"Pero entonces como los llamas? 
A ver yo respeto a la gente pero tengo curiosidad le dices el o ella?",Non Support,No,No
1447,Oye pero que sale pansexual+aromático porque yo soy pansexual pero a la ves aromática pero creo que soy asexual,Non Support,No,No
1761,Yo soy un delfin con alas cuerpo de salamandra con cuernos de unifornio bicilor con delirios de grandeza,Non Support,No,No
673,Justo me aparecio un video de generaciones xd,Non Support,No,No
2723,"Yo no lo llamaria Catolicismo, mas bien Cristianismo. Ojo con eso.""Soli Deo Gloria! Cristo""",Non Support,No,No
1093,"Apenas entre ya me dio palo con lo de demi, ya no le doy like :/",Non Support,No,No
1806,¡Felíz día del orgullo LGBTQ!,Support,Group,LGBTQ
1419,soy mujer y hetero sexual,Non Support,No,No
3090,Te copias de HolaSoyGerman!,Non Support,No,No
1075,Yo soy sapiosexual bisexual y no tiene nada de malo🏳️‍🌈🏳️‍🌈🏳️‍🌈🏳️‍🌈🏳️‍🌈🏳️‍🌈🏳️‍🌈,Support,Group,LGBTQ
3222,Los salvadorenos estamos c9n panama 🇵🇦,Support,Group,Nation
255,Estos deportistas deveriamos de seguir y apoyar no que apoyamos a otros que no nos representan  y aparte se cienten divas,Support,Group,Other
27,"Felicidades 🎉, eres medallista. Que hermoso escuchar el Himno Nacional Mexicano.",Support,Individual,No
1697,Nooooo por qué hiciste esto tik tak draw miren el arcoiris es de gey,Non Support,No,No
2721,"Solo se menciona el hinduismo y catolicismo, que pasa con el judaísmo y el Islam?",Non Support,No,No
3180,"La filosofia es una rama de la ciencia que no deberia de ir de la misma ""¿Por que estoy aqui?"" ""¿Cual es mi propocito?"" Son preguntas Filosoficas las cuales no tienen respuesta, en cambio, en ciencia seria simeplemente ""Estas aqui porque este planeta tiene las caracteristicas como para desarrollar una vida inteligente como la actual y no hay propocito por el cual tengas que vivir, solo eres un ser vivo mas del planeta, ya lo que pienses corre por tu parte""",Non Support,No,No
305,"Una pregunta, hubo penal contra la jugadora de mexico por la portera de australia o no",Non Support,No,No
429,"Feliz mes del orgullo para todos 😘🤩😘🤩😘.no entiendo cómo hay personas que se preocupan por la orientación sexual de los demás 
Exelente video.",Support,Group,LGBTQ
183,🎉🇲🇽Para mi que si fue oro ❤,Non Support,No,No
721,Yo soy bisexual pero aveces creo que soy pansexual yo pase de ser Hetero a ser bisexual que eso pasa muy seguido con las personas bisexuales yo respeto esta comunidad la admiro<3 que eso nos hace diferentes y únicos.,Support,Group,LGBTQ
3161,"¿Cual es nuestro propósito aquí en la tierra?
La reproducción es una pista, el dolor físico, otra. Si no lo sabes aún nuestro único motivo aquí es permanecer vivos.
¿Existe el alma?
NO y te mueres para no sobrepoblar el planeta.

Y decías que no había forma de responderlas?",Non Support,No,No
1663,El género es para la música n◇ p4r4 l45 p3r5◇n45,Non Support,No,No
116,Pero que mujer!!!!    felicidades!!!     gracias por darnos esta alegría   Mexicana de calidad se le respeta en donde se pare !!!!     abrazoooo,Support,Individual,No
2891,Todo iba bien hasta que alguien tuvo miedo a no poder explicar algo que no entendía y entonces creo a un dios,Non Support,No,No
1854,Wow Cuantas enfermedades,Non Support,No,No
966,"0:05 ""En mis tiempos eso se le llamaba querer a alguien"" JAJAJAJA AMÉ",Non Support,No,No
2131,":l te consideraba como mi ídola y ídolo pero ahora me tengo que retirar







Te ofresi mi amistad pero me escupiste la cara



هڪ ٻلي اٿو يا تون هي گند هٽائي ڇڏيندين يا مان توکي ماري ڇڏيندس 🔫💀💀",Non Support,No,No
575,Orgullosamente asexual 😊,Support,Group,LGBTQ
3054,"La biblia dice que Dios es un Dios de ciencia, creo que Él es capaz de manipular su creación de maneras que no entendemos, unas cuántas pueden ser comprobadas y otras son más elevadas de lo que la humanidad en este punto puede entender (como una fórmula de media superior a alguien que va en el maternal). Todo se puede comprobar pero no en todo hay un origen o causa aparente,  creo que Dios es la respuesta.",Support,Group,Religion
904,Estonces Jose Roberto es genero fluido???😂😂😂,Non Support,No,No
39,Felicidades Gloria en ora buena 🎉,Support,Individual,No
1264,Hay 2 géneros 😈👍,Non Support,No,No
687,"ahh ya eh visto miles de video y muchas cosas y la verdad aún no se, los hombres los chicos si si me gustan pero las mujeres las chicas? por Dios son en realidad tan lindas que creo que si me gustan pero ahh aún estoy confundida no se que hacer :(",Non Support,No,No
860,0:18 o simplemente quiero verte xD <333,Non Support,No,No
1334,"A los sapiosexuales sólo les gusta la inteligencia? Es decir, no importa el físico?",Non Support,No,No
2041,"Gracias a este vídeo he descubierto que las personas no binarias no son feministas. El feminismo rechaza los roles de género y los seres no binarios afirman que ser determinado generado tiene unos roles y por eso no se vinculan con ""hombre"" y ""mujer"" pero si se identifican con otro rol de género. No sé si estoy metiendo la pata o son ellos los que tienen que revisar su percepción de la realidad.",Non Support,No,No
2171,Soy Batman 🦇,Non Support,No,No
1745,💀☠️💀☠️💀💀☠️💀💀☠️💀💀☠️💀💀💀💀💀,Non Support,No,No
513,Cuándo es el mes del orgullo heterosexual? Por qué los que se sienten minoría tienen tantos lugares en donde son notoriamente resaltados?,Non Support,No,No
31,🥰🥰🇲🇽🇲🇽😍😍,Support,Group,Nation
244,"Muchas gracias por ser campeones, y representar a MÉXICO.👏👏🇲🇽",Support,Group,Other
919,No se  si  soy  hertero  o  asexsual  XD,Non Support,No,No
1236,No entendi ni porongas,Non Support,No,No
2370,"resumen. sexo mujer hombre, genero fisico, identidad interior, trans, binario, genero fluido, etc",Non Support,No,No
96,Heroína gracias por este momento de gloria vivido. Bendecida por siempre.,Support,Individual,No
1792,Wakala 🤢,Non Support,No,No
101,"Paralimpicos nos dio lo que los olimpicos no pudo darnos: escuchar nuestro himno nacional y ver nuestra bandera en lo más alto❤❤❤❤🇲🇽🇲🇽🇲🇽🇲🇽muchas felicidades para ella, que orgullo!!!",Support,Individual,No
1196,Yo soy un helicóptero 🤪,Non Support,No,No
162,"Creo que México va a hacer más medallas paralí mpicas que las que hicieron los atletas sanos y eso demuestra que somos más chin go nes los que estamos mali tos, yo me incluyo porque estoy discapacitada y uso ♿  aunque yo no soy atleta, pero da igual porque lo chin go na nadie me lo quita.",Support,Group,Other
336,"Que aprendan la selección de México 
Ojalá lo vea vasco y rafa Marquez 
Las niñas son mejores 2 - 0.",Support,Group,Women
1763,No binario aqui!,Non Support,No,No
2152,0:08 en los países musulmanes entre otros no lo es,Non Support,No,No
229,"Felicidades Ángel!!
Eres inspiración.
Orgullo mexicano ❤",Support,Individual,No
268,"Me tienen SUPER contenta y más emocionada que nunca, FELICIDADES!!",Non Support,No,No
706,Yo me meti al video para ver cuales osn todas las orientaciones pero no las vi todas pero aun asi gracias por la info 🤙,Non Support,No,No
1588,Ya con este video pude comprobar que soy bisexual y género fluido,Non Support,No,No
2166,Es cierto me identigico yo como un coco,Non Support,No,No
250,¡VIVA MÉXICO!,Support,Group,Nation
415,El video tiene como objetivo explicar y enseñar más sobre la sexualidad para que nos entendamos entre todos. Y ya hay gente molesta por eso... Que tristeza.,Non Support,No,No
1207,Soy Pansexual :D ♥️,Non Support,No,No
3085,"la superstición y la ciencia siempre serán opuestos, aunque casi todos tengan un poco de ambos en su mentalidad.
claro es mas fácil vivir dentro de una burbuja de fé, en vez de buscar la verdad a través de evidencias y hechos comprobables.
además el debate teolgía-ciencia entre catedráticos no demuestra ningún mérito de la religión, la cual siempre impone el límite que, una y otra vez, debe sobrepasar la ciencia en su avance.
sólo buscas justificar tus creencias como un asno desesperado, sin argumentos, puras anécdotas y facilidad de palabra; lo triste es que eso es suficiente para ganarte a más de la mitad de la población, que vive desinformada y con un cerebro mal nutrido, prueba de ello la encuentras en los comentarios de abajo",Non Support,No,No
3119,Has un debate contra dalas,Non Support,No,No
941,soy bisexual XD :),Non Support,No,No
1628,Yo soy gay porque vi a 2 chicos atractivos :° pero eligo el de anime porque o sino tendría una sexualidad prohibida,Non Support,No,No
1961,"Hay fiesta este domingo

Los de la comunidad lgbt y las feministas extremas pagan: 0 pesos

Los hombres y mujeres pagan: 10000 dólares

Porque cada quien paga lo que vale",Non Support,No,No
1873,Creo que  tik y tak representan cuántos géneros hay realmente :),Non Support,No,No
2593,este canal lo financia soros.,Non Support,No,No
2846,"Jajajajá que haya departamentos de teología no quiere decir que a todos los alumnos de estas instituciones se les hable de ello. Existen porque hay gente que quiere estudiar teología, así de sencillo. Tus argumentos flaquean.",Non Support,No,No
2093,"una pregunta, espero que no me funen me da igual,PORQUE TODO MUNDO TIENE LGTQ EN SUS PRODUCTOS O MARCAS?
respondanme",Non Support,No,No
1767,As caido,Non Support,No,No
596,"Yo soy : arromantica,asexual,bisexual ( no sé si hace falta explicar de por qué tengo 2 sexualidades que dicen que no me gusta nada y otra que dice que me gustan los hombres y las mujeres)",Support,Group,LGBTQ
646,"Hola soy mujer y heterosexual,pero respeto a las demás personas porque son personas iguales y yo me i densifico con mi género",Support,Group,LGBTQ
489,"No dicen nada nuevo, ni nada que no se pueda saber con una corta búsqueda en Google, la mayoría de las sexualidades mencionadas son conocidas por casi todos y no dan una descripción profunda, apenas y rozan la superficie resumiendo lo máximo posible. Gracias por explicarme que es la heterosexualidad.",Non Support,No,No
803,Yo pensando capas van a aprenderlas en el colegio en un mejor generacion,Non Support,No,No
1034,"Juanchimy: Autosexual.
Yo: Le gustan los autos B)",Non Support,No,No
880,"Soy Demisexual, pansexual
Género fluido y no binario✨💖",Non Support,No,No
386,Orgulloso de ser bisexuaaaaallllllllllll💗💜💙,Support,Group,LGBTQ
1935,"ALM, TIKTAK DRAW SE VOLVIO GAY, ya ni quiero ver sus video XDDD",Non Support,No,No
168,Creo que ella sí ganó el oro pero como no puede usar sus brazos le tomaron en cuenta su cabeza y su cabeza pegó después; como las otras tocaron con sus brazos por eso tocó la otra primero. Yo siento que SÍ era el oro de México. Además es más esfuerzo de ella que solo se impulsa con los pies y aún así llegó antes que todas. El oro 🪙🥇 se lo merecía.,Support,Individual,No
1241,"ayuda me confundí, me identifique con pansexual y asexual 😿",Non Support,No,No
1262,Aveces hay orientaciones qué QUITEN ESO que no son reconocidas,Non Support,No,No
1133,2:22 exacto ay ño si alguien piensa que la pedofilia la quieren reconocer como una orientación sexual estan equivocados ya que se habla de abuso o que a los violadores de mujeres merecen su bandera o que,Non Support,No,No
1931,solo hay 2 generols,Non Support,No,No
1379,Yo soy asexual hace tiempo que me di cuenta de eso xd,Non Support,No,No
1443,Cuantas estupideces se han intentado crear...,Non Support,No,No
529,"Me alegra mucho que incluyeran al espectro asexual, no mucha gente conoce de ellos y es complicado explicar cada que alguien pregunta",Support,Group,LGBTQ
1633,antes era ser gay o ser normal,Non Support,No,No
2368,"**Prcesando el video, informacion nueva entrando**",Non Support,No,No
828,me encanta que la gente ya este viendo que ser diferente no es malo me encanto el video yo por ejemplo soy un chico y soy gay :),Support,Group,LGBTQ
2845,Jajaja lo unico Interesante y real de este canal. Esque fomenta muchos debates interesantes donde siempre ganan los que no son religiosos,Non Support,No,No
352,"No sé ,si la directora técnica les debe haber pegado ,pero una buena regañada a las chicas de la defensiva de México ,por el partido anterior contra Camerún .pero,contra australia ,se vio mejor la defensiva mexicana .sin cometer tantos errores .LA OFENSIVA MEXICANA ,CADA VEZ JUGANDO MEJOR ,BIEN POR LAS CHICAS ,TRIUNFO JUSTO PARA MEXICO.",Support,Group,Women
991,OK ya vi el video y me desuscribo por promover a la comunidad LGTB aclaración no soy homofobico  solo no me gusta el colectivo y estoy de acuerdo en lo que dice Dross,Support,Group,LGBTQ
1732,Chamarra gente namas ay 2 genero masculino y femenino,Non Support,No,No
1827,Solo existen 2 generos no se engañen hombre y mujer  desde el principio de los tiempos,Non Support,No,No
1795,yo soy bixesual :D,Non Support,No,No
2273,Jeje se me callo un idolo,Non Support,No,No
1779,Yo soy pansexual (me gusta el pan),Non Support,No,No
397,Me van a odiar pero sólo existe hombre y mujer. Como te percibas es diferente.,Non Support,No,No
205,"Wow impeesionante, atletas con una fortaleza de mente y de espiritu admirables. Viva Mexico que emocion siempre me hacen llorar. Grandes las 3",Support,Group,Other
2184,Me siento editificado con un porta aviones de la 2 gerra mundial,Non Support,No,No
1521,Hay más orientaciones que países XD,Non Support,No,No
261,Que bendición nos dan esperanza de noticias buenas con el país como esta,Non Support,No,No
1986,"No mamen bandamax descubrí que los Lgbt no pueden ver fantasmas



Por que son experiencias paranormales",Non Support,No,No
3066,"Has otro vídeo o otros vídeos esta muy bueno, puedes hablar de como las personas de ciencia piensan que la ciencia y la lógica tratan de explicar la inexistencia de Dios cuando en verdad es al revés ya que la ciencia demuestra la existencia de un Dios. ",Support,Group,Religion
3175,Te faltó decir que el cristianismo NO es religión.,Non Support,No,No
1887,Solo hay dos géneros hombre y mujer,Non Support,No,No
1927,No existen las mujeres ni hombres no-binarios.,Non Support,No,No
2496,No mames osea q soy un helicóptero de guerra combinado con un tanque xD,Non Support,No,No
1849,Es género masculino y femenino? O es sexo masculino y femenino? Hay diferencia entre sexo y género?,Non Support,No,No
2202,Viva los heteros 🏴🏳️,Non Support,No,No
794,"yo me llamo carita fachera y soy bisexual por que favor si conoces a alguien hetero,gay,bisexual etc respetalo por favor en si se cree que todos somos hermanos y solo tenemos un miembro en la familia ese es Dios nuestro unico padre y a el le vale un c4r4j0 nuestra orientacion asi que si llegaste asta aca y no me ignoraste te digo que Dios te bendiga y tengas un gran dia yo me despido aqui hasta luego bye!
atte:carita fachera",Support,Group,LGBTQ
1098,"Hace poco me di cuenta que soy bisexual, la verdad nunca sentí asco de los hombres pero tampoco atracción, hasta que probé y me gustó pero siento lo mismo (sexualmente), mi problema es que siento emociones solo por sexo, el sexo termina y quiero se vayan de mi casa, a veces la gente me caga, sea hombre o mujer, solo quiero sexo y por más que quiera sentir ese ""amor"" al final termino siendo un manipulador asqueroso (lo acepto) para conseguir sexo y ya, a veces ni me importa lo que sientan mis parejas, que género soy?? Se que ese punto está mal, pero no puedo hacer nada al respecto jajaja",Non Support,No,No
1918,F otro más calló,Non Support,No,No
2512,"no e entendido mucho ya que me e liado 😂 pero me encanta que hagais videos de este tipo, gracias, os amo <3",Support,Group,Other
109,Un soldado en cada hijo te dio,Non Support,No,No
593,"""Que bonito es ver a los que ya saben su orientación os deseo lo mejor..""",Support,Group,LGBTQ
2943,"Estaría bueno que pongas a pie del vídeo tus apuntes , ya que tiene aportaciones muy buenas ! . te felicito por lo que haces, Dtrb..",Support,Individual,No
3138,Y ahora resulta que Edison no era científico ¡¡¡ válgame.,Non Support,No,No
2791,Catolica no es lo mismo q cristiana,Non Support,No,No
2518,me gusta mucho el video y yo me siento identificado como no binario ⚧️ ningenero y trigenero y además de que me considero güey 🏳️‍🌈 (⁠灬╹⁠ ⁠.̮⁠ ⁠╹灬⁠),Support,Group,LGBTQ
500,Que clase de video  es este acaso la psicología no debería alertar sobre enfermedades mentales y no alentarlas,Non Support,No,No
475,Es la misma mirda pero con diferentes nombres. No puede haber mas de 3 sexualidades porque son solo hombres y mujeres. Pt os mari c4s de mrd,Non Support,No,No
2453,"Como pueden por un lado hay bastantes personas homofobicas que les arde hasta el jopo ver que tik tak draw apoya a la comunidad lgbtq+, Fenomenal",Non Support,No,No
1506,Los de abajo siguen la moda gay,Non Support,No,No
777,"Yo soy Bisexual y respeto las sus decisiones de su orientación
No importa lo que piensen los demás que no nos detenga de alcanzar nuestras orientaciones. Gracias por leer mi opinión",Support,Group,LGBTQ
689,Una pregunta si eres mujer pero te gusta vestirte como un hombre y ser como un hombre que eres?,Non Support,No,No
1911,..con esto está confirmado que la estupidez tiene subgéneros..,Non Support,No,No
3199,"Bien hecho chicas, felicidades, 3er lugar del mundial es increíble 👌💚",Support,Group,Women
3160,"El cristianismo quemo cientificos y condeno sabios mucho antes del siglo 19. Muchos de los cientificos simplemente decian ser cristianos para no sufrir persecuciones y calamidades, El error aqui es el de siempre apelar a la autoridad de cierto personajes.
Isaac Newton, Kelvin etc Lebinz 

La ciencia no se basa en la autoridad de ciertos personajes, en la ciencia no hay jefes sino expertos a los cuales se les da un grado de confianza en un campo expecifico pero no ciegamente, y muchos de sus descubrimientos hoy en dia se plantean con matematicas renovadas y puntos de vistas actuales,[Los libros de Newton no son los mas usados , mas bien tienen valor historico]

Iba a cerrar el comentario, busca ad Populm ...",Non Support,No,No
2001,"Esperaba algo entretenido, no fastidioso.",Non Support,No,No
569,Soy hetero :v,Non Support,No,No
236,Los paralimpicos sacan la casta mejor que los olimpicos,Support,Group,Other
798,Soy poliamoroso y arromantico....👌🙃🙃📍,Non Support,No,No
3213,Vamos chicos!!! ❤️🇲🇽,Support,Group,Nation
3010,Pronuncia hermoso el ingles♥,Non Support,No,No
2301,"Los géneros son como las torres gemelas, antes eran 2 ahora es un tema delicado",Non Support,No,No
1350,Arromantico es cuando no tienes atraccion romantica por nadie (eso no significa que no puedan sentir amor) soy lesbiana,Non Support,No,No
1354,Pues yo soy un helicóptero 🧐,Non Support,No,No
3024,"La religión es el opio del pueblo, pero antes de enojarse y juzgar recuerden que el opio tiene propiedades medicinales, especificamente propiedades para dormir y anestesiar por lo que no es del todo negativo lo que Marx quiso decir con esa frase. En este mundo tan confuso la ciencia es la que hace que el ser humano progrese, que conozca y se sienta menos inquieto, como bien lo dijo él; existen varias preguntas que la ciencia aún no tiene ni como comenzar a abordar, esas preguntas desde siempre han inquietado al ser humano, lo han llenado de inseguridad y lo han llegado a desesperar y desesperanzar, para eso esta la religión, es el consuelo creado por el ser humano para responderse esas preguntas y ""tranquilizar"" a las masas. La religión es parte de lo que nos hace humanos, es un error cuestionar algo que fue creado para mantener el ""orden"" en este mundo loco. Opino que las dos pueden coexistir ayudando a la humanidad, sin olvidar porsupuesto que no todo es como parece y que muchas preguntas resueltas por la ciencia tienen una explicación religiosa y si debo elegir una respuesta elegiría la ciencia que se encarga de probar lo que la religión nos brinda, es bueno tener fe pero no dejarse encantar con cualquier idea, hay que usar la cabeza y no solo asentir ciegamiente.",Support,Individual,No
878,Si me gusta alguien no binario que soy?,Non Support,No,No
309,Que bonita es la portera de Australia y la número 10 también,Non Support,No,No
1625,Los géneros son para la música no para la humanidad 🧐😼👿🍷🚫🏳️‍🌈,Non Support,No,No
2026,COMUNIDAD ABECEDARIO,Non Support,No,No
1783,Cringe,Non Support,No,No
1823,Pues yo me siento identificado con una computadora HP Windows 10 sin tarjeta gráfica con un procesador Linux,Non Support,No,No
2805,Pero cuál es la religión  cristiano o católico,Non Support,No,No
3184,"Excelente! este es el primer vídeo que veo, Waaaoo realmente se ve lo que JESUCRISTO ha hecho en ti, x tu madurez y  esa sabiduría( que viene de ÉL) muchas bendiciones  y esta es la actitud para manifestar el Reino de DIOS.",Support,Group,Religion
260,🇲🇽🇲🇽🇲🇽🇲🇽🇲🇽🇲🇽🇲🇽🇲🇽💥💥💥💥💥💥,Support,Group,Nation
2048,El 28 de junio fue el dia del orgullo hetero y yo me vesti con traje y corbata y puse rock y grite viva los hetero y mi primo que era gay grito viva los gay moraleja...mm no se que poner de maraleja,Non Support,No,No
2122,Se me fue un ídolo 💔,Non Support,No,No
1737,"VERDAD
Solo existen 2 géneros
Lo demás son mamadas",Non Support,No,No
2308,Pues entonces yo soy un helicóptero :D,Non Support,No,No
2181,Like si te identificas como helicoptero de combate,Non Support,No,No
3212,VAMOS MEXICO!!!!!!!❤❤❤❤❤❤,Support,Group,Nation
2441,"No hay más que meta disforia en esos supuestod ""géneros"".",Non Support,No,No
345,Que mejor jueguen las niñas  envés de llegar los maletas de la selección,Support,Group,Women
820,🏳️‍🌈👉👈🥺🥺🥺🥺🥺🥺🥺🥺🥺🥺🥺🥺❤️❤️❤️👍👍👍👍👍👍👍💏👭 que no te preocupes que te dicen que no te preocupes que te dicen que no te quiero te amo que te dijo nada solo sí sisisi,Support,Group,LGBTQ
1067,"Se que me van odiar pero cuanta cochinada jajajajaj, enserio entiendo lo de homosexual, bisexual y heterosexual, ¿Pero lo demás? Es realmente innecesario.",Non Support,No,No
944,"Oa:] yo soy una persona no binaria :D uso pronombres de He/They, soy Omnisexual y creo que poliamoroso:]",Non Support,No,No
3197,Felicidades campeonas para nosotros son de lo mejor de nosotros,Support,Group,Women
2197,"Q Locuraaaa,",Non Support,No,No
570,"Entonces si me gustan las transexuales , travestis, transgeneros y mujeres biologicas.  soy ginosexual?  Porque siempre me fijo en sus rasgos y presentacion femenina",Non Support,No,No
1406,Yo soy pansexual y bueno ya se lo dije a mis padres y a toda mi familia,Non Support,No,No
1014,Soy heterosxual y cis-genero,Non Support,No,No
1068,Nada contra los demas generos pero que haya mas generos eso es un chiste que no me lo tragare nunca 🤨,Non Support,No,No
1388,"no se, pero no soy bisexual, solo soy como lesbiana y hetero, no se como explicarlo, estoy diciendo que hay veces que me siento lesbiana y hay veces que me siento hetero, me podrias decir que orientacion tengo?",Non Support,No,No
1966,"Cuándo te identificas como No binario,divides la sociedad entre binarios y no binarios convirtiéndote a ti otra vez en binario,así que aunque digas como te quieres sentir identificado,no dejarás de ser binario.",Non Support,No,No
1667,"Basura de video

Ya puedes tirarme hate por ser homofóbica o por ser gachatuber 👍",Non Support,No,No
2024,"Todos tenemos derecho a ser felices, completamente de acuerdo pero luego lees cosas de personas que quieren que les digan que ¿Cómo era? Oh sí, que son de amor intergeneracional (transgeneracional, algo así) (los ped0bears) ¿Eso también hay que respetar y aplaudirlo? Hay conductas y actitudes que son muy dañinas y hay que cuidarse de las mismas.",Non Support,No,No
460,"PQ SIEMPRE HABLAN DE SER ASEXUAL Y NO DE SER ARROMANTICO😭😭

(y por cierto son orientaciones sexuales,no sexualidades,eso es otra cosa)",Non Support,No,No
698,"Yo soy abrosexual,no binario y arromantico^^",Non Support,No,No
2495,Generos solo para la música dijo un sabio,Non Support,No,No
41,"Gracias Gloria Zarza, es hermoso escuchar el Himno Nacional. Eres un ejemplo para muchas personas. 
Felicidades 
Dios te colme de bendiciones",Support,Individual,No
298,Que la defensa mexicana no sabe que no puedes defender así con la mano arriba no cambian,Non Support,No,No
1488,Orgulloso en decirlo que soy GENERO HETEROSEXUAL!! ( Les gusta las mujeres como el macho que soy) 😏,Non Support,No,No
1351,"Yo soy heterosexual porque no se si algún día llege a ser homosexual,pero respeto cualquier orientación",Support,Group,LGBTQ
2994,Nosotros no odiamos la religión no digas lo que crees :/,Non Support,No,No
1491,Lo de homosexual heterogéneo trans binario bisesual están bien los otros ya están medio raros,Non Support,No,No
2634,Que viva la justicia y la igualdad entre hombres y mujeres ..blancos negros mestizos todas las razas ..he conocido personas negras y son personas maravillosas ..,Support,Group,Black Community
369,Soy un gato mamá.,Non Support,Group,LGBTQ
3063,"HAS UN VIDEO SOBRE LOS GENEROS DE MUSICA CRISTIANA PORFAVORR!!!!!!! 
asi como juzgan el metal cristiano porque dicen que no esta bien.. quisiera saber que se dice sobre eso...",Non Support,No,No
2071,"Yo me identifico como super hétero. Los super heteros somos personas que se sienten atraídas sexualmente por personas que nacieron con el sexo opuesto. No nos atraen quienes se cambiaron de sexo, espero esto ayude a combatir la intolerancia hacia esta orientación, pues a veces nos llaman transfóbicos. No nos juzguen por nuestra orientación.",Non Support,No,No
551,"alv recién me entero gracias a este video q soy Androsexual.
yo siempre me consideré hetero, pero luego de sentirme un poco atraída por las chicas q se vestían y se comportaban de manera más masculina comencé a dudar XDD",Non Support,Group,LGBTQ
3089,Yo creo que una necesita de la otra.,Non Support,No,No
2565,Yo la verdad tengo problemas para identificarme con algún género del vídeo porque me siento identificada o identificado con ambos géneros masculino y femenino es así desde que tengo memoria ya que siempre me e sentido identificado (a) con ambos géneros así que no se que género soy no puedo ser no binario porque me identifico como hombre y mujer ala vez,Non Support,No,No
2419,"Dr: Muy bien señor
Persona x: Me identifico como señorita
Dr: Muy bien señorita, tiene cáncer de próstata",Non Support,No,No
280,"Queeeee.biennnn excelente Felicidades,  muy orgullosos estamos",Support,Group,Other
1610,Yo soy generó fluido y lesbiana y estoy feliz así y esperó qué así sea pará otras personas :),Support,Group,LGBTQ
2164,A mi me gusta los tigurones es normal,Non Support,No,No
1197,"Género fluido:🌊
(Soy hetero o cis o algo así era)",Non Support,No,No
241,"ESTAMOS HECHOS PARA LUCHAR CON UÑAS Y DIENTES , PARA LEGAR A CONSTRUIRNOS COMO SERES HUMANOS DE EXCELENCIA; BRAVO !POR NUESTROS MEXICANOS QUE NOS PONEN LA PAUTA.",Support,Group,Other
950,"me re encanta tu contenido , yo soy una mujer pansexual, me encanta todas la personas sin importar quienes sean, muchas gracias me haces sentir muy segura de lo que soy , muchas gracias <3",Support,Group,LGBTQ
1729,Tienen que leer la biografía de John Money en Wikipedia. La persona que comenzó con todo esto era claramente un enfermo mental. Si leen los experimentos que hizo.. es increíble que se haya tomado su trabajo como punto de referencia para desarrollar todo esto.,Non Support,No,No
530,Soy heterosexual⚫⬛,Non Support,Group,LGBTQ
1178,Y cuál es el de una persona Norma?,Non Support,No,No
200,Un Orgullo para Nuestro País,Support,Individual,No
2498,Dejaras que haroo te supere?,Non Support,No,No
795,"Yo al principio pensé que Hera gay pero un año después me di cuenta que era bisexual , y la verdad soy feliz siendo así( el único problema son mis padres que creen que soy hétero y aun no sé lo digo y no pienso decírselo)",Non Support,No,No
263,Que felicidad ❤🇲🇽✨ bendiciones para todos estos competidores!,Support,Group,Other
2014,El género es para la música,Non Support,No,No
2725,Y donde lo dejó escrito?,Non Support,No,No
1433,Solo existe un género que heterosexual(hombre con mujer),Non Support,No,No
652,Cómo va lo de arromantico??,Non Support,No,No
516,"WTF XD, ok me confundí, sin caer en discusión o polémica pero, cuál es la diferencia entre bisexual, pansexual y polisexual si todas expresan atracción a todos los géneros",Non Support,No,No
2220,El género es para la música no para las personas,Non Support,No,No
2774,jajjja que loco como dicen que la iglesia catolica jjajajajajajajjajajaja los mas falsos,Non Support,No,No
420,"por lo q escucho en tu vídeo, fuera de la heterosexualidad, todas las demás no saben lo que son.. son lo uno pero no lo son por q pueden ser lo otro pero son lo otro.. pero no significa q sea lo uno por qué se siente como lo otro por q la una es similar a la otra pero a veces siente atracción por la otra..",Non Support,No,No
1161,"Yo tengo una amiga que es arromantica(según ella pues,a mi no me crean)",Non Support,No,No
903,Y si no se si me gustan los hombres o las mujeres  q orientacion sexual soy?,Non Support,No,No
2429,"Después de ver esté vídeo,estoy motivado a estudiar para no terminar como ustedes",Non Support,No,No
539,Me identifico como un ser humano 🗿🤙,Non Support,No,No
845,"Bueno.... Yo que se de orientaciones y todo eso, puedo decir que algunas de las cosas que dices pueden estar mal o te puedo decir que significan algunas de las banderas de el final. Primero, lo de genero fluido tambien se puede relacionar con cual genero se siente la persona. No necesariamente tiene que ser un cambio fisico. Y tambien no es solo el cambio de hombre a mujer y a mujer a hombre. tambien puede ser de hombre a no binario, o a mujer a queer, esos son unos ejemplos. Eso es todo lo que tengo que decir de lo que probablemente estes diciendo mal. 

La primera bandera que muestras en el final es bigenero que es tener dos géneros, exhibir características culturales de roles masculinos y femeninos. Es casi como genero fluido, pero genero fluido cambia a mas generos.
El segundo que muestas a el final es trigenero, que se refiere a las personas que pueden sentirse parte del genero femenino y masculino, pero también perciben un tercer género, que puede ser el nulo o una combinación entre cualquiera de los tres. 
La tercera es arromantico, que seria tener poca atraccion o ninguna atraccion hacia una persona. 
La cuarta bandera es Agenero, que es no indentificarse con ningun genero.
 La quinta bandera es neutro, que seria no disfrutar de tu sabes que, ni dar ni recibir. 
La sexta bandera es Oso, que seria un hombre ya adulto gay o bisexual, pero esta se diferencia ya que son personas con mas pelo en su cuerpo.
La sexta bandera Androfila, que es la atraccion sexual a personas masculinas.
La septima bandera es Polisexual, que seria la atracción hacia personas de más de dos géneros, pero no necesariamente hacia personas de todos los géneros.
La ultima es Autosexual, que es la atraccion hacia ti mismo (Se que es raro pero hay personas haci).
Se que es mucho texto pero pues que hago.",Non Support,No,No
2605,"Francia es un país de mezcla hay de todo. Claro que este reportaje expone muchas realidades. 

Pero hay mucha gente como yo de las afueras (banlieue)que crean empleos que son tan integrados que   se niegan hasta sus raíces. 

Soy negro orgulloso de serlo y tener mis raíces en camerún africa. 
Entonces hay que ver los dos lados también.",Support,Group,Black Community
493,Holi gracias por su explicación uwu yo soy hetero pero aún tengo muchas dudas sobre ello respeto su integridad el cariño es muy lindo no importa la atracción de género ❤😊 y creo que estoy a punto de ser asexual,Support,Group,LGBTQ
468,Orgulloso de tener tula y ser normal,Non Support,No,No
1283,Yo soy  bisexual pero me da miedo que lo sepan,Non Support,No,No
472,Soy bix y trans se que somprende se que cre que no puedes ser ambos pero ese es mi caso una casa es mi relacion con los de mas y otra como me siento conmigo mismo,Support,Group,LGBTQ
3207,Felicitaciones chicas son un gran equipo.,Support,Group,Women
1036,"Soy una persona heterosexual, sin embargo me puedo considerar como hetero flexible o ""hetero curiosa"", porque simplemente si una mujer me enamora obviamente no perdería mi tiempo y lo intentaría.",Non Support,No,No
2948,"Que pena, tu argumento para decir que la religion es necesaria para respondernos el proposito de nuestra vida no es valido, la ciencia sabe (hasta ahora) que los humanos existimos sin ningun proposito y los agnosticos y ateos aprenden a vivir con eso al contrario de los que no, pues solo su querer sentirse importante y con algun proposito los hace creer que la religion es perfecta para responder esa pregunta, la ciencia y la religion no van de la mano, en la religion CREES que fuiste elegido con un proposito, en la ciencia SABES que hemos evolucionado por millones de años y que asi como naces mueres.",Non Support,No,No
1672,"No puedes confiar con nadie,
En especial con tus héroes

-sindrome",Non Support,No,No
2538,Siii el mes asqueroso se acabooo,Non Support,No,No
1866,Ya hay tratsmiento de esos transtornos?,Non Support,No,No
2960,No podría estar en más acuerdo contigo😍,Support,Individual,No
222,Merecía ganar el Oro!!!! ❤❤❤❤❤❤❤,Support,Individual,No
1514,Mí orientación sexual es Sapiosexual y mí género es mujer <3,Non Support,No,No
46,De qué disciplina es?,Non Support,No,No
1026,"Soy heterosexual y cisgénero  pero apoyo absolutamente y me parece muy admirable que cada persona busque su propia felicidad 👏 
Y dioooss que buen video, rápido y consiso sin miedo a decir las cosas, me ayudo a entender los términos, gracias! ^^",Support,Group,LGBTQ
1728,Soy bisexual pero también me gustan las chicas trans. Qué soy entonces?,Non Support,No,No
2240,Yo soy un carro  😄,Non Support,No,No
1702,"Lo no binario no existe Y todos esos términos de cisgenero, queer, género no conforme, pangenero y todas esas cosas NO EXISTEN Y NO SE DEBEN DE USAR! SOLO EXISTE EL HOMBRE Y MUJER Y SOLO TE PODES IDENTIFICAR CON UNO!.",Non Support,No,No
763,"Apoyo a LGBT pero no soy gay
En realidad me gusta map apezar de qe no estén ustedes de acuerdo xd",Support,Group,LGBTQ
343,Fátima Servín es la mejor,Support,Individual,No
2988,"aja y quien lo dice. una persona que de sus labios salen palabras imperfectas, eso no tiene sentido,  date cuenta que si no sólo eres y siempre seras humano así de fácil 👋",Non Support,No,No
1402,Soy bisexual me gustan ambos generos y tu juan me gustas,Non Support,No,No
3095,Ciencia vs Religión según Fullmetal Alchemist: https://youtu.be/oOB-daTckZo,Non Support,No,No
2449,Tik Tak me ha desepcionado,Non Support,No,No
292,"Venga México.
A seguir jugando así de bonito contra el próximo rival. 👍",Support,Group,Nation
3187,hermano una pregunta con que programa editas tus videos????,Non Support,No,No
3148,"Es normal que en una epoca en la cual recien se estaba removiendo la monarquia en muchos paises se crea todavia en cierta parte o aun mas atras que sino creias te quemaban, tratas de idiota a la gente cuando aqui el ignorante eres tu.",Non Support,No,No
2704,"La gran antropóloga del ballet se le cortaba la voz, exponiendo sus bochornosos argumentos racistas sobre los cual la crema y nata del ballet cubano excluyen a los negros.",Non Support,No,No
938,"/\_/\
  (  ○  ○  )
  (  >❤< )
  (            )
    \/  \/
este gato gordito te va dar un corazon❤ si quieres un corazon de el dale like. cada like es un corazon 
 👇😊",Non Support,No,No
2129,Que viva todo tipo de géneros,Support,Group,LGBTQ
2753,Hablar de religion y politica no hay una verdad absoluta...,Non Support,No,No
90,El verdadero orgullo mexicano 🇲🇽son los atletas paraolímpicos🥇.  Lo dan todo. Felicidades!,Support,Group,Other
514,Como que hay más de 2?,Non Support,No,No
2346,Yo también lo estaba esperando desde ase muchoooooo que viva el orgulloooooooooo LGBT y por cierto yo soy bi,Support,Group,LGBTQ
1821,Un dia soy un bisonte no binario y al otro un feminista toxiqe  XD,Non Support,No,No
1925,Yo me siento un tanque soviéticoxddd,Non Support,No,No
2818,Gente..... Hay un seminario completo en Youtube del Sr Armando alucinante titulado La Genética de Satanás.... Lo recomiendo ya que este hombre abarca la religión y la ciencia unidos,Non Support,No,No
1551,"Heterosexual: mescla heterogénea🗿
Homosexual: Homosapien 🗿
Bisexual: bicicleta 🗿
No-vinario:0011101010🗿
Poli sexual: policía🗿
Bear: oso🗿
Asexual: con el nuevo jabón Ace 🗿
Intersexual: el espacio interestelar🗿
Pansexual: pan🗿
Transgénero: Transformer 🗿
Pedo: 😐
Dejen ideas para comparar los nombres de los géneros con objetos o nombres de objetos.
Gracias.",Non Support,No,No
1498,1:38 soy motor de lancha 3000,Non Support,No,No
1735,"Da igual lo que te guste, y lo digo muy en serio, no es relevante y no tiene importancia si te gustan hombres, o mujeres o si te gustan las demas personas que son llamadas de forma que solo la comunid lGBT entiende, así que no lo vean como algo de ""festejar"" o celebrar porque no hay razón para hacer un desfile solo por lo que te gusta hacer en tu vida personal e íntima saludos",Non Support,No,No
992,"Q What? No sabía, bueno ta bien",Non Support,No,No
2780,En la biblia queda mas que claro que la peor religión del mundo do es la iglesia católica repito no dicho por mi dicho y escrito por dios en la biblia pero es fasil darce cuenta que es así porque observen nada mas las practicas que hacen y talves ahí este las respuestas gracias,Non Support,No,No
692,"Con todo respeto pero confunden la orientación sexual con gusto por una atracción, lo único que están haciendo con tanta ideología es causar desorientación  en las nuevas generaciones, quieres amar,  amate a ti mismo, aceptate como eres para que no te sientas excluido quieres pertenecer a un grupo se lo pero de inteligencia no por tonterías.",Non Support,No,No
454,"La autopercepción u orientacion sexual de las personas es un descarrio moral y antinatural, el ser humano desecho a Dios y por tanto el los entrego a una mente reprobada...leean  ""Romanos 1:24 al 28""",Non Support,No,No
1212,Extraño pero interesante,Non Support,No,No
2078,oye deberías hacer un video de backroms seria interesante,Non Support,No,No
732,Soy bisexual y estoy feliz de serlo porque me enmore de una mujer y de un hombre jeje,Support,Group,LGBTQ
2468,Generos hay solo 2 punto,Non Support,No,No
1116,"Yo aún no sé cuál soy... Siempre siento que me gusta una persona pero luego en 1 minuto empiezo solo a ver cómo amistad y luego siento otra vez que me gusta y a la vez no por ejemplo con el chico que me gusta desde 1 me dijo para ser novios y le dije que si super feliz pero luego...jeje me dejó de gustar unas semanas después pero fingía que aún me gustaba luego sentí que me gustaba mi mejora pero luego me gustó una amiga por 2 días y luego otra amiga por 1 o 2 semanas y luego mi mejor amiga nueva jeje nunca amo realmente a una persona solo mi cerebro me engaña haciéndome fingir para engañarme de que me gusta esa persona ... Así que aún no se si soy pansexual o bisexual,asexual o hasta la primera de que no se enamora de alguien hasta tener un vínculo fuerte",Non Support,No,No
2909,no eres neutral por ser creyente...y en estos temas nadie es neutral porque o eres creyente o simplemente no...,Non Support,No,No
1230,"Mira, no sabía que existían tantos tipos de atracciones xd, pero mira (x2) hace varios días me estoy sintiendo algo diferente, y me refiero que hace algunos días estoy sintiendome más parte de la ""homosexualidad"" osea, siento más atracción por las mujeres que por los hombres, pero no me gusta nadie, entonces cuál es mi sexualidad? (No sé si lo dije bien -_-)",Non Support,No,No
2265,Vivan los wekos 😍,Non Support,No,No
243,"Y sin pretextos como los "" normales"" esos solo piensan en el dinero",Support,Group,Other
1538,"Sigo  en duda si soy bisexual o asexual 
Por que me gusta los hombres y mujeres pero solo llego a decir que me gusta pero no quiero nada con esa persona 
Pero lo que si se es que soy una persona de género fluido y eso depende de como este vestida ya que me confunde con varón o mujer aunque sea mujer",Non Support,No,No
185,Mis respetos para ella,Support,Individual,No
2075,Con Franco estas mariconadas no pasaban🇪🇸🦅,Non Support,No,No
2552,"Me perdí en donde dijo binarismo de género, ya está loco, no saben que inventar ya",Non Support,No,No
1616,soy mujer y mi orientación es bisexual Xd,Non Support,No,No
1106,"¿Alguien se une a mi en el rinconcito de los arromanticos? x,d",Non Support,No,No
1158,Que necesidad de crear tantas sexualidades no lo entiendo,Non Support,No,No
2820,"Muy buen tema ojala sigas hablando de eso porq tienes razón la ciencia y religion no son como agua y haceite la ciencia lo veo como un regalo por parte de Dios para que conoscamos el universo que El nos dio, porque aunque algunos no lo crean el no solo ve la Tierra el puede ver  todo el universo, y conoce todas las cosas que avitan en el, y es tan maravilloso, tan vasto que quiere que tambien lo conoscamos :)",Support,Individual,No
2054,Soy un helicóptero apache,Non Support,No,No
1903,Me siento como un tanque de guerra inflamable con un motor de helicóptero aerodinámico táctico de alto calibre con niveles de gas mostaza XXX y un coche de madera quemada por mi tío precisamente no con un lanzallamas,Non Support,No,No
153,Esas si son mujeres de alto valor 👍🏻,Support,Group,Women
1654,"Se supone que Tik y Tak son No Binarios , entonces .... no se supone que la bandera No Binario deberia estar en el icono de Tik Tak Draw????",Non Support,No,No
856,Lo de arromantico me recordo a alastor😂😊,Non Support,No,No
145,"Los atletas paralimpicos siempre demostrando que los únicos límites son los que uno mismo se pone

Que cualquiera puede llegar tan lejos como quiera",Support,Group,Other
1455,Yo soy INTERSEXUALIDAD❤,Non Support,No,No
2595,"Ivon, la arquitecta, un amor. Al final, no había discriminación era culpa de la gente que no se quería adaptar!!",Support,Individual,No
3043,Quien creo al hombre Dios o el azar? Evolucionismo vs creacionismo,Non Support,No,No
346,"Da más gusto ver a estas grandes jugadoras mexicanas, que partidos tan malos y aburridos de los varones, deberian de ganar lo mismo que los troncos estas chicas",Support,Group,Women
2085,de esta manera me desuscribo eso esta mal solo existen los hombres y mujeres los demas son pokemons y soy hetero,Non Support,No,No
2635,"Pues no sé allá en bogotá una banda de negros venida de un palenque lideradas por un tal ""baloteli"" llegó a bogotá a extorsionar y a robarle las casas a sus moradores,acabo de ver que en san victorino dos negros asesinaron a cuchillo a un joven....",Non Support,No,No
1357,Mi orientación es 1:14 😔👊🏼,Non Support,No,No
840,Yo soy bisexual asexual porque no me gusta nadie pero me gustan los dos géneros ( aunque aveses miro a gente o Cualquier cosa para ver si estoy mal pero eso es porque soy dibujante no doy tan buena pero sip dibujo ) y también soy no binaria :),Non Support,No,No
1693,Yo soy avion con patas y plumas🤔🤔🤔🤔🤔🤔🤔😶😶😶,Non Support,No,No
2067,Y si me gusta un árbol que soy?? 🥱,Non Support,No,No
1417,Yo soy des Viana ❤,Non Support,No,No
2920,"Me gusta mucho la ciencia, pero busco poder amar a Jesucristo más que a nadie en el mundo",Non Support,No,No
2462,"Pov: en el colegio"" El que se mueve es gay"" *nadie se mueve en todo el recreo *",Non Support,No,No
1390,"Cómo mi profesora dijo, solo existen 2 género, los demás son opcionales xd",Non Support,No,No
1383,No esta la pendejesidad 🤓👊,Non Support,No,No
1297,"Por fin alguien no critica qu3 me gusten mujeres y hombres mil gracias ❤️‍🩹!!!!!!!!!!!!!!!!!!!!!!!!!!!!!!!!!!!!!!!!!!!


Contexto xd : es que mi familia no sabe y no le gusta de la comunidad LGBTQ y deecho la bisexualidad sigue siendo criticada,aparte si deporsi soy genero fluido :(",Support,Individual,No
888,xD yo soy aromantica y c me iso raro xD,Non Support,No,No
823,_yo soy bisexual (de closet) 💜💗 todavía no me doy a conocer_,Non Support,No,No
779,"Mis padres tan bien son cristianos pero yo mas o menos, yo soy Bisexual, el problema mis papas no unen al LGBT por que dicen que es malo para los niños Asi yo si apoyo y no les e dicho que soy bisexual quiero deserves pero tengo miedo y pienso cosas que me van a odiar si les digo Asi que decido que voy a esperar mas asta que este lista. Saludos",Non Support,No,No
417,Me acabo de dar cuenta qué soy o me considero asexual .,Non Support,No,No
939,"Uhm, yo me considero gay porque soy un chico trans y me gustan los chicos, pero estas diciendo que no soy gay?",Non Support,No,No
1839,Desgrasiados gueys solo hay dos tik tak era mi youtuber favorito hasta ahurita,Non Support,No,No
1512,Yo soy bi jsjs,Non Support,No,No
21,"*Es una vergüenza que las televisoras Mexicanas NO TRANSMITAN LOS Juegos Paralímpicos, siendo que estos grandes Atletas obtienen más TRIUNFOS!!!*",Non Support,No,No
339,"viva mexico ,A huevarios que si, ahora con  toño contra colombia",Support,Group,Nation
2157,Jajaja soy un hombre pero me identifico como un caballo!!! Que puedo hacer hay algún género para mí???,Non Support,No,No
433,"Muy buen video, bastante informativo 👌🏳️‍🌈",Support,Group,LGBTQ
1269,Para que tantos géneros si ya tenemos el que se mueva es gay,Non Support,No,No
953,hola soy bisexual no me arrepiento y soy ilegal en mas de 70 paises pero me vale,Non Support,No,No
2461,"El género, como en toda la naturaleza, es de dos componentes macho y hembra, el resto no es normal y es fallo de naturaleza. El fin de dos géneros es la procreación para que se complementen y se reproduzcan, transmitiendo cada uno sus genes para lograr una descendencia. Lo convencional es lo normal, lo no convencional es un accidente. Recuerda no puedes encender tu lámpara si solo tienes dos enchufes hembras o dos enchufes machos, se necesita uno macho y otro hembra, si no, no hay conexión correcta y te quedas oscuras.",Non Support,No,No
1130,Género fluido,Non Support,No,No
3092,"1. La ciencia dice que la tierra se creó con el Big Bang, la religión dice que fue Dios. No son compatibles.
2. Las preguntas que la ciencia no puede responder las responde la filosofía, no la religión.
3. Cada religión condena al infierno a los que no la siguen, la suposición de que tu religión es la correcta se basa en... ¡Sorpresa! Estoy destinado al infierno, menos mal que no creo en él.",Non Support,No,No
1451,"Yoooo soy Trigender y Omnisexual :D

Eso creo... Además de ser también eso que llaman Animesexual XD
Sip, tengo sentimientos reales por personajes ficticios xd",Non Support,No,No
1265,"Mira niño visita a un spquiatra!!!
Elige urologo u ginecologo , !!!",Non Support,No,No
2626,"La arquitecta más pobre del mundo, es clase media pero defiende a los ricos!!",Non Support,No,No
3142,"¿Cual es mi propósito en la tierra?, ¿Cual es el punto?... Hay ya partiste mal, si preguntas cual es nuestro propósito en la tierra quiere decir que ya estas asumiendo que tenemos un propósito... Es decir, ya estas asumiendo que fuimos creados con un propósito y ahora tu quieres saber cual es ese propósito... Mejor parte con la pregunta ¿Tenemos un propósito?, ¿Nuestra existencia tiene un punto?, y para más remate citas a William Craig ( ╯͡° ͜ʖ ͡°)╯︵ ┻━┻

No se, se me hace muy difícil tomarte enserio por que científico serio va a tomar en consideración un librito que dice que un hombre vivió dentro de un pez, o que una serpiente parlanchina tento a un hombre y una mujer de comer una manzana mágica, o que la mujer se creo de la costilla de un hombre, etc...",Non Support,No,No
515,"No se si se nota, pero bi sexual significa dos, Bi significa dos, no puede aver mas, y si lo hay, es pansexualidad no?",Non Support,No,No
1685,Chale,Non Support,No,No
2544,Masculino y femenino,Non Support,No,No
2447,ESO NO SON GENEROS._.,Non Support,No,No
2705,"La tv es la primera que , tiene racimo  nunca he visto novela  negra que no sea chica dacilva",Non Support,No,No
608,"Yo soy Transgenero y Gay, (Osea que nací con el sexo femenino y me identifico con mi sexo opuesto, eso no hace que me gusten las chicas o algo por el estilo, al contrario aún así me gustan los chicos)",Support,Group,LGBTQ
725,Yo soy bisexual y soy mujer,Non Support,No,No
3200,El nivel de la femenil ha crecido considerablemente los ultimos años ojala que sigan asi,Support,Group,Women
1252,la verdad yo soy HOMOSEXUAL lgbt 🏳‍🌈,Support,Group,LGBTQ
2577,"pangenero, ¿osea que te gusta el pan? Xd",Non Support,No,No
2034,Creo que esta cuenta la controla Podemos,Non Support,No,No
2262,Yo soy un robot porque asi me identifico y me puedo enamorar de quien sea o no mostrar interes en casi nadie,Non Support,No,No
1020,hasta q alfin alguien q si sabe diferencias del genero de la orientacion sexual:3,Non Support,No,No
207,Estos atletas mexicanos si me representan no como los buenos para nada de la conade directivos y los atletas mediocres.,Support,Group,Other
3009,"Todos tus argumentos están basados en lo que tu piensas lo que le da poca valides a los mismos, y hasta ahora lo que he podido entender de lo que dices es que ellos están equivocados y tu no. Porque te empeñas tanto en decir que Dios no existe, cuando talves ni siquiera lo has comprobado por tus propias experiencias..... Cuando lo busques des-interesadamente con ganas de saber si él existe con ganas de realmente conocerlo y al final no lo encuentres entonces tendrás una base para opinar..",Non Support,No,No
3045,La tuya también es una opinión.,Non Support,No,No
1325,Me gustaría saber más sobre el tema de intersexual s eve curioso,Non Support,No,No
2668,Jjjj en Bogotá jjj eso es mierda les creo si es usa o Canadá pero Bogotá jjjjjjjjj,Non Support,No,No
2212,Esa fue la pandemia del 2020 tanta estupidez,Non Support,No,No
621,"Yo soy arromantica pero tengo miedo de decirles a mis papás, es que que yo ellos no son homofobicos ni nada pero la otra vez salió en las noticias un ladrón que era no binario y se pusieron a decir ""ay pero como no es mi hombre ni mujer entonces que es"" y así",Non Support,No,No
719,Soy una Chica UwU y soy bisexual 🏳️‍🌈💞 /Viva la comunidad LGBT,Support,Group,LGBTQ
471,"Les digo algo? La mitad de esto no existe y es puro invento, solo existe los heteros, los homos, los bi y los pan en las sexualidades, no se compliquen",Support,Group,LGBTQ
2239,Se me cayó un ídolo 😔👎,Non Support,No,No
819,🏳️‍🌈,Support,Group,LGBTQ
846,"Amigos soy bisexual :) se siente bien almenos poder salir del closet con personas que se que no me van a juzgar, aun no le eh dicho a mis padres, les deseo la mejor suerte del mundo a los que aun no han salido del closet",Support,Group,LGBTQ
960,no existe una bandera que combine la demisexual y la demiromantica?,Non Support,No,No
218,"Lit ella sin brazadas mostró una energía enorme (sin minimizar el esfuerzo de cada una), me imagino la fuerza de abdomen 🤯 y por poquito no gano la de oro pero gano la visibilidad de todo el país y la de plata🤠✨ eres una FREGONA Haidee ❤️‍🔥.",Support,Individual,No
1348,"Soy lesbiana o hetero- ni yo se (bisexual) 
Soy poliamorosa me gustan 4 personas una de ellas es cristiana y odia a los homo 😩
Y soy mujer y me identifico como un hombre",Non Support,No,No
2204,hola me saludas porfa,Non Support,No,No
359,"En mi opinion, los cuatro ultimos que salen no son sexualidades, sino formas de manejar las relaciones",Non Support,No,No
1223,Bueno 4 am de la mañana ns como llegue aquí pero bueno k se le va a hacer. Vamo haber como me explican k existen más de 2 géneros,Non Support,No,No
972,Me identifico como helicoptero de ataque,Non Support,No,No
2132,Like a mi comentario si eres anti gay ECT tantos pinches géneros de verían  ser sola mente hombre y mujer,Non Support,No,No
3211,Viva Panamá! 🇪🇦🇵🇦,Support,Group,Nation
295,¿Saben lo que me toca el corazon? Ver a personas con la playera de Colombia apoyando a México. Gracias parceros :'),Support,Group,Other
2676,Racismo en colombia? Si deben estar acostumbrados!. Hay mucha gente de color.,Non Support,No,No
747,"Soy hombre heterosexual , pero mi amiga es bisexual y la respetó pues por algo somos amigos 😂😂😂",Support,Group,LGBTQ
895,"""porque a veces hay orientaciones que- ^^ QUITEN ESO ò-ó"" me encantó jajaja",Non Support,No,No
2648,"Como es ser negro en el choco .
Esa pregunta no me deja dormir .",Non Support,No,No
2939,"Ateos ciencistas bardeando en 3, 2, 1...",Non Support,No,No
2681,"chicos  ,,,no todo lo es lo que parece ,,,si tu criticas te critican,,,si tu odoas te odian ,,yo vivi en bogota 22 años  atras y me apreciaban  muchisimo ...vivo en chile fue el unico en una ciudad y me querian mucho  ,,tratat  bien   y te trataran bien ,,,critica y te criticaran  ,,ama y te amaran  ,,aborrece y te aborreceran ,,,el negro tambien discrimina por eso lo discriminan  ,,,",Non Support,No,No
884,Mamá.... papá soy bisexual,Non Support,No,No
215,pero no es injusto porque la otra tiene brazos???',Non Support,No,No
1225,Según Google doy abrosexual h no apareció xd,Non Support,No,No
2334,"Hay una frase en el video que creo resume muy bien el fenómeno actual, dice algo así, personas que desafian los estereotipos convencionales, es exactamente eso, ¿Que es lo que mas ansía un adolescente por encima de todo?
Muy sencillo, ser diferente, cumplir su ciclo vital, igual que hicieron los hippies los punks, los mods, y todas las modas transgresoras anteriores a ellos.
El problema de todo esto, es que la broma se les ha ido de las manos, y de forma, al menos para mí, totalmente incomprensible, el fenómeno se ha colado en la política y actualmente no hay nada mas mainstream, lo ha impregnado todo.
Estareis de acuerdo conmigo en que a un adolescente médio de las 100 cosas que se le ocurren al día, por lo general, el 99% son, por decirlo suavemente, puras chorradas.
Por eso no consigo entender como es posible que un discurso tan extremo, que cuestiona pilares sociales tan intocables hasta la fecha, cuente con un soporte mediatico he institucional tan grande.",Non Support,No,No
1638,soy hetero sexual⚫⚪⚫⚪  y apollo ala cuminida del lgbt 🌈 ❤💛💚💙💜,Support,Group,LGBTQ
1375,orientacion? cambio de genero? lo siento bro... yo tengo los ajustes en predeterminado,Non Support,No,No
2713,"1. Los españoles consideraron q los africanos poseian almas, como cualquier otro ser humano, mientras q los britanicos estipularon q eran bestias carentes de almas. El imperio español propicio el mestizaje, mientras q el imperio britanico estipulo q la mezcla de razas era ilegitima. La transculturacion fue un proceso caracteristico de la sociedad cubana a traves de varios siglos, mientras q el matriminio interacial fue prohibido en gran parte de EUA  durante gran parte del Siglo XX. A pesar q un mulato llamado Fulgencio Batista fue el mas acaudalado millonario de la Cuba precastrista, el Comediante en Jefe prometio eliminar cualquier opresion racial existente en la isla, pero lls afrocubanos siguieron siendo oprimidos",Non Support,No,No
1338,Y como se llaman las personas que les interesan más los personajes ficticios,Non Support,No,No
2769,Muchas gracias por todas las verdades que has dicho y depende de cada uno de nosotros ser buen Cristiano 🙏,Support,Individual,No
67,GRACIAS COMPATRIOTA VIVA TU,Support,Individual,No
1314,diosss cuánta desinformación y encima usa banderas invalidas. 😿,Non Support,No,No
2756,Dios dice os Areies imágenes ni las adorareis y la católica hace esto y más cosas,Non Support,No,No
2965,Entre 1500 y 1800 la ciencia y la religion no era una alianza mas bien era una opresion por parte de la iglesia y aunque no hubieran sido religiosos tenian que fingir para que no los mataran,Non Support,No,No
2053,toda mi vida nunca me he sentido ni hombre ni mujer yo no me autopersivo como algo sino solo me acepto tal y como naci hombre blanco hetero por que no odio a los hombres y no le veo nada de malo ser uno y como no odio a las mujeres si volviera a nacer pero como mujer sabiendo que fui hombre antes no me gustaria serlo,Non Support,No,No
1240,Yo soy lesbiana  y amo horentacion sexual  y no tengo  novia  amo mi comunidad  gay arriba  mi pandera  LBTG,Support,Group,LGBTQ
81,Felicidades campeona  Tú vales oro.!!!,Support,Individual,No
2141,"Con tantos géneros inventados, ya no se puede saber que género tiene sentido",Non Support,No,No
1593,Dios al ver esto:pa q los cree😢,Non Support,No,No
2871,"No es nada contra el vídeo, cada quien tiene sus puntos de vista, simplemente le respondí a  un comentario, a y ya lo vi, no te preocupes, por algo lo digo, ahora mira vídeos de stephen hawking, Carl Sagan..",Non Support,No,No
1444,Yo tengo dudas de mi sexualidad nose si soy lesbiana o pansexual porque me gustan cualquier persona ya que de chiquita era facil que yo me enamorara tanto de hombre como mujeres y soy como que pansexual que prefiere mujeres.,Non Support,No,No
1669,Yo👉ahora creo que quiero ser varón 😕😕😕,Non Support,No,No
2134,Yo hago cosas de ambos géneros pero me siento más chica,Non Support,No,No
1629,Soy bisexual y no binario:3 amo tus videos 💕✨,Support,Individual,No
1175,"Yo siempre pienso que el mundo se esta pudriendo con los criminales,asesinos,la pobreza,etc y despues de ver todas estas banderas estupidas con que me va sorprender el mundo y eso que tengo 14",Non Support,No,No
1017,"""en un futuro habrá más diversidad""....¿qué futuro? si de aquí a 2 años o nos hemos intoxicado todos o a empezado una guerra nuclear 😂",Non Support,No,No
563,Estoy feliz de ser hombre 🖕,Non Support,No,No
1622,soy bisexual y pansexual amo tus videos cada ves aprendo mas,Support,Individual,No
163,Sucia la asiática estiró el brazo para ganar con alguien que no puede mover los brazos para mí ella es la verdadera Campeona,Support,Individual,No
1331,"Hoy uno de mi clase ha dicho que va haber más homosexuales,bisexuales,etc que heterosexuales y es que antiguamente era como un delito o algo parecido
Pd:mi amiga y yo somos bisexuales",Non Support,No,No
112,Nuestro himno en Francia,Non Support,No,No
1710,🌈👩‍❤️‍👩👍,Support,Group,LGBTQ
3178,"El único periodo donde la humanidad no avanzo y se retraso fue el oscurantismo donde la religión estaba en contra de la ciencia, no regresemos a eso, me encanta la ciencia y cada que aprendo sobre moléculas y partículas y átomos me sorprendo de como Dios hiso todo eso tan perfecto y como se le ocurrió para que tu y yo podamos existir.",Support,Group,Religion
2431,"Sinceramente cfel que estos generos nl existirian si la gente entendiera que los hombres y mujeres oueden hacer lo mismo excepto las cosas que se relacionan a la biología, la gente ouede vestirse coml quiere, obviamente hay patrones y la ropa tiene genero pero eso no quita que una chica use rooa grande o que un chico use faldas largas, o que hagan lo mismo. Creo que asi hasta sd crean mas etiquetas y hace ver que en vez de mostrar que debe haber equidad y que todos puedem hacer lo minso muestra que las mujeres no oueden hacer lo misnl que los hombres y viceversa y por eso se forman otros géneros, seria mejor empezar a demostrar que las mujeres y los hombres pueden hacer lo mismo pero con excepciones por la biólogia o concursos de belleza por ejemplo en el que se busca gente nscida de tal manera biológicamente.",Non Support,No,No
3097,"El problema es que hay cosas que la religión no ha respondido a cosas que la ciencia sí, (Ej: Dinosaurios), al final todo se resumen en si tienes fe o no.",Non Support,No,No
224,Eso es pelear una medalla 👏🏻👏🏻👏🏻🇲🇽,Support,Individual,No
126,"Qué lindo momento!!!
Muchas gracias Gloria!!!!
❤❤❤❤",Non Support,No,No
651,"Por estas razones es por el que la comunidad lgbt se arruinó.
Solo confunden más a las personas y crean etiquetas inútiles las cuales sólo generan ploblemas. Como los no binarios los cuales tecnicamente no existen ya que solo no se identifiquen como ningún sexo pero tienen genitales por lo cual siguen teniendo sexo.
para mi como hombre bisexual solo diré que la comunidad se arruinó despues de agregar más letras y poner a los no binarios los cuales acaban con toda la lucha de los transexuales",Non Support,No,No
1492,soy playsexual me identifico como una play station 4,Non Support,No,No
835,Me se mas esto que lo hablado en este video xd https://youtube.com/shorts/-GlcrZmg7Mw?feature=share,Non Support,No,No
1415,Yo solo digo que hay dos generos 🗿🍷🤑,Non Support,No,No
508,"Y si solo me atraen las personas por su personalidad o por como son sin importarme su físico, identidad etc solo por sus sentimientos que seré yo?",Non Support,No,No
182,"Wow que orgullo y sobre todo lo emocionante que se puso la competencia, se agradece el esfuerzo de todos los involucrados para hacernos llegar estas muy buenas sensaciones.",Support,Group,Other
2938,Cristiano?? Era judio y no los Evangelicos Dicen que ellos son el Pueblos de DIos.,Non Support,No,No
1682,Hay 2 generos y 95 tipos de geys 😈,Non Support,No,No
606,Supongo que soy hetero y Cis género xd,Non Support,No,No
1441,"Mo mames buena pregunta bueno yo estoy entre: Bisexual,trasxesual,nobinario y arromantico si ya se no jusgen....aunque lo mas probable esque sea Bisexual y arromantico.....",Non Support,No,No
335,Tuvieran 6 puntos y pareciendo facil... Lastima con las nigerianas... Se confiaron... Lo bueno es que en este partido no se achicaron y jugaron muuy bien.👍🏼👍🏼👍🏼👍🏼👍🏼,Support,Group,Women
2121,Falto género fluido ☺️👍🏳️‍🌈🏳️‍🌈,Support,Group,LGBTQ
2094,Quinta en comentar,Non Support,No,No
2491,En mi pueblo no se complican tanto y les llaman pu to o ma chorra,Non Support,No,No
2427,"género Femenino y masculino Sexo hombre y mujer Orientación heterosexual, homosexualidad, Lesbianismo, Bisexualidad de donde puchas sacan las demás jaladas",Non Support,No,No
2847,"Excelente video ! Les sugiero que conozcan el caso Antony Flew. El científico más famoso por promover el ateísmo, a sus 81 años se rindió a las evidencias y reconoció la existencia de Dios. Es muy interesante. Bendiciones ! ",Non Support,No,No
3208,Viva México ️️️️️️️🇲🇽🇲🇽🇲🇽🇲🇽🇲🇽🇲🇽🇲🇽🇲🇽,Support,Group,Nation
942,yo soy queer bisexual :D,Non Support,No,No
283,"Gran Victoria 
Tienen Gran Capacidad para llegar a una Gran Instancia y el llegar a una Final para Ellas y el Equipo seria algo Importante y Complejo de lograr , aunque en el Deporte no hay Imposibles 
Sin Importar la Fase en la que Lleguen , han Hecho un Papel Aceptable en este Mundial Juvenil
VAMOOOS 🇲🇽 🇲🇽 🇲🇽",Support,Group,Women
2289,Yo parezco vato :^,Non Support,No,No
749,"No gente, vi varios comentarios diciendo *ai solo hay 2 géneros*, y no.

Para aclarar: el género y el sexo son cosas distintas, el género es con lo que uno se identifica y el sexo es con lo que uno nace (hombre o mujer), ahora dejen de andar chingando porque voy a terminar tirandole piedras a sus casas",Support,Group,LGBTQ
2013,"um, en realidad y basado en mis cálculos, el género es algo que en principio nunca existió y es una mera construcción social hecha a base de esterotipos para poder hacer una especie de distinción entre hombres y mujeres, ojo, con género no me refiero al sexo, en el caso del sexo lógicamente solo hay 2, hombre y mujer, ya que las personas intersexuales (hermafroditas) solo tienen una variedad de mutaciónes en sus genitales derivado de un trastorno genético, por lo que no se les deberían de catalogar como un sexo diferente, el hecho de que haya gente que se identifique como no binario me parece una suma estupidez, ya que identificarte con algo que, de plano, no existe das a entender implícitamente que no eres nada, que no existes, por lo tanto tu no eres una persona no binaria, solo eres una persona inmadura con muy baja autoestima y problemas de identidad.

hasta acá mi reporte, le mando un saludo a arabe azul.",Non Support,No,No
2434,Yo soy asexual y arromantica y no me identifico como hombre o mujer pero nadie se dará cuenta porque hay muchos comentarios,Non Support,No,No
3132,El mundo de las ideas no tiene por qué hacer que haya un dios en el mundo material,Non Support,No,No
2173,"Cómo dijo Fred 
Todas esa webada empezó por una familia disfuncional .
Un padre una madre presente en la vida del hijo ,no existiría ese transtorno",Non Support,No,No
2628,De que se quejan al final este 2022 para el futuro esa mierd@ es africa,Non Support,No,No
202,Todo un orgullo que nos representen en esta bella competencia . Simplemente se pone la piel chinita cuando ves este tipo de competencias. Mas si tuviste un accidente hace muchos años,Support,Group,Other
3031,"Yo nada mas quiero ver las caras de todos los ""ateo"" cuando la segunda venida de Cristo 😂😂",Non Support,No,No
2908,"Yo me quedo con la religion,   me basta con saber de que alguien creo algo tan perfecto la vida. La ciencia solo estudia algo que la religion creo",Support,Group,Religion
2582,Creo q soy pangenero xd,Non Support,No,No
2208,"Yo me identifico con el género automoviliario, y creo que me haré licuadorasexual",Non Support,No,No
3098,Por fin alguien que opina con base y equilibrio,Support,Individual,No
431,Orgulloso de ser Homosexual ✨🌈✨,Support,Group,LGBTQ
108,Claro Sport sin ustedes no tendriamos el corazón lleno de alegria y orgullo de nuestris atletas.,Support,Group,Other
1537,Acabo de descubrir que soy bisexual,Non Support,No,No
1493,existen dos generos y 112 tipos de gays,Non Support,No,No
1485,Yo estaba indeciso sobre si el bisexual o asexual pero no siento atracción por nadie así que asexual es lo que soy,Non Support,No,No
398,Orgullosamente heterosexual ❤,Non Support,No,No
1163,Wey ahora me volví LGBT 😅🤝🤝a re que no pero yo quiero cambiar me de género a masculino para ser gay wey no se pero quiero y me hace sentir que nadie te compare con el otro vos/otros sea libres y lo que quieran ustedes cómo quieran wey,Non Support,No,No
418,La Heterosexualidad es lo único que asegura la  continuidad de la humanidad.,Non Support,No,No
1753,Ojalá que se desaparesca esta mentalidad más estupida.,Non Support,No,No
1497,"Les digo de una solo hay dos géneros hombre y mujer, y todo el resto inventado es tonto y basura",Non Support,No,No
2521,zyzzgénero,Non Support,No,No
1139,Soy bisexual pero a la vez transgénero,Non Support,No,No
1865,yo me identifico como un helicoptero apache con una m360 en su espalda,Non Support,No,No
790,"soy 1000 por siento lesbiana
me da risa que todos mis compañeros de clase lo sepan y mi familia no
son demaciado religiosos y me quemarian viva si les dijera que no me gustan los hombres",Non Support,No,No
1115,"A mi me gustan las mujeres 
Por lo que entendí soy hetero :v",Non Support,No,No
361,"No sabía que venía primero, gracias 🧐🍷",Non Support,No,No
1712,Gracias puse su vídeo de alarma y me despierto 30 minutos antes,Non Support,No,No
2369,El que se mueva es gay toda la escuela *se vuelve estatua*,Non Support,No,No
285,Hasta ahi llegaron,Non Support,No,No
148,Pésimos comentaristas,Non Support,No,No
2133,Eras mi ídolo :/,Non Support,No,No
2428,cuando se curaran,Non Support,No,No
2896,De hecho la siencia si nos da una razón para vivir elevar el progreso del ser humano,Support,Group,Other
984,Yo solo bine por la curiosidad pero soy hetero,Non Support,No,No
2652,"Los bogotanos se sienten ""europeos en latinoamérica"" y la presencia de negros amenaza esta imagen que se empeñan en proyectar.",Non Support,No,No
2541,🏳️‍🌈👭👬 el día del orgullo,Support,Group,LGBTQ
1159,Su voz xD,Non Support,No,No
694,Yo no se cual es mi orientacion sexual todavia 🤔😔,Non Support,No,No
1929,"ESTE MUNDO CADA VEZ MÁS PEOR, MAS AÚN APOYANDO A COSAS ESTÚPIDAS.",Non Support,No,No
2383,Yo soy un dinosaurio rooaaa,Non Support,No,No
553,Ginosexualidad: que te gustan los trapitos.,Non Support,No,No
1008,PUES YO TENGO UNA HERMANA QUE ES BISEXUAL Y ES GENERO FLUIDO A UN ESTA PEQUE SOLO TIENE 13,Non Support,No,No
377,Critican porwue es realidad los géneros que inventan son estúpidos no purdo creer que llegamos a 2023 y ya esto es normal yo me uni a la quema de banderas y fue epico,Non Support,No,No
2127,"Quizás no lo entendí bien, pero tal como lo defines, no veo diferencia entre los géneros no binario, queer, no conforme y pangénero, solo veo formas diferentes de llamar al género no binario... Yo es que me considero no binario, vine aquí a aclararme y lo único que hago, es verme identificado con los 4 xD",Non Support,No,No
2338,"Existe xy y xx , si es xr o xtz ya es por cilindraje",Non Support,No,No
2550,"No es para atacar, pero hay que recordar que actualmente el pensamiento LGBT hace que los jóvenes mal interpreten unas cosas

Joven que lee: no decidas rápidamente un tipo de sexualidad y género por identificarte un poco, investiga y piensa si te hará sentir bien esa decisión.",Non Support,No,No
1457,Yo soy mujer y soy  no binaria,Non Support,No,No
1659,"Si eres hombre o mujer lo serás para siempre,de ahí a que pienses que eres otra cosa es cosa de ellos y además es un transtorno (disfonía de género),y los transexuales/transgénero no son del género opuesto al biólogico,solo son personas que piensan que son de otro género",Non Support,No,No
170,"Neta yo también lloro cuando veo este logro y los de muchos otros representantes que se la están rifando en serio, nuestros paralimpicos siempre sacan la casta por el deporte, ellos no andan lloriqueando que si les dieron la beca o no, ellos hacen mucho con tan poco, me da mucho orgullo verlos triunfar. Vayan por más",Support,Group,Other
1675,Solo enfermedades,Non Support,No,No
1563,"Yo soy sapiosexual, pansexual y no binario",Non Support,No,No
1813,Mi hermano es un Chico Trans,Non Support,No,No
647,"En mi caso soy en parte bisexual debido a a varias relaciones fallidas con chicas varias terminaron conmigo por motivos que ni ellas conocen y otras que termine con ellas porque eran sensibles, otras locas y yo me dije ""alv este mundo se ira a la mierda y ando aqui jodiendo o yendo a ambos generos*",Non Support,No,No
1239,Am soy lesbiana  y amo  ami  comunidad LBGT  y mi mamá  ya sabe de mi   horentacion sexual,Support,Group,LGBTQ
72,"Que gran triunfo, gracias por regalarnos escuchar el himno nacional durante la premiación...",Support,Group,Nation
1758,Que es el día del orgullo? Que es Gay y que es lesbiana?,Non Support,No,No
521,Yo soy asexual 🖤🤍💜😌,Non Support,No,No
2365,Como se les dice a tramsformes le puedo decif bombonbliir,Non Support,No,No
194,Felicidades arriba México y Latinoamerica,Support,Group,Nation
1277,una  pregunta y si una niña le dice a su mama que e gusta una niña sierto que eso una persona lo decide cuando sea mayor de edad,Non Support,No,No
2267,Pura mamada mi rey,Non Support,No,No
1305,"3:08 Soy una chica y soy Abrosexual, esto quiere decir que puedo cambiar de orientación cada que quiera, Por ejemplo: puedo decir que hoy soy lesbiana y mañana cambie de opinión y me sienta bisexual",Non Support,No,No
2813,JESUS ES EL CAMINO LA VERDAD Y LA VIDA NADIE VA AL PADRE SINO POR JESUCRISTO EL REY DE REYES Y SEÑOR DE SEÑORES ES NUESTRO ABOGADO ESTA SENTADO EL EN EL TRONO Y INTERCEDE AL PADRE POR NOSOTROS POR CADA UNO DE NOSOTROS AMEN..,Support,Group,Religion
1076,Soy un pepinillo  mirame morty,Non Support,No,No
1885,Me siento una mujer con pen3 y pelos en el sobaco,Non Support,No,No
3227,Felicitaciones  a nuestros hermanos colombianos pro la victoria desde Ecuador :),Support,Group,Nation
490,"creo que soy pansexual, grisexual o demisexual me interesa más los sentimientos pero en terminos realistas no te puedo asegurar lo que pasa despues de un tiempo",Non Support,No,No
2570,"serlo no es nada, es respetable, pero querer imponerlo a la mala no lo veo bien, esa es la diferencia.",Non Support,No,No
1073,Omg soy heterosexual,Non Support,No,No
1614,Que hermosa voz tienes =∆,Non Support,No,No
2851,"2:26 La teología inventa problemáticas imaginarias para ofrecer ""soluciones"" igualmente imaginarias.",Non Support,No,No
2690,"EL Mas Racista, Esclavista  y Manipulador fue Fidel Castro Ruz , Ejemplo Cuando fue Elegido Arnaldo Tamayo Méndez para Subir al Cosmos entre otros que eran Blancos .",Non Support,No,No
2864,"Te dice que fuiste creada para ser la esclava de una deidad imaginaria a la cual tienes que rezar y dar dinero para que no te queme por la eternidad? Que triste. 
El propósito de la vida es darle sentido a ella misma.",Non Support,No,No
3126,"Isaac Newton, quien, en mi humilde opinión fue el 2ndo mejor científico, era cristiano, y jamás chocó sus conocimientos con su fe cristiana.

Además, mucha gente, como en este video se menciona, piensa que la ciencia y Dios no es lo mismo, que ambas se contradicen mucho, pero yo pienso que es al revés, que ambas cosas son lo mismo, solo que varios piensan que están peleados.

Les daré mi opinión al respecto.

Yo soy cristiano, yo tengo mis creencias con Dios, pero como esta rivalidad ya se hizo global, y a través de años la iglesia ha estado peleada con los científicos, pues muchos cristianos que son fanáticos, llevan al extremo sus creencias y sus interpretaciones de la palabra de Dios para decir que muchas cosas que dice la ciencia no son ciertas, y otra, que está de moda, que cada científico nuevo que venga a descubrir o innovar algo, que se vuelva ateo, para que no intervenga la palabra de Dios con sus descubrimientos.
Yo pienso que ambas cosas están pésimamente mal, porque en vez de hacer debates al respecto para querer tener la razón, hay que, como dice el video, dialogarlo, tanto en científicos como cristianos.

Un consejo para los cristianos en especial: yo como su hermano, les digo que se acerquen a Dios para que les resuelva dudas respecto cosas que dice la ciencia.

Ahora, espectadores de la ciencia, no porque haya muchas cosas que diga la ciencia, quiere decir que el 100% sean ciertas, la ciencia se ha equivocado muchas veces, porque es algo hecho por nosotros los hombres, es decir, por gente imperfecta.
Y si solo te sostienes por lo que la ciencia dice, y muchos lo apoyan y lo avalan, es porque también existe el lavado de cerebro.
No estoy peleado con ustedes, solo es un punto en donde me gusta hacer mucho énfasis, porque como cristiano puedo decir, que aquí, el único que no se ha equivocado, es Dios.

Tanto la ciencia como los cristianos, hemos dicho algo, que Dios no se puede probar científicamente, pero tampoco se puede probar lo contrario, porque en mi opinión, es lo mismo.
Y yo solo tengo un argumento para decir que si hay un Dios, y ese es todo esto que vemos aquí, ¿de donde salió?

Es mi humilde opinión, gracias.",Support,Group,Religion
512,😂😂😂😂 Cada día es mas loco el mundo 😂😂😂 como siempre adoctrinando a las masas 😂😂😂,Non Support,Group,LGBTQ
1210,Yo soy bi >:3,Non Support,No,No
323,6:20 🔥 golazo,Non Support,No,No
52,"Felicidades Brasil por la medalla de plata 🥈 🇧🇷🎉🎉🎉🎉🎉🎉 
México por la oro 🥇🇲🇽🎉🎉🎉🎉🎉🎉
Felicidades Brasil 🇧🇷 🥈 México 🥇🇲🇽",Support,Group,Nation
44,"Eso Gloria!, eres enorme ❤🎉",Support,Individual,No
2881,"La ciencia dudo que trabsje con la teología como quien trabaja con un igual, se apoya mas en filosofías pero no en teologías cristianas. Sigo pensando que en temas científicos la teología como tal trata de tener una importancia que no merece. En la vida espiritual fe cada individuo ahí si tiene mas relevancia.",Non Support,No,No
1049,"Soy mujer, demisexual, heterosexual, pero como no me identifico con esto al 100%... Mucho gusto, soy Paola y no necesito etiquetas 😁",Non Support,No,No
1371,Yo soy bisexual y gracias a ti sali del closet aprendi que existen muchos como yo y me di cuenta de todos los generos,Non Support,No,No
421,Soy bisexual pero no salgo del clóset felicidades a todos,Support,Group,LGBTQ
2251,Yo bisexual y lesbiana,Non Support,No,No
2484,"Mi mamá les dijo a mis hermanos q los q se burlan de los  LGBT lo asen por q les tienen envidia de la libertad que ellos tienen al expresarse

(Esta bien tener diferentes gustos)",Support,Group,LGBTQ
2000,"Yo opino que hay DEMASIADAS etiquetas, está bien que la gente se sienta a gusto con sus pronombres, pero ya es demasiado, por qué la gente no acepta que cada uno es único tal y como es y que amar es amar, da igual como se haga?",Non Support,No,No
1775,"Feliz día del orgullo!!
Yo soy pansexual y genero fluido 
Gracias por explicar los géneros",Support,Group,LGBTQ
909,Aca los que no son gays 👇,Non Support,No,No
1519,No está el género mobiliario,Non Support,No,No
2810,en el nuevo testamrnto en q lectura  capitulo o versiculo esta q Cristo fundo la iglesia catolica,Non Support,No,No
2561,La sociedad no esta hecha para nosotros pero esta información ayuda.,Non Support,No,No
2580,que idiotez,Non Support,No,No
1081,Noo yo te veía en Kwai y ahora te encuentro en YouTube! Jdjdks,Non Support,No,No
2170,Nooooo era my canal favorito bueno adiós 😞,Non Support,No,No
1544,Me caes bien <3,Non Support,No,No
2773,La religio'n verdadera es la catolica,Support,Group,Religion
2018,Es muy importante saber bien tu identidad no solo ponerte una etiqueta por tu cuenta,Non Support,No,No
665,"mi madre cree en dios y un dia le preguntamos que pasa si uno de nosotros (mis tres hermanos yo yo soy mujer nahomy mujer y ale hombre) le salíamos ale gey y mi hermana y yo lesbianas ( fue pregunta y si los tres somos heteros) y nos dijo no pues a mi que me importa son sus cuerpos si ustedes tienen atracción por su mismo genero no sientan pena de decir me lo y que dios los bendiga y le dije ama  

ahora vamos por mi apa mi apa es devoto de la santa en mi casa tenemos una es muy linda su decoración y corona y pues a mi papa no le preguntamos pero seria tipo a que jotos se burlaria pero si escucha que otra persona nos dice eso dice le pega ( mi papa nos diria jotos pero de broma pero alguien nos ofende y mi papa no se aguanta los madrasos) pero obvio nos aceptaria",Non Support,No,No
365,"Nonono, esto es progresismo puro que mal que un canal de psicología esté promoviendo estás cosas tan sin sentido",Non Support,No,No
2192,vaya chorrada,Non Support,No,No
1166,"Soy asexual, soy lo peor ya que me enamoro pero sería inútil ya que moriré virgen y nunca cumpliré función en la vida XD",Non Support,No,No
507,Yo con el librito de biología básica: 🗿,Non Support,No,No
278,Me enamore de este hombre ❤,Non Support,No,No
310,pinchi golazo el primero,Non Support,No,No
1518,Grasias ahora puedo hacer mis ocs :D,Non Support,No,No
1279,"Super chido el video ✨️💕 , por cierto soy asexual arromantica y me siento orgullosa de ello aunque es mi gran secreto",Support,Group,LGBTQ
313,Vamos chicas mis respetos mucha clase y garra❤,Support,Group,Women
61,Bravo hermosa!!!,Support,Individual,No
1462,Tamadre Dios solo creo 2 géneros y solo se configuro xd,Non Support,No,No
2912,Hola Carlos que opinión puedes dar sobre el dinero. Y también me gustaría saber si puedes hablar del Network marketing...,Non Support,No,No
160,Esos son las y los Mexicanas que deberían de ser virales no las que venden fotos y los que cantan Narcocorrios,Support,Group,Women
1980,Feliz mes de LGTBQ+,Support,Group,LGBTQ
2340,Entre con dudas y sali confundido :'v,Non Support,No,No
2637,"No creo que sea un problema del bogotano como tal , la misma ciudad hace que sea dificil para absolutamente todos , por el contexto porque el que tuvo que pasar precisamente hace que la ciudad este llena de incertidumbre y desconfianza , pero tengo la gran certeza de que existen personas que hacen que la ciudad crezca; personas de diferentes lugares del pais , eso hace ser tan llamativa a bogota, negros mestizos mulatos blancos etc, pueden compartir conjuntamente en espacios de esparcimiento sin ningun problema , haciendo gala del gusto por conocer otra persona , otra cultura  , otro origen.",Non Support,No,No
801,"Yo soy trigenero (Hombre-Mujer-No binario) Lebiana-Heterosexual y Biromatic@, seguramente a nadie le importe pero quería comentarlo.",Non Support,No,No
2179,Alb esta bien chafa la nueva generación de pokemón,Non Support,No,No
2283,"Soy a rromantica like si lo eres
👇",Non Support,No,No
251,"Que orgullo y satisfacción ver este tipo de atletas, que..... aún carentes de extremidades, se esfuerzan y nos dan Felicidad a todos los mexicanos, ojalá y tuviéramos más como este tritón, que pese a todas las adversidades, es un Campeón en toda la extensión de la palabra, FELICIDADES CAMPEÓN !!!!! y que Dios te premie con muchas recompensas, ya que lamentablemente nuestros gobiernos NO lo hacen.",Support,Group,Other
2277,Demasido racista para mi gusto,Non Support,No,No
54,Que orgullo que haya sonado nuestro Himno (de la todavía República) en Paris 2024 !!,Support,Group,Nation
1741,Me siento indetenficado con un tanque Russo y bombas soviéticas,Non Support,No,No
2411,Hoy es el día de los gay?,Non Support,No,No
859,no sé si soy genero fluido o no binario. HELP PLEASE!!! :),Non Support,No,No
3075,la ciencia gana por mucho,Non Support,No,No
498,Lesbi 🧡   💗,Non Support,No,No
827,"Dios nos ama a todos, sin importar nuestra identidad o orientación sexual, deben saberlo (si a él no le gustara ni lo aceptara no permitiría que existieramos) soy género fluido y me gustan los hombres",Support,Group,Religion
164,"Que competición tan bárbara de la mexicana, no necesito brazos ni piernas para darse ventaja, ❤a puro corazon hizo un cierre increíble 🇲🇽🇲🇽🇲🇽🇲🇽🇲🇽🇲🇽🇲🇽🇲🇽🇲🇽🇲🇽🇲🇽🇲🇽",Support,Individual,No
2106,"Lo siento, no apoyo a lgbt+ pero cada quien<3 como diría mi abuela ""para gusto colores""",Non Support,No,No
2604,Inglaterra tendria que darle la posibilidad y portugal a los africanos ya q ellos les habian usurpado sus tierras,Support,Group,Black Community
1294,Animesexual,Non Support,No,No
1872,qu ascooooooo,Non Support,No,No
374,"Yo ese el Demisexual 
Uwu 💜",Non Support,No,No
2475,Solo esiten 2 gemeros los demas son ma3ada4,Non Support,No,No
893,"Se me hizo corto el vídeo xd jajaja Yo creo que soy aroace. A parte de sentirme bastante apática al respeto, he tenido algunos traumas. Me encanta ver parejas que les va genial en el amor en mangas o en amigas, pero vivirlo yo misma es un horror.",Non Support,No,No
1603,Cuantas estupideces.,Non Support,No,No
290,"Increible lo de mi montse 🦅🦅🦅 carreando el mundial para mexico, dos asistencias y 1 gol",Support,Individual,No
2933,"Que tu propósito no se puede definir científicamente, Claro que si. tu propósito es la carrera, sea artística, deportiva, profesional, ect. que mas serotonina produzca en tu sistema limbico, Si existe el alma esta dentro del cerebro.",Non Support,No,No
1752,Tiktak progre,Non Support,No,No
2768,yo no creo en el yeso ni en porcelana solo hay un Dios al que se DEBE ADORAR Y ES JESUS No maria ni José Gregorio Hernández  Jesús dio la vida por nosotros maria solo fue elegida para dar a luz a Jesús,Support,Group,Religion
864,Yo soy lesbiana y me enorgullezco de ser lo que soy,Support,Group,LGBTQ
1063,"No quiero juzgar, solo advierto que han sido engañados por los políticos creando el colectivo lgtbi para hacer chiringuitos y así siempre la izquierda ganar las elecciones aunque arruinen la economía cada vez que llegan",Non Support,No,No
1908,Yo soy no binario y estoy orgulloso de ello ^^❤️,Support,Group,LGBTQ
306,Esa arbitro se me hace muy guapa,Non Support,No,No
2621,"se dice Discoteca, no Boliche",Non Support,No,No
206,"Es una super atleta,me emocioné hasta las lágrimas 😢🎉😢🎉❤",Support,Individual,No
2976,"Claro que la ciencia no va en contra de la religión. Lo que sí que la ciencia ha comprovado que la biblia es mentira, ergo, el dios de la biblia no existe.",Non Support,No,No
3240,"La raza negra es más fuerte en sus genes y en el deporte de USA es evidente. Seguirá creciendo, porque la gente blanca no quiere tener hijos, sólo mascotas.  En mi país los Jamaiquinos vinieron para construir la vía  férrea,  los blancos morían de malaria. En éste país no hay racismo, todos tenemos las mismas oportunidades a DIOS Gracias.  Muy buen reportaje",Support,Group,Black Community
2047,"Macho y hembra ,lo demás es absurdo",Non Support,No,No
1760,"Yo me considero una persona trans económica, soy rico pero con cuerpo de pobre",Non Support,No,No
328,Que bien juega la selección femenil ❤,Support,Group,Women
2814,"antes cristiana y ahora catolica mentiras!!! la que es no deja de ser,  cristiana por ser de cristo y nadien va al padre si no es por el. en ninguna parte de la biblia dise que es la catolica la cristiana si!",Support,Group,Religion
855,La mayoria no tiene mucho sentido.,Non Support,No,No
1952,"Yo siempre respectaré a la comunidad LGTBI obviamente, pero  la Gen Z lo está convirtiendo en algo muy estúpido. Que verguenza ser de esta generación 😵",Non Support,No,No
2242,yo me identifico como una jojo referencia porque en el capitulo 208394 de la parte 7 steel ball run en la pagina 17 globo de texto 3 linea 2 palabra 3 letra 5 dice J y mi nombre empieza por J asi que me clasifico a mi mismo como jojo referencia,Non Support,No,No
3159,bueno yo creo que tiene toda la razon pero Dios no tiene la culpa de que el libre  albeldrio de la gente este equivocado Dios es amor y justo asì de simple desgraciadamente el hombre ha creado un Dios malo y vengador ... en fin  respeto su opinion despues de todo nadietiene el derecho de juzgar que bueno que usted tenga mucha ciencia en su vida pero un poco de Dios a nadie le hace daño. Saludos y bendiciones !! :D,Support,Group,Religion
256,Contodo guerreros,Support,Group,Other
1442,Yo soy una hormiga!😂,Non Support,No,No
2358,Porfavor matarme.......,Non Support,No,No
178,Que cerrado estuvo al final 🫡,Non Support,No,No
2839,no son para nada iguales la ciencia de la religión,Non Support,No,No
3057,La ciencia y la biblia concuerdan en que el universo tuvo principio,Non Support,No,No
605,"que puta mierda de video, los que comentan son bots o personas? porque no me creo que la gente sea tan pendeja",Non Support,No,No
104,"Ya sé me hacia que el Himno Nacional,  no estaba en el repertorio. Gracias 😢",Non Support,No,No
1108,Yo soy bisexual y pansexual :D,Non Support,No,No
814,Ejem en mi caso soy intergenero y en mi familia pues no se tocan esos temas de hablar sobre temas íntimos etc. buen video xd.,Non Support,No,No
920,Aqui los heteros de verdad😎👇,Non Support,No,No
1138,Soy Heterosexual soy mujer y me gustan los hombres😊😶,Non Support,No,No
2574,Yo soy bigenero😊,Non Support,No,No
579,Yo solamente soy sexual,Non Support,No,No
662,Me da pena decir pero yo soy todas las banderas 😳😳,Non Support,No,No
3015,ya espero el siguiente,Non Support,No,No
45,Sin duda lo que nos hace llorar a todos los mexicanos y más por todo lo que les cuesta a ellos llegar a ese lugar felicidades y gracias por hacer que mexico sea de oro en estos paralimpicos.,Support,Group,Other
3145,Habla sobre el movimiento rastafari,Non Support,No,No
2875,Un canal que fomenta la intolerancia. Y todo por ganar unos centavitos para tu canal. Se ve que tus principios y valores valen una mierda con tal de ganar dinero facil. Verdad.,Non Support,No,No
1862,"Oye podrías hacer un video sobre los poolrooms 

Son como los backrooms pero esos son piscinas",Non Support,No,No
1600,"Soy alguien  transgenero(chico trans) , pansexual  y poliamoroso",Non Support,No,No
1343,yo soy bisexual y transexual (me genero al nacer es mujer pero me ciento identificado con el genero opuesto) asi que estoy ahora en proceso de contarle a mis padres,Non Support,No,No
1386,Los líderes del género femenino masculino y 39 tipos de gay,Non Support,No,No
821,Yo soy hetero pero la verdad no apoyo a personas lgbtq pero esta bien que sean su propio genero pero a mi no me gusta apoyar solo esta bien para ellos vivir su vida 🗿🍷,Non Support,No,No
836,"Ayudaaaa😢
No se que soy...
Si me gusta el sexo, tengo necesidades pero 

El problema es que ninguna persona me atrae sexualmente, físicamente me gustan, elijo pareja basándome en su personalidad más allá de su género, eso no me importa.

Quiero una relación romántica, 
el vínculo emocional es muy importante para mí pero solo lo llegó a tener con personas que conozco después de mucho tiempo, no me acostaría con extraños, solo con aquella persona realmente amo.

Que Soy?",Non Support,No,No
1800,Yo soy el super sajayin son Gokuuuuu,Non Support,No,No
2499,Cambien la portada del cabal es 3 de julio,Non Support,No,No
1010,Una pregunta? Puedo ser no binario y pansexsual,Non Support,No,No
2889,"Buenas noches =) tenga, quisiera que me pudiera proporcionar algunas recomendaciones y publicaciones de donde obtuvo el material para la publicacion de este video la verdad me interesa informarme mucho mas a cerca del tema, yo estoy en pro de la ciencia y la religion, pero mas que religion creencia Fe, por que la verdad se me hace muy dificil creer en las religiones, pero la Fe la creencia de Dios no se me hace complicado, bueno creo que alargue un poco mi pregunta y espero con ansias su respuesta, =) =)",Support,Group,Religion
3151,"El problema es que ambos lados piensan que tienen la razón y que el otro es un enemigo y alguien que deben exterminar para sobreponer sus ideas. Tanto la ciencia como la religión han ayudado y afectado al planeta, pero no son éstas en sí las dañinas sino los que las practican y eso está en nosotros.  ",Non Support,No,No
1595,Que piensan de la transexualidad,Non Support,No,No
2529,"Aporto pochoclos,para la pelea de los comentarios
Agarrense:

🍿🍿🍿🍿🍿🍿🍿🍿🍿🍿🍿🍿🍿🍿🍿🍿🍿🍿🍿🍿🍿🍿🍿🍿🍿🍿🍿🍿🍿🍿🍿🍿🍿🍿🍿🍿🍿🍿🍿🍿🍿🍿🍿🍿🍿🍿🍿🍿🍿🍿🍿🍿🍿🍿🍿🍿🍿🍿🍿🍿🍿🍿🍿🍿🍿🍿🍿🍿🍿🍿🍿🍿🍿🍿🍿🍿🍿🍿🍿🍿🍿🍿🍿🍿🍿🍿🍿🍿🍿🍿🍿🍿🍿🍿🍿🍿🍿🍿🍿🍿🍿🍿🍿🍿🍿🍿🍿🍿🍿🍿🍿🍿🍿🍿🍿🍿🍿🍿🍿🍿🍿🍿🍿🍿🍿🍿🍿🍿🍿🍿🍿🍿🍿🍿🍿🍿🍿🍿🍿🍿🍿🍿🍿",Non Support,No,No
1311,"Habla de la graysexualidad- Es muy confuso por varias cosas que dicen, o sea, es como que no esta fijo que es pero existe-",Non Support,No,No
2025,Intersexual?? Que hablasss??,Non Support,No,No
2661,Yo lo se fuy a comprar algo de comer y me descriminaron y soy Norte Americana y me maltrataron muy feo por mi color y no soy  Colombiana en Bogota fuy como turista,Non Support,No,No
2125,el genero no esta impuesto por la sociedad xd,Non Support,No,No
2865,"¿por qué tiene que haber propósito para la vida? es algo que nosotros inventamos para creernos especiales, no encuentro la lógica para que haya un propósito, nosotros lo creamos para dar sentido a nuestras vidas, igual que dios, porque no entendemos como funcionan algunos fenómenos o nuestra existencia en sí queremos dar una explicación lógica, pero a mi parecer muchos toman la perspectiva sentimental y no la escéptica, el Dios en que la mayoría cree es en el dios de los huecos, todos los misterios que no son resueltos aún son atribuidos a dios, pero la ciencia avanza y ese Dios se hace cada vez más pequeño, e indica que la existencia de Dios no es necesaria para la explicación de los misterios.",Non Support,No,No
49,"GRACIAS GLORIA!!!Por regalarnos este gran momento tuyo!!!Escuchar el himno a lo grande, es memorable enimborrable!!!Un honor ser tu compatriota!!!Muchas felicidades!!!❤❤❤🎉🎉🎉",Support,Individual,No
1902,QUE NOOB XD,Non Support,No,No
946,AQUÍ UNA BISEXUAL ORGULLOSA .~. ^^,Support,Group,LGBTQ
2531,"Yo no respeto a los lgbt porque ya que si hay solo 2 generos y eso que ati te gustaria mirar a 2 hombres teniendo algo o a 2 mujeres teniendo alguna relacion pues esta mal 
Dios por eso nos hizo hombre y mujer no hizo mas generos solo existen 2 generos 👌",Non Support,No,No
2256,¿Y donde está el género locomotora náutica Apache x5772 ? (Humor),Non Support,No,No
1420,Soy una persona gay cis-genero y Ami no hay problema con las demás orientaciónes,Support,Group,LGBTQ
737,Yo soy mujer y me gustan los hombres solo eso (en pocas palabras soy hetero) y aunque la verdad no apoyo a los lgbt+ no los critico ni jusgo,Non Support,No,No
1898,**Los generos son para la música.**,Non Support,No,No
199,"La mexicana ganó. No tiene brazos para tocar, así que lo hizo con la cabeza, pero se noto que toco antes. Bueno la tecnología lo va a decidir.",Support,Individual,No
1041,Gynesexual falto no me acuerdo que significaba,Non Support,No,No
3059,"te ofrecemos la ciencia, el día, la vida, Señor, nuestras asperezas, nuestras necesidades nuestras glorias.  Pero hay que agradecer más y pedir más por las necesidades de Nuestra Eterna Madre, quién Hermoso regalo que por pecadores la despreciamos nefastos en nuestras cegueras.",Non Support,No,No
2945,"1.- la filosofía y la ciencia van de la mano.

2.- Es muy distinto la religión, la cual separa más de lo que une, mata mas de lo que nunca sana, y hace mas personas enemigas que amigas con lo que nos trajo al hoy.

las matemáticas y el arte han aportado, haciendo crecer a la humanidad como tal y cooperando en cuanto a respuestas y problemas como a la capacidad de expresarse.",Non Support,No,No
1883,"Una pregunta cómo me pudo referí a una persona no binaria para no ofender a es persona 

Y además como identificar a una persona omosexual ya que cundo conozco gente nueva me a pasado que los saludos guiandome por su aspecto físico y resulta qué son de género opuesto y les pasó a ofender sin querer 
 
Que pudo hacer 🤔🤔🤔",Non Support,No,No
2153,🏳️‍🌈✔️,Support,Group,LGBTQ
2878,Alguien que le regale un librito de anne bessant a este personaje,Non Support,No,No
762,Solo hay 1 hetero no leo lloros,Non Support,No,No
219,wooow!!! que gran final,Non Support,No,No
1978,Amor es amor y nadie puede cambiar eso LGBT+ 🏳️‍🌈🏳️‍🌈🏳️‍🌈🏳️‍🌈✔️✔️✔️✔️,Support,Group,LGBTQ
3,😭🇲🇽🥇,Support,Group,Nation
492,"Lo peor de todo en estos tiempos son estos psicólogos progres, vamos retrocediendo en vez de avanzar 👎",Non Support,No,No
1153,Oigan me quiero identificar con alguno de esos pero me pueden ayudar? Esque creo que soy Asexual porque solo me e enamorado 2 veces pero nunca sentí Atracción sexual entonces que chingados soy no sé si soy lesbiana asexual heterosexual pansexual bisexual o no se entonces alguien me puede ayudar ?,Non Support,No,No
2083,Na no mames como decia pepsi el genero es para la musica,Non Support,No,No
757,"Gracias Doc, casi nadie explica estás mamadas rápido y sin meterse en política.
En mí opinión solo existe 4 géneros 4 orientaciones y 3 sexos si cuentas a los nacidos con pseudohermafroditismo, aunque suelen tener uno predominante.",Support,Individual,No
2401,Yo no sé si soy de la comunidad LGBT!,Non Support,No,No
913,Yo soy queer,Non Support,No,No
1109,"Yo me considero aromático no enserió una vez intente forzarme a enamorarme y no no lo logre



Para los que no saben que es arromantio es cuando no te enamora ningún genero",Non Support,No,No
3001,"Frase dicha por el mismo Einstein: ""El hombre encuentra a Dios detrás de cada puerta que la ciencia logra abrir"", ademas como dato curioso era de descendencia judía.",Non Support,No,No
467,No entiendo 🤔,Non Support,No,No
943,gracias ahora a estoy muy segura de que soy bisexual(creo que haci se escribia),Non Support,No,No
3176,"Genial tema, quedo super pendiente de la parte 2... gracias por cada aporte en tus videos.... Bendiciones Magnas!!!",Support,Individual,No
1860,Yo soy jugar de free god 🏳️‍🌈,Non Support,No,No
2859,"Ciencia=modelos matemáticos explorando el mundo, Religión = alegorías poéticas explorando la psique. No se puede vivir sin ninguno.",Non Support,No,No
1805,"Mi bandera favorita es la transgénero 
💙💗🤍💗💙",Support,Group,LGBTQ
2144,Yo me siento hetero y soy hetero,Non Support,No,No
1844,Yo soy fluido y amante del Ace 😘🙌,Non Support,No,No
2936,una duda verdad q Dios no tiene genero,Non Support,No,No
12,"Muchas gracias Gloria Zarza Guadarrama, por darnos a la Patria Mexicana una gran felicidad al obtener medalla de oro😊😊😊",Support,Individual,No
580,Orgullosa de ser lesbiana🥳,Support,Group,LGBTQ
2872,"Entiendan que la religión es una CREENCIA, CREENCIA, CREENCIA, no está basada en hechos reales, algunas religiones como la cristiana, ayudan a formar a un humano como una persona de bien.

Si hubieses nacido en países en donde no existe Dios, Iraq, Pakistan (países en donde hay guerras, violencia, hambruna, crueldad y diversas cosas) y personas creyentes a la religión musulmana, (que por cierto es otra creencia pero esta, muy diferente), estarías ignorando a el verdadero SUPUESTO Dios creador de la tierra.",Non Support,No,No
2042,La gente sin atención en casa es rara,Non Support,No,No
1231,Yo casi era sapiosexual xD,Non Support,No,No
1666,Solo existe dos géneros hombre y mujer y un que les duela,Non Support,No,No
1868,Carita triste 😔😔😢😢😢😢😢😢😢😢😢😢😢,Non Support,No,No
330,"A ver, la portera se equivoca, Soto debes jalar el balón hacia lado izq no deshacerte de la papa caliente. Tranquilas,  Un segundo para pensar",Non Support,No,No
1822,Son huebadas,Non Support,No,No
1831,"Podrán sentirse lo que quieran pero en el momento que empiezan a ocuparlo para abusar de niños, eso es el colmo, y si no recuerdo mal a eso se le llama dismorfia de género.",Non Support,No,No
2087,Hola soy bichosexual por qué me gusta el bicho siuuuuuuuuu (humor),Non Support,No,No
1652,borra esas pendejadas,Non Support,No,No
2497,🏳️‍🌈🏳️‍🌈✨✨,Support,Group,LGBTQ
2760,"Hola.  Todo lo que dice este programa en algunos aspectos es verdad pero no en otros. Es tendencioso, caracteristica común al ser humano de cualquier colectivo cultural, étnico, racial, religioso, nacional, etc. Decir que el cristianismo es la verdadera religión es algo que tiene que ver con la fe simplemente, muy respetable, por supuesto, pero no hay manera de probarlo de una manera objetiva y racional. Además, decir que mi religión es la verdadera es faltarle al respeto a las demás fes de las distintas religiones no cristianas, que son tan dignas como la mía. Hay pocas personas respetuosas hacia otras creencias  Todas las religiones no son iguales, efectivamente, pero tienen puntos en común que hay que buscar, y no sólo las diferencias: todas intentan responder a las 3 grandes interrogantes: quiénes somos, de dónde venimos y adónde vamos, y éso ya es un reto tremendo. Todas saben y practican la oración, todas tienen grandes hombres y mujeres santos y santas, todas han levantado grandes monumentos a Dios, El Padre Celestial, todas tienen gente buena y mala, y un amplio espectro entre medias, todas tienen la buena intención de orientar al hombre hacia Su Creador, etc.,  pero todas, desgraciadamente, tienen en su haber miles y miles, o cientos de miles de muertos en el nombre de Dios, y esto último es lo que todas tienen en común, no sólo lo bueno expresado más arriba. Si pudiéramos reunir en una mesa redonda a los grandes fundadores de las grandes religiones estarían de acuerdo en un altísimo porcentaje con lo que significa la existencia, la vida, la muerte y el universo. Mientras que los millones de creyentes de esas mismas religiones estarían en desacuerdo en un alto porcentaje, con excepciones, tal vez no pocas, pero sí en su mayoría. Y encima todas están reñidas entre ellas, sobretodo en el cristianismo entre católicos, protestantes y ortodoxos, en el Islam entre chiítas y sunitas, en el judaísmo entre los judíos ortodoxos y los más abiertos, y en las demás como el hinduismo, budismo, taoísmo y sintoismo también, y me consta que dentro de ellas, ya que es común en el ser humano de toda condición social, cultural y religiosa. Practiquemos más la humildad, la modestia y la sencillez como han hecho las grandes figuras de todas las religiones, empezando por Cristo, y siguiendo con Buddha, Lao Tse, Mahoma, Moisés, etc.
   Saludos.",Non Support,No,No
1192,No mano yo me identifico como licuadora,Non Support,No,No
577,"Sinceramente no entiendo el porque de las personas de crear tantos géneros, si al final pelear por ellos no te van a servir en el futuro de nada, es entendible que quieras identificarte, pero seguiras siendo en apariencia y genética un hombre o una mujer",Non Support,No,No
2717,"El problema de ella esque ella consulta a su pensamiento y sus experiencias y no consulta a Dios , por eso la palabra de ella va vacia y sin sentido",Non Support,No,No
1141,"Transgenero 
Me siento más cómodo como hombre",Non Support,No,No
519,NO TE DEJES ENGAÑAR. ESCAPA DE ESA FORMA DE PENSAMIENTO.,Non Support,No,No
1799,"y hasta aqui te seguimos, desinformadores",Non Support,No,No
1339,"Aquí, Hetero asexual romántica",Non Support,No,No
967,Pensé que era hetero pero resulta que soy pansexual 😦,Non Support,No,No
88,❤❤si se puede ella nos da una gran leccion de vida ❤❤ ojala estos atletas si tuvieran mas apoyo aue los otros con su casi mérito,Support,Group,Other
389,tengo la opinión controversial de que la pansexualidad debe dejar de ser usada,Non Support,Group,LGBTQ
1613,"2:31 
soy un oso.",Non Support,No,No
659,Así que bueno soy bisexual,Non Support,No,No
1620,Soy etero alguien normal creo por que aun no soy muy grande y pues aun no se bien cual es mi orientación pero quiero decir que apoyo todas la sexualidades,Support,Group,LGBTQ
501,"Tengo un perro, que le gusta un árbol
Y un árbol que no se define que genero es??",Non Support,No,No
3084,"¿Por qué siempre al entrar en las cuestiones espirituales la conclusión siempre es Yhwh? ¿Por qué no Krshna, Ganesha, Amaterasu? Ponen un ""sistema"" para encontrar la verdad pero la siguen siempre con cierto nivel de sesgo.",Non Support,No,No
2195,me perdí. 😭😭,Non Support,No,No
1454,Soy intersexual❤,Non Support,No,No
300,"Siempre y cuando dejen a Tatiana Flores en el banquillo, este equipo saldrá victorioso.",Non Support,No,No
2522,Que es eso de no binario??? Sos hombre o mujer. Punto final,Non Support,No,No
307,"Falta tecnica para controlar la pelota, parecen jugadoras de futbol americano, quieren meter gol desde la media cancha, se ven muy amontonadas sin ningun orden de lo que deben de hacer en la cancha, se nota que el entrenador es un maleta.",Non Support,No,No
2320,puras jaladas que hacen los youtubers para ganar fama la nueva confiable,Non Support,No,No
2380,"""los generos son para la música, no para las personas""
~pepsi",Non Support,No,No
131,Felicidades lo hicieron mejor que los que estamos sin ninguna complicación,Support,Group,Other
2869,que explica la religión haber ?,Non Support,No,No
1408,"XD creo que soy no binario o bisexual?
Umm tal vez las dos",Non Support,No,No
1637,No soy hombre ni mujer soy un motor de lancha 3000 Apache 2.0 super saijayin fase 100,Non Support,No,No
1736,Solo existen 2 géneros lo demas son pendej,Non Support,No,No
404,Que asco.,Non Support,Group,LGBTQ
754,"Lo de sapiosexual es real?
😂😂😂😂
Por si acaso pregunto enserio, de verdad, quiero saber muy bien esto de lo LGBT 😊",Non Support,No,No
676,Yo soy poliamoroso,Non Support,No,No
2066,"A.... me pregunto........................

esto...

o son comentarios..............

o una guerra xd?.................",Non Support,No,No
911,"Me identifico como heterosexual, buena explicación de generos.",Non Support,No,No
1724,"Cuando me lo ponen en la escuela:
Yo: No mano re-turbio",Non Support,No,No
1612,Solo hay 1 genero heterosexual,Non Support,No,No
1901,Yo soy una persona macho que se identifica con un terreneitor 4x4 y le gustan las licuadoras gracias?,Non Support,No,No
1335,"yo soy bisexual, solo me meti al video porque no se de muchos generos xd",Non Support,No,No
1960,Noo tik tak se hizo gei,Non Support,No,No
1746,"Lo de lesbianismo, homosexualidad y transexual lo entiendo, pero lo demas no XD",Non Support,No,No
2754,"estoy confundido, yo pertenezco a la iglesia cristiana maranatha y aquí en video dice que la iglesia católica es la verdadera 🤔 ayuda!",Non Support,No,No
1875,Se icieron lgbt verdad?,Non Support,No,No
1876,No entiendo nada :(,Non Support,No,No
2640,Yo soy negro de Tumaco Nariño chilvi y vivo en Bogotá Av boyacá con 62 y no es difícil pero la diferencia es que tengo plata y por eso no es difícil,Non Support,No,No
1232,"Una pregunta bastante seria xd escuche a alguien en la pista decir yo soy fluido, asexual y bisexual pero acá la duda se puede ser los tres, bueno a decir verdad ese alguien es mi sobrina xd pero si",Non Support,No,No
959,WAAAAAA AYUDA ESTOY DUDANDO SI SOY PANSEXUAL U OTRO,Non Support,No,No
425,Faltó litrosexual y saphiosexual gracias por rl vídeo,Non Support,No,No
1609,Yo creo que soy más pansexual que bisexual xD,Non Support,No,No
1025,sabes que eres viejo cuando estubiste antes de que hubieran mas generos que pokemons,Non Support,No,No
927,Soy hetero por que no me gusta los hombres me gusta las mujeres a y soy hombre xd,Non Support,No,No
2740,"1:24
Heracles y Maui(y docenas de semidioses):
y yo que? Estoy pintado o que?",Non Support,No,No
1326,"soy bisexual y mis padres no saben
 :v",Non Support,No,No
1583,"es increíble lo enferla que esta esta sociedad
antes solo era hombre y mujer ahora por cualquier cosa ya hay otro genero pero si no piensas igual de todo te atacan pero a los que aún su mente no se les a corrompido les digo, no tengan miedo de revelarse contra esta sociedad",Non Support,No,No
1110,YO soy pansexual desde los 7 años,Non Support,No,No
2246,Yo nada mas quieri ser yo misma quiero jugar videojuegos quiero ser mas expresiva como los hombres sin portarme  como una mujer ya saben mas madura quiero usar un corte de cabellobque me guste y dejar la mierda de ropa wue tengo quiero colores mas vibrantes y menos femeninos odio las joyas y el maquillaje pero me gustan los chicos,Non Support,No,No
1574,Yo trassexual pasxesual y bexesual o😅 lebiana,Non Support,No,No
2838,"Jajaj un cristiano hablando sobre que lo viejo no es correcto, que ironía jajajajajja sus argumentos son los que me dan el humor de cada mañana ",Non Support,No,No
1243,"Yo en si soy bisexual pero no estoy segura ""^^ , la verdad es q todavía estoy muy pequeña para decidir eso, lo mejor sería llamarme hetero curiosa 😅, ya el tiempo lo decidirá",Non Support,No,No
2175,"Gente una pregunta, si una persona es no binaria ¿ Cómo serian las orientaciones sexuales de estas personas?",Non Support,No,No
353,Qué barbaridad otra vez cometiendo los mismos errores; pues que enseña la entrenadora Galindo? Que le hagan un mundial para pegarle al poste a ver si así ganan un mundial.,Non Support,No,No
2379,Se fueron a la mrd,Non Support,No,No
2016,Se me cayo un ídolo..,Non Support,No,No
2557,"soy de genero fluido y bisexual 
 wii
feliz dia y mes del orgullo a todos <33",Support,Group,LGBTQ
2185,Se me callo un gande,Non Support,No,No
2030,Yo ya sabía aeso Porque Melo enseñan la maestra de educación y mi maestra pero no mi importa escucharlo de nuevo,Non Support,No,No
2890,Tu vídeo es muy confuso 🤔,Non Support,No,No
2124,Me pregunto porque en este canal jamas hicieron la historia de jesus y el amor incondicional que es,Non Support,No,No
2288,Tanta vídeo para entender que existen dos géneros xD,Non Support,No,No
1945,Soy hetero y me siento muy agusto siendo 100%siendo hetero🧐🍷,Non Support,No,No
1099,Yo soy bisexual pero lo mantengo en secreto porqué no se si mi papá y mi familia estén de acuerdo 😢,Non Support,No,No
1125,Yo soy trans... Portista XD,Non Support,No,No
1259,en resumen solo exiten 2,Non Support,No,No
2159,"Estas categorías seudo científicas en realidad son tribus urbanas. Al final es el sexo cromosómico es el que decide si somos hombres o mujeres, lo demás son tonteras, salvo los pocos humanos que nacen con trastornos de diferenciación sexual como los síndromes de Turner y
 Klinefelter. Estos son anomalías cromosómicas. Los obtusos de la ideología de género pretenden justificar sus hipótesis seudo científicas basándose en estos trastornos.",Non Support,No,No
918,Rock Lee,Non Support,No,No
372,"Bueno, yo no apoyo esto pero quedó muy bien el video",Non Support,No,No
583,"No sabia que habian tantas,gracias por explicarlo; pero para saber bien bien debo estudiar todos estos conceptos 😮",Support,Individual,No
1687,Soy visexual tuve un novio patan pero haora soy feliz con mi novia ❤,Non Support,No,No
670,Mi  ermano es trans y yo soy bisexsual y mi ermano menor es gey,Non Support,No,No
3074,"Exactamente, nada tiene que ver la Ciencia, con la religión. La ciencia se encarga de la realidad, de lo observable, aporta muchas pruebas y se basa en el escepticismo y declara NO TENER VERDADES ABSOLUTAS. La religión por su parte se encarga de lo imaginario que dizque va más alla de nuestros sentidos, estudia mitos de los que no aportan ninguna prueba objetiva, se basa en la fe, y declara tener VERDADES ABSOLUTAS.",Non Support,No,No
1353,"Flaco,estas rolas no deberian existir,con 2 generos ya es suficiente....",Non Support,No,No
1630,"Quien de aquí es Asexual?

Yo me identifico!
👇",Non Support,No,No
83,Que hermosa es nuestra bandera y nuestro himno nacional muchas felicidades por la medalla de oro a nuestra hermana Gloria,Support,Individual,No
1374,solo hay 2 generos eso son derivaciones en los gustos,Non Support,No,No
2562,Aww como te dio la idea ahora si que me agradas ;),Non Support,No,No
585,Cada día se aprende algo nuevo,Non Support,No,No
2199,Feliz dia del orgullo 🏳‍🌈 soy hetero pero apoyo la comunidad LGBT,Support,Group,LGBTQ
3234,"Yo nací en México y me considero Mexicano. Creo que aquí en México solo hay una raza y es la raza Mexicana. Ya me imagino los de tes blanca diciendo (Yo me considero anglo mexicano) la verdad que nunca he oído decir a una persona blanca que diga  así., yo soy moreno y mis hermano mayores son blancos, su papa de ellos era español pero nunca e oído que digan que son mas que yo y mis hermano morenos y uno de mis mejores amigos es de tes blanca y nunca me han hecho menos por mi color de piel. la verdad que yo veo por igual a una persona de la costa chica de guerrero que a una persona  (teenek) de la huasteca potosina y a un güero de los altos de Jalisco,  la verdad aquí en México somos un mismo pueblo.",Support,Group,Black Community
1341,Yo soy bigenero y casi nadien sabe de que es eso porque lo confunden con bisexual,Non Support,No,No
1774,"yo me siento Marciane, me parece fatal que no nos incluyas. Estaría bien que les mandaras este vídeo a gente de la religión que no come jamón, y dedicárais esfuerzos en cambiar leyes en paises donde NO respetan el colectivo LGTBI, en lugar de hacerlo donde sí se nos respeta y acepta(al menos mayoritariamente) desde hace ya años. Que mande video quién se manifieste en Qatar por ejemplo.",Non Support,No,No
354,"Prece obvio lo que voy a mencionar, pero el momento clave del partido fue justamente el penalty fallado por parte de las australianas. De ahí en adelante se fueron para abajo y ya sólo les quedó defenderse a capa y espada. Asimismo, el primer gol fue francamente circunstancial y eso todavía sepultó más sus aspiraciones de ganar el partido",Non Support,No,No
2568,"No se, yo soy normal",Non Support,No,No
2799,Como  pueden  decir que  la religión  católica es la verdadera.. si lo primero que la biblia  enseña es el de no adorar ni incarse a una imagen. La religión  catolica : adora alas imágenes no a Dios .. HUYAN DE LA IDOLATRA.,Non Support,No,No
239,"No solo me encantó el oro de nuestro querido representante, sino que también me encanto ver esa linda amistad deportiva entre los deportistas.",Non Support,No,No
2716,"ALGUN CUBANO PUEDE AYUDARME, POR FAVOR? No entiendo bien lo que dice. 
En el minuto 7:36, La investigadora y profesora de la UH, Lazara Menéndez, dice ""seguir en el chapuleteo""? 

Alguien puede decifrar qué palabra exactamente dijo después de ""mira, yo lo que me pregunto es, hasta qué punto... mira, seguir en el ------------""?


Chaculeteo?",Non Support,No,No
2671,Falto un proceso investigativo más amplio por ejemplo la primera marcha anti racista en Colombia fue en la ciudad de Bogotá.,Non Support,No,No
525,orgullosa de ser bi 🩷💜💙,Support,Group,LGBTQ
1748,Si binario querías desir,Non Support,No,No
1380,"Soy litsexual :]

Litsexualidad: estas personas experimentan atracción hacia otras personas pero sin la necesidad de ser correspondidos.",Non Support,No,No
691,Para mi soy un poco sapiosexual,Non Support,No,No
2833,"Actualmente la teoría mas aceptada por los físicos es La Inflación Cósmica que se basa en que hace millones de millones de años solo existía un campo irregular y con muchas curvaturas llamado Inflatón, este en un momento dado se excitó en un cierto punto provocando que en una pequeñísima fracción de segundo se expandiesen los horizontes del universo hasta un cinquillón de veces más (1000000000000000000000000000000). Esto como es lógico desprendió una enorme cantidad de energía, que fue trasladada a los campos que generan la materia (véase el Campo de Higgs) aunque ese proceso de transmisión de energía se conoce mejor como el Big Bang.",Non Support,No,No
1543,A mi me confunden con un niño solo por tenes el pelo corto,Non Support,No,No
1947,No mamen soy gay y odio a los no binarios,Non Support,No,No
865,no se quede mas confundida,Non Support,No,No
143,"Ojalá dieran más difusión a la competencia de estos atletas, que siempre tienen grandes resultados, ser atleta en latinoamerica es difícil, pero ser atleta paralimpico le agrega un extra a la dificultad.",Support,Group,Other
832,yo soy heteroaliado,Support,Group,LGBTQ
1487,"en mis tiempos se le llamaba querer a alguien jajajajajajajajajajajajaja 😂😂😂 bueno yo entre porque de verdad necesitaba saber, cada vez que pregunto alguien de la comunidad LGBTQ+ que es queer me regañan y ya me da pena 😢",Non Support,No,No
1788,El siguiente video puede ser por favor de la historia de Gautama Buddha,Non Support,No,No
1683,yo amo es genero amo a todos,Non Support,No,No
1861,Solo hay 2 generos lo demas son mamadas >:v,Non Support,No,No
1272,aqui podemos ver a un revrendo pendejo ofendido,Non Support,No,No
2057,Identidad de género o imaginación de género? 🤔,Non Support,No,No
350,Bien por las niñas arriva México,Support,Group,Women
547,"Aviso o no.

Bueno, quiero decir algo acerca de los comentarios, me gustaría aclarar que de alguna manera veo a muchos ""homofóbicos"" o digamos ""religiosos"".
Bueno,aquí tengo una duda,  ¿Por qué extraña razón ustedes ""homofóbicos"", se ponen a escribir cosas digamos, ""feas"" en los comentarios? , ¿qué tipo de problemas les causa la gente así? ,¿por qué las atacan diciendo que esto es lo peor del universo muy ""universal""? , esto no es algo que les afecte a ustedes, no hay necesidad absoluta en discriminar gente a lo mero ""pendejo"", por así decirlo, no pasa nada en que una persona ""Lgbt"" respire, no hay nada malo. Si no les gusta esto, pues entonces vean otras cosas, salten los videos, pongan no ""recomendar canal"" o simplemente ni si quiera entren, imagino que muchos entran sabiendo que no les gustará.


Porfavor gente, la discriminación está siempre peor y ustedes están favoreciendola cada vez más, enserio llegamos a extremos de creernos superiores a alguien ""Lgbt"" simplemente por ser ""heteros"" , eso es una molestia y técnicamente es bullying y discriminación hacia la gente, las redes están llenas de esto y esto me da vergüenza por el mero hecho de ver lo ""tarados"" qué estamos todos ahora (eso me incluye), ¿no prefieren ponerse a hacer algo productivo en su día que estar en las redes?, antes de que me digan algo, yo justamente he terminado mi día, no digan que también haga algo, no juzguen nada y tampoco quiero una trigésima guerra mundial aquí, adiós se me cuidan completos desconocidos los cuáles nunca me agradó conocer en línea.",Non Support,No,No
1559,Yo soy Bisexual.. Es que siento atraccion por una de mis amigas😪,Non Support,No,No
2356,Yo soy de género bandera de Perú👻👻👻👻👻wazaa,Non Support,No,No
226,Felicidades un orgullo para México!! Saludos,Support,Individual,No
1167,"""Los generos son para la musica,No para los personas""
-pepsi",Non Support,No,No
3064,"que los científicos tengan una forma filosófica de compre algunas preguntas existenciales no significa que sean religiosos... 
Aunque si la ciencia no tiene repuesta a todo, pero tampoco inventa respuestas. Muy buen video :3",Non Support,No,No
1547,Yo soy Pansexual <33,Non Support,No,No
1429,Ayud- me di cuenta que soy bisexual CUANDO PADO ESTO AOSHSOSJS,Non Support,No,No
2777,Pero el pueblo de Isarel es Judaísta,Non Support,No,No
1968,Que gente mas $.+.u.p.i.d.@. para explicar la locura,Non Support,No,No
1323,"Yo soy un helicoptero de ataque a tierra Kamov Ka-52 Caiman y soy el principal helicoptero de ataque a tierra de el Ejercito de la Federación Rusa, actualmente me e desplegado en Ucrania y sigo en combate😐",Non Support,No,No
2410,"Pero siguen siendo hombre o mujer, se perciben como un helado pero sus hijos van hacer nena o nene, No helado de chocolate o vainilla",Non Support,No,No
2710,El hijo de Jose Martí fue responsable de la matanza de más de 6000 negros en cuba en 1912.,Non Support,No,No
333,"Las mujeres una vez más,  dando la cara por el fútbol mexicano. 👏🏼👏🏼👏🏼",Support,Group,Women
2915,"Buenas tardes, e estado pensando, si dejar la iglesia por estudias física, no dejaré mis creencias, soy C. Bautista, esque en mi iglesia quieren afuerzas que todos los jóvenes seamos pastores, misioneros etc. y no se a cien si sea eso verdad, son muchas preocupaciones,  responsavilidades etc, y sinceramente no puedo con ello, se que en la física es lo mismo, y igual, quisas más, pero es lo quee llama más la atención, no nací para la iglesia, llevo 6 meses siendo cristiano ""según"" pero desde niño, la ciencia ha sido lo que me llama más la atención, mis creencias biblicas no desaparecerán, la física es para lo que nací, y la iglesia... siento que no podré, se que pensarlo así es malo, pero estoy echo para la ciencia, no puedo, que me recomiendan?",Non Support,No,No
1707,Me siento identificado como among us,Non Support,No,No
248,"Una gloria del paralimpismo mexicano y figura del paralimpismo mundial, ser cuatro veces campeón paralímpico no es fácil",Support,Individual,No
1526,Solo hay 2 putos generos.,Non Support,No,No
1681,Yo ya no se ni que soy,Non Support,No,No
284,Colombianos gracias por apoyar ala niñas. De mexico voy mexico y Colombia,Support,Group,Women
413,"Recuerden: la heterosexualidad NO es normal, es COMÚN",Non Support,No,No
2174,feliz día a la comunidad LGBT cada quien es feliz a su manera y se debe respetar.,Support,Group,LGBTQ
2336,YO ME SIENTO MUJER XDDDDDDDDDDDDDDDDDDDDDDDDDDDDDDDDDDDDDDDDDDDDD,Non Support,No,No
816,"Yo vengo de una familia evangélica, mi familia de parte mamá y de parte papá son evangélicos, tengo familia que es homofobica pero igual tengo familia que respeta a los homosexuales y heterosexual por igual, yo respeto mucho a la comunidad LGBT y mis padres me dijeron que si yo o algunos de mis hermanos salimos del clóset nos ivan a amar y respetar igual.",Support,Group,LGBTQ
1558,Yo me di cuenta que era bisexual A los 9 años XD,Non Support,No,No
102,A HUEVOOOOOOOOOOOOOOO,Non Support,No,No
1421,Soy no binario o pansexual NO SEEE 😦😦,Non Support,No,No
2783,"Los católicos no son mayoría en el mundo y imponer una fe y una religión no es Dios, si existe un creador Dios obviamente tiene que ser universal que representa a todos en si un padre es padre de todos no de uno solo sin favorito pero lamentablemente divide y vencerás y esos han hechos las religiones más que unir han dividido la hermandad y la libertad del hombre ser humano, el día desaparesca las religiones empezara para la humanidad un nuevo comienzo un verdadero despertar de la consiencia las religiones no representan al verdadero creador y la naturaleza las religiones son impostoras del verdadero Dios",Non Support,No,No
1185,Género fluido y pansexual-,Non Support,No,No
889,🏳️‍🌈🏳️‍🌈🏳️‍🌈🏳️‍🌈🏳️‍🌈🏳️‍🌈🏳️‍🌈🏳️‍🌈Lesbiana,Support,Group,LGBTQ
1373,yo soy zsexual la atraccion por las Z,Non Support,No,No
1933,Yo soy Trans-formers 😎👍,Non Support,No,No
2959,"Para los que dicen que la fe y la ciencia son enemigas, averigüen por que la época del Renacimiento recibió ese nombre.",Non Support,No,No
3100,"Me gusta esta. me asé pensar que la ciencia estuvo siempre alado de la región. Solo el hombre que no sabe, separan las dos como si fuera dos cosas ajenas. mas esas dos cosas se buscan como hermana pérdidas, confundidas y peladas. No hay mas que confusión",Support,Group,Religion
1998,"""solo existen 2 géneros, lo demás son pendejadas""
-yo",Non Support,No,No
1317,"Ahora mismo soy Lesbiana demichica, pero últimamente dudo muchísimo de si sea género fluido, y a veces dudo un poco de si soy lesbiana birrómantica xd",Non Support,No,No
2217,OYE UNA PREGUNTA ESTE VIDEO SE TRATA SOBRE LA MIERDA cierto,Non Support,No,No
532,Yo ni se que soy creo que debo esperar mi destino,Non Support,No,No
642,Yo me identifico como un motor de lancha,Non Support,No,No
2022,En conclusión es basura proge,Non Support,No,No
1107,Dios perdonanos por tanto depravacion y por lo peor que hemos hecho 😔,Non Support,No,No
2235,"yo hasta ahora soy bix, pero en mi opinion en las escuelas o los papas tienen q hablar de estos temas con sus alumnos o/e hijos mas q nada para que los niños no se confundan por que, talvez lo an escuchado en alguna parte y pues al no saber q es los niños van a deducir sus propias respuestas",Non Support,No,No
3137,No estoy en contra de la ciencia y la verdad yo llegue a plantearme eso muchas veces pero me quedo con algo de el vídeo en lo que el dice que como la ciencia nos aporta tecnología etc. gana o nos debemos quedar con ella viéndolo desde el punto científico el mal uso de la ciencia esta destruyendo la tierra el mal uso de la tecnología el querer llegar mas allá con el conocimiento lo mismo que los experimentos en animales la verdad es que no entiendo el propósito de porque la vida de una persona vale mas que la de un animal según los cientificismos ya sea basado en creencias o no la tecnología esta destruyendo la naturaleza el hombre esta destruyendo la naturaleza sin darse cuenta de que también es parte de ella.... Esta es mi opinión no se que opinaran los demás pero respeto al que piensa diferente me gustaría que respeten mi pensar.,Non Support,No,No
1137,Pensé que pansexual era atracción con los panes XD :'v,Non Support,No,No
2663,"Hola! Tengo una duda, mis padres son de Valledupar y mis hermanos y yo de Bogotá. El tener el tono de piel oscuro y cabello rizado me hace automáticamente afrodecendiente, verdad? o de qué otra manera se identifica uno? Por favor",Non Support,No,No
1267,"Solo entendi que son como 50 clases de gay.
Sin ofender",Non Support,No,No
482,Tantas mamadas y al final les va gustar pene o vagina,Non Support,No,No
192,"Para mi los paralímpicos son mas sorprendentes que los olímpicos. Ver humanos con condiciones limitantes, hacer deportes de alto rendimiento mejor que una persona sana, es admirable. Esos paratletas tienen mejor condición y resistencia física que una persona.",Support,Group,Other
1811,ACLARACIÓN: TODOS LOS LGBT O PERSONAS QUE LOS APOYEN ARREPIÉNTANSE SI QUIEREN ENTRAR AL REINO DE LOS CIELOS,Non Support,No,No
1533,"Que Mamada acabo de ver? 



Me lo recomendó yotube",Non Support,No,No
782,"La verdad es que antes pensaba que era Bisexual, pero poco a poco me he dado cuenta que soy lesbiana, no siento ni sentí “atracción” hacia un hombre. Ahora que me he dado cuenta de mi verdadera orientación sexual, me siento más “comoda” por así decirlo.
Chisme mio porque se que te gusta: en 2022, mi “amiga” me dijo que la acompañara al baño, cuando llegamos al baño, me agarró de la cintura y me besó, luego de eso simplemente me dijo: nose si sos lesbiana pero me re gustas.
Me quedé parada en el baño intentando procesar lo que pasó. Debo de aclarar que fue el último día de clases, y como me mudé de colegio jamás la podré ver de nuevo. 😿
Y no, no tiene WhatsApp ni redes sociales, sus padres son DEMASIADO estrictos. 😿",Non Support,No,No
826,"Dentro de los progres, prefiero los LGBT q la feminazis. Alguien piensa igual?",Support,Group,LGBTQ
1204,.-. Dios mío que revuelto,Non Support,No,No
1360,Solo hay 2 géneros sin contar el ermafrodita,Non Support,No,No
1988,Tik tak draw despues de x en lgtb:💰💰💰💰💰🤑💲💲🤑💲,Non Support,No,No
1940,Pateo un bote de basura un Gai que le ases A mi casa,Non Support,No,No
1423,Creo que soy bisexual:v,Non Support,No,No
1121,Yo soy mujer y soy bi,Non Support,No,No
38,"Que alegría Gloria, que alegría!!!👏🏻👏🏻👏🏻👏🏻👏🏻👏🏻👏🏻👏🏻👏🏻👏🏻👏🏻🇲🇽🇲🇽🇲🇽🇲🇽🇲🇽🇲🇽👏🏻👏🏻👏🏻👏🏻👏🏻👏🏻",Support,Individual,No
2254,Yo soy heterosexual :D,Non Support,No,No
1879,"Heterosexual,homosexual,asexual,bisexual y nada mas y las personas pueden twner los organos de un hombre y expresarte como una mujer pero seguis siendo hombre",Non Support,No,No
619,Yo soy una mujer cis-genero bisexual y me parece bien lo que enseñas en este video ^^,Support,Group,LGBTQ
3033,la ciencia no es enemiga de la religion ni hoy ni nunca sonn totalmente opuestas pero an en contrado un punto de tolerancia que no les permite retarse por cuestiones de conveniencia o podria ser que la ciencia aun no encontrado la fformula para pulverizar a la religion . como filosofo pienso que la informacion que nos brinda la ciencia hoy en dia es suficinte para aniquilar la postura fragil de las religiones,Non Support,No,No
2764,Muchas bendiciones para todos los hermanos y hermanas de la familias de San José en tekton amén,Non Support,No,No
2287,Yo soy Género Fluído,Non Support,No,No
3088,"este tipo no sabe de que habla, me da risa ver a religiones intentando entender la ciencia.
-Típico ateo que cree que el ser ateo te hace más listo, o que por el echo de que alguien sea cristiano no sabe nada de ciencia, cuando 8 de los 10 IQ más altos del planeta son teistas, y uno de los físicos más renombrados e importantes era cristiano...",Non Support,No,No
2444,"Nope. Información errónea. Vos no sos mujer porque querés, porque lo dice un papel, o porque la ley diga que sos mujer. Si naciste con pito sos varón y punto. No importa que quieras ser mujer. 

Una analogía sería sacar una ley de que los burros vuelan. Aunque legalmente diga que los burros vuelan, los burros nunca volarán en la vida real, independientemente de si la ley dice que vuelan o no. 

Así que no se dejen engañar. Si naciste con pito sos hombre, y sis naciste con vagina sos mujer, y punto.",Non Support,No,No
773,"Falta el culosexual, capybarasexual, cacasexual, messisexual, aldeanosexual, paredsexual, cajasexual, etc etc",Non Support,No,No
2977,que excelente explicación! ^^ no todos tienen ese punto de vista.. en sí van de la mano.,Support,Individual,No
495,"En serio no comprendo para qué tanta ""diversidad"" si algunas son exactamente iguales a otras, y ni siquiera tienen sentido algunas. Ya solo falta que definan las que sienten atracción sexual por los extraterrestres!! 
A veces creo que mucho de esto solo sirve para confundir a las jóvenes (ninios) generaciones o los que no saben ni como definirse.",Non Support,Group,Other
2771,"NO CREO KE ESTA RELIGION SEA LA VDDERA, TODOS ACOMODAN A SU CONVENIENCIA LAS ESCRITURAS Y MAS LA CATOLICA YO NACI EN UN HOGAR CATOLICO Y LA VDD ME DA VERGUENZA DECIR KE SOY CATOLICO ES MAS RENUNCIO Y RENUNCIE A ESTA RELIGION PEDORRA Y LLENA DE MONOS Y MONAS Y SACERDOTES ABBUSADORES .. ME DA VERGUENZA",Non Support,No,No
51,No gano oro en los Olímpicos pero si en Paralímpicos muy bien México,Support,Group,Nation
2128,Feliz día del orgullo 🏳️‍🌈(-: 🏳️‍🌈🏳️‍🌈🏳️‍🌈🏳️‍🌈☺️🤟🤟🐰,Support,Group,LGBTQ
2644,"Yo creo que no se discriminan por el color es su forma de ser de algunos afrodecendientes  y muchos se escudan en el tema del racismo  para tener algún tipo de justificación. Es lo que he podido notar yo sé que no son todos pero si quizás muchos tuvieran una mejor actitud seria muchos mejor todo  , Definivamente no es el color piel .NO QUIERO OFENDER A NADIE , disculpas por si lo hago  , y todos sabemos como actuamos y con qué actitud salimos al mundo y vuelvo a decirlo Definitivamente no es el color de piel",Non Support,No,No
1377,Solo existen dos generos hombres y mujeres ._.,Non Support,No,No
1112,Muchos confunden lo arromantico con asexual,Non Support,No,No
1639,"no tiene de malo ser gay o hetero o bis, etc lo que importa que la gente o sus familiares les acepte como eres porque eso no nos ase diferentes porque somos personas iguales que las otras asi que amense como son ❤❤❤❤❤❤❤❤❤❤🏳‍🌈🏳‍🌈🏳‍🌈🏳‍🌈🏳‍🌈🏳‍🌈🏳‍🌈🏳‍🌈🏳‍🌈🏳‍🌈🏳‍🌈🏳‍🌈
les contare mi historia señores
yo normal en inicial a mi me gustaba las mujeres pero al pasar los
dias en primaria yo normal era hetero pero en segundaria unos 
amigo y yo jugabamos la botella borracha pero me tocaba besar
a un gay pero lo ise pero senti como si me gustaba un poco
pero luego me ise amigo de el pero mis amigos lo melstaban pero yo lo defendia
y nose porque lo ise pero el me di un beso de agradecimiento

denle like para la parte 2 de mi historia 👍👍👍👍👍👍",Support,Group,LGBTQ
2784,Sin excepción de persona si quieres saber la verdad Cómo empezó la religión católica Investiga la religión católica no es cristiana Investiga Quién fue el culpable de tantas muertes en la llamada Santa Inquisición que de Santa no tuvo nada pues diabólica inquisición Investiga Quién fue Constantino el grande Investiga Cómo empezó el papado y cómo se han hecho de tantísimo dinero Y cómo han engañado al mundo,Non Support,No,No
1740,No son hombres ni mujeres son Terranator radio control el coche más poderoso que ha existido con tracción 4x4 y dos turbo motores.,Non Support,No,No
2751,"Hay tres razones o tres fuentes dónde podemos encontrar la verdad. La creación de Dios, La Palabra de Dios (La biblia), y Jesús.",Support,Group,Religion
1591,Hetero pero respeto a todos sin importar su género o orientación sexual yo tengo ex compañeros que pertenecen a la comunidad lgbt y una chica con la que hablo en animo creo que es parte no se,Support,Group,LGBTQ
2576,La inteligencia* humana cada vez más en decadencia,Non Support,No,No
1785,"no men hasta aqui llego mi suscipcion, aparte el logo del canal. No men",Non Support,No,No
3123,"Saludos Carlos, te recomiendo leas un libro llamado Discipulando las naciones  del Dr Darrow Miller. El Dr Miller en Discipulando las aciones ""construye una poderosa y convincente tesis de que la verdad de Dios no sólo rompe las ataduras espirituales del pecado y la muerte, sino que puede librar sociedades enteras del engaño y la pobreza.""  Este libro te ayudara a exponer cosmovisiones contrarias a la bíblica y por supuesto la bíblica. 
",Support,Group,Religion
962,"Amo, sinceramente hay una variedad enorme de identidades y sexualidades, yo soy Transexual y Gay, y no, no me he hecho operaciones, sigo teniendo el cuerpo de una chica, esto es a veces confuso pero es porque en el Paraguas trans hay varias identidades por si decirlo😿",Support,Group,LGBTQ
2351,Soy pansexual y me encanta serlo💟,Non Support,No,No
3241,Yo soy afrocolombiano y me siento orgulloso de mis raíces,Support,Group,Black Community
1841,feliz mes del orgullo <3 (re tarde xd) por cierto soy no binario :),Support,Group,LGBTQ
1679,Solo existen dos generos duela a quien le duela.,Non Support,No,No
2826,Quiero ver una pelea entre dalas y este tipo :v,Non Support,No,No
2329,uch que asco no quiero oir es es asqueroso y tonto,Non Support,No,No
1033,Yo soy lesbiana pansexual bisexual asexual polisexual  xd tengo vários,Non Support,No,No
2641,"Soy de Bucaramanga y soy como negro tipo morado, vida de mierda y mi papá es totalmente blanco y mi mamá no tan morena, nose que hacer con mi vida la verdad ni mi familia casi me quiere ya que hay muchos blancos y monos ojos verdes, quisiera ser blanco o almenos un moreno clarito nose que hacer la verdad soy muy moreno y siempre me miran en la calle ya que soy muy moreno y morado nose porque???",Non Support,No,No
29,Y en septiembre llegó el oro para México🇲🇽,Support,Group,Nation
28,Nuestras mujeres Mexicanas siempre dando la cara al deporte Méxicano ❤,Support,Group,Women
2274,Cuántas enfermedades,Non Support,No,No
1088,"Pos mi mamá era homifobica cuando era joven y yo al final le dije que era lesbiana  y ella se habia enojado unos dias conmigo pero despues me acepto como era (ademas que ya tenia novia xd) y en fin por lo menos mi mamá no me echo de la casa :')

Saludos de argentina👋🇦🇷",Non Support,No,No
2535,Menudo quilombo 🙆🏻‍♂️,Non Support,No,No
3065,"Emmm no, es obvio que la ciencia tiene sus límites, pero osea... ¿acaso tu consejo es que lo que la ciencia aún no ha demostrado, busque llenar esos huecos con cualquier especulación ridícula sacada de la teología? JODER TÍO!!!! y ni qué hablar de la cantidad de falacias que dijiste acerca de la historia de la religión y la ciencia pfff yo solo agradezco que la falta de información de éste vídeo no se haga viral.

También morí de risa cuando dijiste ""Religión vs Ciencia"" = ""Arte vs Matemáticas"" JAJAJAAJAJA tío es que en verdad no se puede ser más bestia.",Non Support,No,No
3242,Es una historia de resiliencia que nos une a todos los afrodescendientes en el mundo. Gracias por compartir este precioso y empoderado reportaje.,Support,Group,Black Community
2659,"Si ellos son negros, yo soy la reencarnación de Hermes Trismegisto. 😂😂😂
En mi país ni a mulatos llegan... 🤭",Non Support,No,No
1385,"Yo Vi que a los bisexuales les puede gustar del mismo, y contrario género y también algunos otros :^ ahora estoy confundida",Non Support,No,No
2439,"Exacto loos nobinarios no se identifican
De forma en genero
Pero de forma biologica pueden decir que no
Pero la realidad ciencia y biologia
Dicen lo contrario",Non Support,No,No
947,"0:25 a solo eran dos 

0:29 ¡Ahahaha!














Autosexual",Non Support,No,No
710,A todo eso se le llama falta de identidad,Non Support,No,No
2218,Era tu fan,Non Support,No,No
127,ASI SE HACE.... MIREN Y APRENDAN ATLETAS OLIMPICOS,Support,Group,Other
1181,"Mi trauma con esto ( soy una exagerada pero ahí lo suelto) tengo un niño , solo este , y si al final es homosexual me voy a deprimir un poco , no porque le gusten los chicos , que me da igual mientras sea feliz , si no porque quiero ser abuela algún día , y si bien, en mi país si pueden adoptar las parejas homosexuales , eso depende de que los dos quieran ...y si la pareja que hace feliz a mi hijo no quiere niños? Lo dicho, soy una exagerada porque todavía no tiene edad ni de saber que le gusta ( 9 años) pero ....y si pasa ? Pues nada , aceptar lo que haga feliz a mi niño que es lo importante de verdad ( aunque seguire queriendo ser abuela algún día 🤗)",Non Support,No,No
2927,"Creo que ese trabajo conjunto es más el de ciencia - filosofía.
Cosas como si existe el alma, el propósito de la vida, sí pueden ser respondidas o esclarecidas por la ciencia.
Por ejemplo, gracias a la ciencia podemos saber que no existe un propósito por sí mismo de la raza humana. Es decir, no venimos para algo. Ahora, cada uno puede crearse un propósito, y eso es algo casi estrictamente filosófico.
No es por desestimar a la religión, pero muchas de las preguntas pueden ser esclarecidas más por los métodos de la filosofía que de la religión, aunque la religión sí tiene algo de filosofía, sí suele ser dogmática, mientras la filosofía no suele serlo, y de hecho no lo es, sólo algunas ""doctrinas"" son dogmáticas, pocas (pero muy variadas), lo cual no implica que la filosofía por sí misma sea dogmática. Contrario a la religión, muchas son dogmáticas, pero no implica que la religión por si misma sea dogmática.
En fin, la ciencia sí puede colaborar con la religión, pero la mejor cooperación suele ser ciencia - filosofía, a mi opinión.
Cualquier crítica es bien recibida :-)",Non Support,No,No
2045,"Si no eres binario no eres humano , por qué la raza humana se define por cromosoma X y cromosoma Y, no hay cromosoma Z u otro a nivel genético, solo existen 2 así que o eres uno o eres  otro , si no, no existirías ...no lo digo yo lo dice la ciencia, dejen de inventar bobadas🤤 para conseguir un like y desarrollen un talento o algo  para que le aporten algo a la raza humana .🤬",Non Support,No,No
839,"mis padres son cristianos pero mi   apoyo a la comunidad lesbiana y gay ,pero mi mamá  yo le dije que apoyaba a los lesbianas y a los gays pero mi mamá me dijo yo te apoyo en eso sí eso te a se feliz a mi también y eso me asé muy feliz escuchar🥰😊",Support,Group,LGBTQ
1812,Hoy es el día del hetero 😎,Non Support,No,No
536,"Algo que yo no entiendo,es el porque las personas toman la asexualidad como ser aro/ace, siendo que estas dos orientaciónes son cosas diferentes, porfavor,si son de ese tipo de personas, expliquenmelo",Non Support,Group,LGBTQ
2842,"Es cierto, Dios permite que estudien las maravillas que hace, pero el hombre siempre desea ir más allá, es lo que provoca la confusión y posteriormente el rechazo hacia el Creador, finalmente decir que el Universo funciona solo y no es necesario un dios para que todo funcione, es algo tonto, ya que muchas veces muchos científicos aceptan la existencia de Dios pero no aceptan que haya creado todo, ni que tenga que ver nada con lo que ocurra en el universo, dando a entender que existe en vano, cuando Él es quien se encarga de todo. Ya muchos han perdido la fe, la rechazan y solo aceptan las leyes y teorías creadas por el hombre, el hombre no es perfecto, Dios sí, el hombre comete errores, Dios nunca lo ha hecho. Muchas bendiciones mis hermanos, Dios les bendiga y los proteja mucho.",Support,Group,Religion
1176,Solo existen dos generos..,Non Support,No,No
2857,"la ciencia= teorías basadas en lo comprobable, nosotros somos inteligentes i no depender de lo demás y creencias absurdas, religion= Dios es todo poderoso, preguntarme lo q sea no me importa Dios es todo poderoso",Support,Group,Religion
3050,Este wey exagera mucho sus movimientos... Me gustaría si fuera más natural y no pretendiera tanto...,Non Support,No,No
2437,ya pero pero ahora nombra las que tengan sentido logico,Non Support,No,No
1056,Yo soy no binario y más de una vez e demostrado ser pansexual mi familia no lo sabe ya que ven mal este tipo de cosas 🥹🥺,Non Support,No,No
768,"Mi genero: mujer
Mi orientacion: bisexual y orgullosaÙwÚ",Support,Group,LGBTQ
378,Orgullosa de ser bisexual y pansexual,Non Support,No,No
19,Simplemente es un ejemplo de vida para todas las personas 🎉,Support,Individual,No
1253,"solo hay 2 generos, los demas son puras mmdas",Non Support,No,No
1810,Dios solo creo al hombre y la mujer 😎,Non Support,No,No
559,Eh de decir que solo vi  cuatro orientaciones sexuales posibles bueno da igual no pensaré mucho en eso,Non Support,No,No
2371,"Yo apenas tengo 12 años y creo que soy bisexual pero no estoy del todo segura y espero que si lo soy mis familiares no me jusguen, pero la opinión más importante para mí es la opinión de mis padres la verdad tengo miedo 😥",Non Support,No,No
114,"Indescriptible la perseverancia de estos atletas, gracias por llevar el nombre de México tan alto. Ojalá le dieran misma difusión que con los olímpicos…",Support,Group,Other
383,Yo soy heterosexual,Non Support,No,No
2194,Tik tak no les puso caras por que asta ellos saben que esto en una completa tonteria,Non Support,No,No
2072,"La verdad no entiendo porque si la identidad de genero esta relacionada a un persección individual pues no es necesario relacionarlo como hombre o mujer, seria una persona como todos.",Non Support,No,No
76,FELICIDADES CAMPEONA VIVA MEXICO!,Support,Individual,No
2748,NINGUNA RELIGION TIENE LA VERDAD TODOS SON MENTIROSOOOS,Non Support,No,No
760,Cometi un herror y por eso me castigo viendo esta basura,Non Support,No,No
702,Psiquiatra urgente!!!,Non Support,No,No
2997,"te falto el padre de la genética y monje católico, Gregorio Mendel",Non Support,No,No
2556,"Wow, hicieron un video de las enfermedades mentales.",Non Support,No,No
8,"Grande, grande, grande, felicidades Gloria!! Un nuevo triunfo para una triunfadora enorme!!! Viva México,",Support,Individual,No
2967,"Y porque no formas una religión  más vos? 
",Non Support,No,No
166,🎉🎉🎉mis respetos para esta atleta una gran enseñanza para todos los mexicanos,Support,Individual,No
663,Asexual,Non Support,No,No
3051,A este personaje se le olvida los constantes ataques del cristianismo a la ciencia... quien declaró la guerra???... o se les olvida el caso de galilelo o giordano bruno???... la iglesia siempre ha temido a la ciencia porque esta fue capaz de dar luz en momentos de tinieblas... y finalmente la comparación entre arte y matemáticas es de una bajeza propia de los fanáticos.,Non Support,No,No
2080,Bueno ahora que se que tik tak apoya a la comunidad LGBT me des suscribo :v,Non Support,No,No
1973,Típica compañía/canal grande poniéndose modo LGBT cambiándose el logo y diciendo respetar a esas comunidades pero que en realidad les vale verga mejor me pondré a estudiar para no quedar como ustedes,Non Support,No,No
705,Los pansexuales tienen todas las filias ?,Non Support,No,No
1266,Cada like es menos  esta bandera 🚫🚫🚫🚫🚫🚫🚫🏳️‍🌈🏳️‍🌈 suu,Non Support,No,No
484,"que hermoso es que psych2go hable sobre una sexualidad tan poco conocida como es la ginosexualidad y la androsexualidad, para que puedan ser mas reconocidas y así ayudar a mucha gente a identificarse en el espectro sexual
orgulloso de ser ginosexual 🏳‍🌈🟢🟤🟣",Non Support,No,No
3189,"Mis respetos a esas mujeres policías, son unas mujeres realmente admirables, muchas de ellas madres de familia. Respeto mucho a las mujeres he conocido mujeres admirables, incluso algunas compañeras de estudios, mujeres trabajando y estudiando e incluso madres de familia, pero lo que hicieron estás vandalas es condenable. La violencia genera más violencia. Antes los hombres eran siempre los que hacían desmanes pero el llamado feminismo tal parece qué también promueve la violencia y el libertinaje",Support,Group,Women
2233,Algún día dejarán de existir los normales,Non Support,No,No
1174,"en mis tiempos habia 2 orientaciones, normal y poseido por el diavlooo",Non Support,No,No
2677,"Y los más racistas son la gente mayor, casi todas las experiencias de racismo han venido de gente ya entrada en edad...",Non Support,No,No
10,Viva México,Support,Group,Nation
3195,Qué emocionante!❤ felicidades a las chicas... todas guerreras,Support,Group,Women
401,"Tengo un Serio problema con mi Amor hacia los Reptiles 🦎 e Insecto 🦋

Reptiles porque veo Dzät e Insectos porque me gusta Mothra D:",Non Support,No,No
193,Entes ganaban muchísimas medallas no?,Non Support,No,No
1135,Mi orientación es hetero,Non Support,No,No
1917,Solo hay 2 generos hombre y mujer!,Non Support,No,No
1631,"A mi me costó un tiempo entender q era y como me sentía en ese tema,hace 3 meses y me di cuenta q soy:
Demisexual, pansexual y trans :D",Non Support,No,No
2443,si me dieran 1 dolar por cada genero que realmente exista tendria 2 dolares,Non Support,No,No
1028,Soy bisexual y pues me gustan ambos generos,Non Support,No,No
1754,Les creo pero mi libro de biología no,Non Support,No,No
1282,"Solo se q me gustan las chavas p:/ 
Y respeto los demás géneros",Support,Group,LGBTQ
55,Porque ponen a comentar en Ingles? Y no español? Acaso les aburre?,Non Support,No,No
33,"Eres una chingona, una guerrera, una gran inspiración para todos los mexicanos te amamos.",Support,Individual,No
225,Se me salieron las lagrimas de la emoción de ver a nuestro Angel brillar como se lo merece muchas felicidades!!,Support,Individual,No
2951,"voy salvar muchas neuronas el dia de hoy

Dios Existe       = explica como Dios creo la materia y posteriormentela utilizo para crear todo lo que vemos hoy en día

Dios no Existe = explica como se creo la materia sin un creador


si no tienes la respuesta a eso, deja de debatir, pelear y tantas tonterías en torno a esto y mas bien ponte a hacer algo productivo... acéptenlo esta generación tiene un 99.99....%  de probabilidades de no encontrar la verdadera respuesta asi que esta es de hecho  una batalla perdida, quizás nuestros descendentes de muchas generaciones posteriores puedan encontrar tan anhelada respuesta.",Non Support,No,No
262,Ellos si que son héroes anónimos.,Support,Group,Other
1288,UNA PORQUERIA MAS GRANDE QUE UNA CASA.,Non Support,No,No
546,esto es un top de los 10 trastornos mentales en humanos,Non Support,No,No
77,"A las televisoras solo les importa el fútbol ⚽️, la selección que solo da vergüenza.😮😢",Non Support,No,No
2638,El 3ro no es negro en ñero!,Non Support,No,No
1105,En mis tiempos a eso se le llamaba querer a alguien JAJAJA,Non Support,No,No
1400,"Genteeeee
Solo me faltan 6 años para poder decirles a mis padres que soy genero fluido
Yupiii :)",Non Support,No,No
1522,el de pan sexualk crei que era atraido por pannes.,Non Support,No,No
1298,"😂😂, te imaginas q en los primeros años de la escuela, dividan grupo y les digan....
Niños de este lado, niñas de este lado, niños gay de este lado lesvianas de este lado, niños trans sexual de este lado,niños entero sexual de este lado, no mmen.
No se congn solos porque no pueden o no les gusta como se cogn ustedes mismos",Non Support,No,No
2558,Llamen a Dios no mamen que es esta mi3rd@,Non Support,No,No
549,"Oooo wauuuu... gracias por la informacion 🎉❤❤❤

Me identifico como bisexual, aunque en el proceso pensaba que era asexual y demisexual... pero fue cueatión de ir explorando y conociéndome... aún sigo en ese proceso xd

Mmm y las novedosas fueron las de andro y ginesexualidad 😮... no las había escuchado antes",Non Support,No,No
1647,Soy hetero pero respeto al colectivo LGTB y todas esas personas que no estan actualizadas y homofobas les tienen envidia porque no tienen un grupo que les identifiquen,Support,Group,LGBTQ
1436,Wey me ablaste en chino,Non Support,No,No
1525,Esas banderas no aparecen en el fifa.,Non Support,No,No
2942,"Hola! Soy nuevo en el canal, me gustaría saber que es el proyecto GTG, desde el significado de sus siglas, hasta sus objetivos, de antemano les doy las gracias a todos aquellos que tengan intensión de responderme, y muchas bendiciones también",Non Support,No,No
1051,"Yo en mi humilde e inservible opinion creo que solo existen dos géneros hombre y mujer ya si quieres decir que te gustan los hombres no por eso te aras transexual, no no no me parece bien eso pero es respetable, pero decir que eres mujer pero naciste como hombre ¿? Help.
Cómo dije solo ahí dos géneros solo di que eres gay o lesbiana no te cambies el género y sobre las orientaciones me parece que no vamos muy bien pero que se puede dar además muchas orientaciones son reales, me dijieronquecuando piensas en la que te gusta tu corazón se ponía loco y cuando la veías te daba un infarto pero no me identificaba pero wentia la necesidad de tener una crush o alguien que me gustará 
Después de 4años aprendí que era arromantico y o asexual.
Espero no haber ofendido a nadie pero ya todo ofende haci que perdón y que hallan pensado y reflexiona el que:....SOLO AHÍ DOS TONTOS GÉNEROS, HOMBRE Y MUJER",Non Support,No,No
2102,A mi me encantaba este canal veía absolutente todo el contenido pero con esto de la foto de este canal y este vídeo me desuscribi y no quiero saber más me fallaron yo soy homofóbico me fallaron tik tak draw,Non Support,No,No
210,"sin demeritar el triunfo de la atleta de Singapur, para mi esto es algo injusto la mexicana toca con la cabeza y la de Singapur con las manos, obvio no están al parejo ya que la mexicana no tiene la misma movilidad con los brazos, deberían de hacer que toquen con la cabeza",Support,Individual,No
1366,te van a funar we,Non Support,No,No
2237,"Buenas , aprovechando la temática del vídeo quería saber si me pueden ayudar con algo Xd. Podrían construir frases para referirse a mi en masculino ? Con el nombre de mi cuenta está bien. Simplemente quiero poder tener más claridad sobre cómo me siento acerca de mi mismo. Agradecería mucho la ayuda ya que nadie de mi entorno me toma en serio .",Non Support,No,No
376,"Ay no ._.

Yo me considero in multimillonario con 4 casa 30 carros 3 tarjetas de credito negras 2 aviones un yate y un msyordomo",Non Support,No,No
2381,Quiero que agan otros creppy pastas de Jeff the killer,Non Support,No,No
1589,"XD ahora que veo este video me entero que soy de genero fluido, y Bisexual, se puede ser 2 al mismo tempo??",Non Support,No,No
2517,Soy un tsnque tiger alemán,Non Support,No,No
1162,"Soy bisexual, y me identifico como mujer, sindi mujer XD. Tal vez tengo un poco más de inclinación por las chicas jeje. 
Gracias por tu contenido ❤️🌈",Non Support,No,No
743,yo creo que soy demisexual pero no se si es valido asiq mejor no lo uso no se si soy asexual o no por eso mismo ya que no me gusta que la gente me haga chistes sexuales o referencias a eso pero si eres mi pareja no me incomoda,Non Support,No,No
1257,literal mente no se no soy ninguno .-.,Non Support,No,No
2502,Yo soy 🍞 👻☠️🗿🍷,Non Support,No,No
825,soy orgullosamente g,Support,Group,LGBTQ
723,Ser transgenero no es orientacion sexual,Non Support,No,No
548,para empezar yo soy mujer y me siento muy atraída al sexo masculino  pero    creo q es normal  no se si considerarme una hetero sexual para mi soy  androsexualidad pues no me a atraido el sexo femenino  y también  es una forma de decir q si veo porno grafia mas me exita  si fuera hombre JAJAJJA si es mujer me da asco o miedo  ni idea pero detesto ver a una mujer teniendo sexo me da cosa  pero creo q todos tenemos gustos diferentes  por cierto por si las dudas tal vez sea miedo porque nunca me atrevi a tocarme,Non Support,No,No
887,Yo siendo Aroace viendo como reacciona a Aromantico: 😀🔫,Non Support,No,No
16,Bendiciones abundantes  Gloria por tu gran logro. Felicidades Medalla de Oro bien merecidas.❤,Support,Individual,No
269,"Un abrazo fuerte a todos los atletas paralímpicos, estamos orgullosos de ellos..🇲🇽🇲🇽🇲🇽🇲🇽🇲🇽🇲🇽 viva México 🇲🇽🇲🇽🇲🇽🇲🇽🇲🇽🇲🇽🇲🇽",Support,Group,Other
414,"Ooooh gracias graciad ,gracias !!!!
❤❤❤❤❤
:""""D",Support,Group,LGBTQ
554,Lesbianismo entre mujeres larga vida homosexuales 💪🏳️‍🌈👅,Support,Group,LGBTQ
3140,Fe VS RAZÓN.,Non Support,No,No
2918,la ciencia es mejor,Support,Group,Other
545,orgulloso de ser heterosexual y no padecer ninguna de esas enfermedades mentales,Non Support,No,No
2345,Y los tontos? Dónde los metemos?,Non Support,No,No
1082,Banda soy antrosexual y solo me quede con más duda XD (esta bn tu video el problema soy yo :^),Non Support,No,No
3032,"Los ateos no peleamos contra los creyentes, simplemente no aceptamos sus discursos, no vamos convenciendo a nadie de que deje su fé, después de todo es lo que es, simplemente tenemos el intelecto para decir: ¡basta! no quiero engañarme a mi mismo, y nos vamos a las evidencias que nos da una transparente realidad. Desdé mi humilde punto de vista todo lo que dice la biblia, e historias que se han ido desmintiendo carecen de lógica, por lo tanto no es que nos metamos con dios, es que simplemente no aceptamos esa ideologia en la sociedad que no hace más que atrazarnos y perdamos tiempo en ves de hacer algo por esta sociedad.",Non Support,No,No
2156,🌈🌈🌈🌈🌈🌈🌈🌈🌈🌈🌈🌈🌈🌈🌈🌈🌈🌈🌈🌈🌈🌈🌈🌈🌈🌈🌈🌈🌈🌈🌈🌈🌈🌈🌈🌈🌈🌈🌈🌈🌈🌈🌈🌈🌈🌈🌈🌈🌈🌈🌈🌈🌈🌈🌈🌈🌈🌈🌈🌈🌈🌈🌈🌈🌈,Support,Group,LGBTQ
172,MUCHÍSIMAS FELICIDADES 👏👏👏 ERES COMPETITIVA HAIDE WOW 🤩 estuvo cardíaco y emocionante el momento 👍👍❤️‼️,Support,Individual,No
1778,Arriva los hereros 😎😎,Non Support,No,No
2836,"muy bueno!
la palabra exacta que puede definir al naturalismo es ""religion""
Dios es relacion y la ciencia es la confirmacion de que Dios es Verdad. mil gracias bendiciones :)
",Support,Group,Religion
1477,Hay 171 géneros XD,Non Support,No,No
3048,Tienes la razón es unas cosas y en otras no pero la creencia en dios encaja con la ciencia pues hay alguien que modifique todo aún que no creo que sea uno solo si no un grupo de seres que conforman aún dios por qué uno solo no puede pues abría errores entonces dios no es dios si no son dioses con el objetivo de dejar su legado que son los seres vivos,Support,Group,Religion
115,"Cuando el gobierno es de izquierda, la gente dice que deberían apoyar a los atletas con plata del país, pero cuando es un país de derecha dicen, los atletas deben buscarse los medios y no depender del gobierno 😂 😂 😂 😂 😂",Non Support,No,No
555,Hola con todo respeto cuando yo era adolescente fuí activo por dos años con un hombre mallor que yo años adelante un amigo me penetró y me gustó mucho es por ello que me defino bisexual,Non Support,Group,LGBTQ
1356,No mams ni que fuéramos pokemones,Non Support,No,No
1445,"Soy Pansexual y Genero Fluido , mayormente soy un chico pero pocas veces por mi pelo soy una chica",Non Support,No,No
1291,SOY HETERO😄😄,Non Support,No,No
1814,Es una estupidez,Non Support,No,No
2575,"Oh por dios, esta mierda está haciendo que el gobierno nos robe mientras peleamos con la cajera del mercadona porque no me dijo Ella/Elle. Tened un poco de sentido crítico",Non Support,No,No
1686,Hoy es uno me mis mejores días>;3💕✨,Non Support,No,No
890,"Soy hetero, Cristiana pero respeto, no creo que a Dios realmente le moleste los LGBT, Dios nos ama, además que tiene de malo, Dios nunca dijo nada de la homosexualidad, lo dijeron los que eso era malo era la Iglesia, yo creo en la Iglesia pero muchas veces a decepcionado",Support,Group,Religion
1611,Creo q soy genero fluido- no c q onda me pasa q un dia me siento mujer... Otro dia hombreeee.....y varia y no c q pedo,Non Support,No,No
1900,Ni las aguas del chavo estaban tan revueltas,Non Support,No,No
838,Yo soy gay y la verdad No se lo he contado a mis padres por qué ellos no les agrandan la comunidad LGBT,Non Support,No,No
1508,cual la bandera que aparece en el minuto 2:22,Non Support,No,No
2619,Aquí los únicos que fomentáis el racismo sois vosotros subiendo esta vergüenza,Non Support,No,No
1226,Soy transexual  pansexual y bisexual no me distingo muy bien en esto 😁,Non Support,No,No
2956,"Para la ciencia hay hipotesis que hay que poner a prueba, para la religión hay misterios , todo es un misterio...🤔",Non Support,No,No
1336,"Joder lo que hacen los jóvenes para llamar la atención
Psdt: es buen video pero tanto género da por culo",Non Support,No,No
18,"Qué orgullo!! Gracias Gloria por elevar nuestros corazones escuchando nuestro himno en los paraolímpicos!!! Me encantó ver en la prueba, como decías, “Vamos, vamos” y  así somos los mexicanos!!! Vamos México!!! Gracias y honramos tu existencia por tan grande alegría!!! Felicidades infinitas!! 🌷🌟🙏🏼❤️🌟🌟🌟🌟",Support,Individual,No
1640,"😿
26/3/23",Non Support,No,No
1219,Que Raro En mis Tiempos Habian 2 Generos,Non Support,No,No
282,"Hasta la selección femenil sub-20 (las chicas de 20, 19, 18 y algunas de 17 años) juegan mejor que la selección varonil mayor.",Support,Group,Women
2214,Casos de esquizofrenia be like:,Non Support,No,No
2608,También vi una película donde un hombre blanco se hizo cirujía para ser negro y le dijo a su esposo que ahora el ocuparía su lugar y el se hizo cirujía para ser blanco . Que romantico,Non Support,No,No
1701,ptm tik tak draw se volvio gay 😔🤙,Non Support,No,No
1274,Que son esas mamadas es una pendejada en mis tiempos el que era hay se cayo de chiquito,Non Support,No,No
502,Oh la segunda bandera es tremenda referencia a BTS 👍🏻,Non Support,No,No
3027,"Yo creo que te equivocas en un par de cosas, creo que el primer error fatal es creer que la ciencia está hecha para responder preguntas filosóficas, esto no es así debido a que estás son subjetivas y la ciencia es meramente objetiva. La ciencia no tiene una respuesta sobre qué haces aquí o si tienes un propósito porque no es si deber, ese es deber de la filosofía. Y no, la ciencia no está peleada con la religión de hecho es al contrario, en la historia es la iglesia la que ha  hecho guerra contra los científicos cuando éstos no hayaban ninguna discrepancia entre su fe y la ciencia, prueba de ello es Galileo, Copérnico e incluso Giordano Bruno que no era científico. Otra de las cosas que si debo aclarar es que la religión si tiene conflicto actual con la ciencia, ya que es un dogma y es algo contra lo que se lucha por desaparecer. Los dogmas no dejan que avance la sociedad, de hecho lo retroceden en cambio encuentro creer en un ""dios"" bastante favorable a la conducta humana. Lo que quiero decir es que espiritualidad no es lo mismo que religión.
Religión como institución= mal
Espiritualidad personal= bien 
Otro punto es que yo no le veo nada de malo el no tener un propósito, de hecho lo encuentro ventajoso ya que si tienes un propósito lo tienes que aceptar te guste o no, ejemplo: el propósito de un engrane es dar función a una máquina no importa si esa máquina es un arma o un aparato de medicina y ese es su único propósito, tan simple como eso. En cambio cuando no se tiene un propósito específico como una vara larga tirada en el camino se le pueden dar varias utilidades y tú escoges cual. Y por último solo digo que la religión es uno de los pensamientos más egocéntricos y narcisistas que hay, a diferencia de la espiritualidad o la ciencia que te deja saber tu poca relevancia y maravillarse con eso",Non Support,No,No
390,Se considera Asexual a una persona que no le gusta relacionarse con otro porque prefiere la masturbación?,Non Support,No,No
157,"Aúnque no haya sido la medalla de  Oro , 
Para mí Ya la has ganado 🥇 
Eres Un gran Orgullo Mexicano  🇲🇽
Al igual para  todos los competidores de estos paralímpicos 
Son admirables ❤❤️‍🔥",Support,Group,Other
411,No se yo soy arromantico,Non Support,Group,LGBTQ
1244,Para mi sapio sexual era cuando no te gustaba un imbécil xd,Non Support,No,No
2979,"advertencia: a continuación patrañas insulsas, basadas en una opinión sin caracter racional que se encubren como una verdad utilizando argumentos fácilmente refutables y que abogan por la rembonbosidad  y caracter de las palabras en lugar de tener información sustentable sin el uso de falacias. En resumen esto es una joda.",Non Support,No,No
503,Alguien me puede recordar en quq lugar de Bloodborne sale el Pansexual o era en el Monster Hunter?,Non Support,No,No
739,Orgulloso de ser HETERO,Non Support,No,No
1032,Falta el género girasol 😡,Non Support,No,No
2586,Me siento identificado como un Toyota Supra 😎👍,Non Support,No,No
1188,"Asies, soy helicóptero apache sexual",Non Support,No,No
877,Solo hay 2 generos y listo.,Non Support,No,No
227,Bravo por los mexicanos 🇲🇽💪🏻💪🏻💪🏻,Support,Group,Other
3244,No agá caso de jente estupida usted sientase horgullosa de sus raises mi esposa es de Saltillo pero sino me uviera casado con ella me ubiera casado una de su color me gustan mucho las de su  rasa felicidades Señora arriba la Rasa Negra de Mexico 🇲🇽 🇲🇽🇲🇽👍👍👍😇😇😇😇😂😂😂,Support,Group,Black Community
2844,"Jhon, creo que tu idea de la relación entre ciencia, religión, poder político es muy parecido al mío. La única diferencia es que la religión si ha sido un poder político, o bien un aliado cercano. Y lo es ahora en algunos países islámicos, y hasta en Estados Unidos con la presión de los Republicanos, etc.  En cuanto a cuál debería ser el propósito de la religión y de la ciencia, creo yo que están bien definidos por su naturaleza. Y ahí es donde yo escojo la ciencia como conocimiento racional.",Support,Group,Other
2385,"Una duda, si soy mujer y mayormente me siento como mujer y me identifico con esos pronombres pero muy pocas veces me refiero a mí en masculino, qué significa?",Non Support,No,No
211,La otra ganó x q tenía manos en cambio la mexicana no pero excelente participación,Support,Individual,No
466,"Que terrible, quería tener conocimiento de cuantos tipos de trans habían, he quedado asombrada, Dios creo hombre y mujer el único género, pero los entiendo solo Jesús cambia el corazón y la mente",Non Support,No,No
24,"Felicidades Gloria, eres grande!!! Gracias a ti, al fin, en París se escuchó nuestro himno nacional 🫶 
Te queremos Gloria!!! ❤",Support,Individual,No
3083,"Desacuerdo en que los conflictos ciencia-religión son recientes, la religión oprimió a los científicos durante más de mil años :), trayendo consigo un atraso enorme a la humanidad, además sea quien sea que estudie la teología, no goza de prueba tangible de la existencia de un Dios, a lo que muchos le llaman milagro, los estudiosos le llaman cuestión estadística :)",Non Support,No,No
2198,"wth con la gente que dice ""soy genero no binario"" yo les digo ""y yo un carro"" xd",Non Support,No,No
17,"❤❤😭mi himno nacional sonando, gracias Gloria por hacernos llorar de emoción.",Support,Individual,No
2377,"El género es una palabra que se le pegó a varios de tanto que la repitieron, pero no es algo real.",Non Support,No,No
1791,No tiktakdraw te gano la homosexualidad,Non Support,No,No
1151,Solo vine a ver este video para que no me demanden porque no adivine su género trans no binario jenero fluido,Non Support,No,No
2781,"Ninguna religión es verdadera,x q basan sus enseñanzas en la biblia, y la biblia es una manipulación del papado o sea es católica,.",Non Support,No,No
319,hiiijoles 2 chanflazos o chicharazos pero al final de cuentas cuentan .,Non Support,No,No
380,"*Excelente video. Combatiendo la ignorancia,  el bullying, la discriminación y la violencia.*",Support,Individual,No
438,¡¡¡ DEJEN DE INVENTAR !!!,Non Support,No,No
1870,hay 2 sexos y ya no se discute más,Non Support,No,No
2519,"En mi caso naciujer pero desde siempre jugue solo a juego de varones hoy soy una persona grande y desde siempre llevo mi femenina pero tambien mi Carlitos dentro de mi que me a salvado hasta de que me maten o sea soy una mujer pero tengo un varon que fluye cuando debe dentro mio 
Sin embargo mi rol fue de myjer pero el carlitos siempre estuvo conmigo.
O sea soy nena y soy varon desde niña 
Pregunta entonces que soy",Non Support,No,No
3165,Dios no existe.   ojala el mundo se volviera ateo,Non Support,No,No
1882,Soy hetero   pero esido traicionado por tíktak Dralw,Non Support,No,No
